record_id,dataset_id,sku,location,date,demand,promotion,stockout,ingested_at,validation_status,provenance
a2d915a8d152673bdfe802c5,sample-v1,SKU-0001,CHI,2025-01-06,11.0,False,False,2025-07-21T00:00:00+00:00,valid,"{""expected_uncensored"": 12.0, ""family"": ""regular"", ""generator"": ""synthetic-1.0"", ""seed"": 42, ""shock_multiplier"": 1.0}"
6a9d3609d1ebc5ba7bb52eed,sample-v1,SKU-0001,CHI,2025-01-07,8.0,False,False,2025-07-21T00:00:00+00:00,valid,"{""expected_uncensored"": 13.1258, ""family"": ""regular"", ""generator"": ""synthetic-1.0"", ""seed"": 42, ""shock_multiplier"": 1.0}"
fbb1ee5cf02822e053a30336,sample-v1,SKU-0001,CHI,2025-01-08,20.0,False,False,2025-07-21T00:00:00+00:00,valid,"{""expected_uncensored"": 13.4039, ""family"": ""regular"", ""generator"": ""synthetic-1.0"", ""seed"": 42, ""shock_multiplier"": 1.0}"
bda7c940fd27c7897cdb9832,sample-v1,SKU-0001,CHI,2025-01-09,12.0,False,False,2025-07-21T00:00:00+00:00,valid,"{""expected_uncensored"": 12.6248, ""family"": ""regular"", ""generator"": ""synthetic-1.0"", ""seed"": 42, ""shock_multiplier"": 1.0}"
4372d728466238e9aedc3334,sample-v1,SKU-0001,CHI,2025-01-10,13.0,False,False,2025-07-21T00:00:00+00:00,valid,"{""expected_uncensored"": 11.3752, ""family"": ""regular"", ""generator"": ""synthetic-1.0"", ""seed"": 42, ""shock_multiplier"": 1.0}"
99d0dd11884b8cb0beed34ae,sample-v1,SKU-0001,CHI,2025-01-11,14.0,False,False,2025-07-21T00:00:00+00:00,valid,"{""expected_uncensored"": 10.5961, ""family"": ""regular"", ""generator"": ""synthetic-1.0"", ""seed"": 42, ""shock_multiplier"": 1.0}"
9f13769c55f21867606773ce,sample-v1,SKU-0001,CHI,2025-01-12,3.0,False,False,2025-07-21T00:00:00+00:00,valid,"{""expected_uncensored"": 10.8742, ""family"": ""regular"", ""generator"": ""synthetic-1.0"", ""seed"": 42, ""shock_multiplier"": 1.0}"
6844238d760f07623a256b04,sample-v1,SKU-0001,CHI,2025-01-13,17.0,True,False,2025-07-21T00:00:00+00:00,valid,"{""expected_uncensored"": 19.8, ""family"": ""regular"", ""generator"": ""synthetic-1.0"", ""seed"": 42, ""shock_multiplier"": 1.0}"
85df03128bccf8037590d224,sample-v1,SKU-0001,CHI,2025-01-14,17.0,True,False,2025-07-21T00:00:00+00:00,valid,"{""expected_uncensored"": 21.6576, ""family"": ""regular"", ""generator"": ""synthetic-1.0"", ""seed"": 42, ""shock_multiplier"": 1.0}"
e8d7ddd83bf3fee62237663a,sample-v1,SKU-0001,CHI,2025-01-15,18.0,True,False,2025-07-21T00:00:00+00:00,valid,"{""expected_uncensored"": 22.1164, ""family"": ""regular"", ""generator"": ""synthetic-1.0"", ""seed"": 42, ""shock_multiplier"": 1.0}"
2345f48cc0b0116cd18a3b12,sample-v1,SKU-0001,CHI,2025-01-16,26.0,True,False,2025-07-21T00:00:00+00:00,valid,"{""expected_uncensored"": 20.8309, ""family"": ""regular"", ""generator"": ""synthetic-1.0"", ""seed"": 42, ""shock_multiplier"": 1.0}"
712eaa246675e282b6d1a5b9,sample-v1,SKU-0001,CHI,2025-01-17,17.0,True,False,2025-07-21T00:00:00+00:00,valid,"{""expected_uncensored"": 18.7691, ""family"": ""regular"", ""generator"": ""synthetic-1.0"", ""seed"": 42, ""shock_multiplier"": 1.0}"
181541d01328f241abf261ae,sample-v1,SKU-0001,CHI,2025-01-18,12.0,True,False,2025-07-21T00:00:00+00:00,valid,"{""expected_uncensored"": 17.4836, ""family"": ""regular"", ""generator"": ""synthetic-1.0"", ""seed"": 42, ""shock_multiplier"": 1.0}"
06657e7a79a839fc6804d58e,sample-v1,SKU-0001,CHI,2025-01-19,22.0,True,False,2025-07-21T00:00:00+00:00,valid,"{""expected_uncensored"": 17.9424, ""family"": ""regular"", ""generator"": ""synthetic-1.0"", ""seed"": 42, ""shock_multiplier"": 1.0}"
6dd9c47e072f73a0bd49f19e,sample-v1,SKU-0001,CHI,2025-01-20,15.0,False,False,2025-07-21T00:00:00+00:00,valid,"{""expected_uncensored"": 12.0, ""family"": ""regular"", ""generator"": ""synthetic-1.0"", ""seed"": 42, ""shock_multiplier"": 1.0}"
2b2a77e3edac2bb99a9e8e28,sample-v1,SKU-0001,CHI,2025-01-21,8.0,False,False,2025-07-21T00:00:00+00:00,valid,"{""expected_uncensored"": 13.1258, ""family"": ""regular"", ""generator"": ""synthetic-1.0"", ""seed"": 42, ""shock_multiplier"": 1.0}"
40b9734213afb924c496ac6c,sample-v1,SKU-0001,CHI,2025-01-22,13.0,False,False,2025-07-21T00:00:00+00:00,valid,"{""expected_uncensored"": 13.4039, ""family"": ""regular"", ""generator"": ""synthetic-1.0"", ""seed"": 42, ""shock_multiplier"": 1.0}"
9d3a47c1cff64744f0f35b20,sample-v1,SKU-0001,CHI,2025-01-23,14.0,False,False,2025-07-21T00:00:00+00:00,valid,"{""expected_uncensored"": 12.6248, ""family"": ""regular"", ""generator"": ""synthetic-1.0"", ""seed"": 42, ""shock_multiplier"": 1.0}"
084c64fc8763ce95793c6294,sample-v1,SKU-0001,CHI,2025-01-24,9.0,False,False,2025-07-21T00:00:00+00:00,valid,"{""expected_uncensored"": 11.3752, ""family"": ""regular"", ""generator"": ""synthetic-1.0"", ""seed"": 42, ""shock_multiplier"": 1.0}"
873d211155ba68b820f8fef7,sample-v1,SKU-0001,CHI,2025-01-25,7.0,False,False,2025-07-21T00:00:00+00:00,valid,"{""expected_uncensored"": 10.5961, ""family"": ""regular"", ""generator"": ""synthetic-1.0"", ""seed"": 42, ""shock_multiplier"": 1.0}"
9213f0fa52e5c759a7e61493,sample-v1,SKU-0001,CHI,2025-01-26,8.0,False,False,2025-07-21T00:00:00+00:00,valid,"{""expected_uncensored"": 10.8742, ""family"": ""regular"", ""generator"": ""synthetic-1.0"", ""seed"": 42, ""shock_multiplier"": 1.0}"
07f6984dc5f739f86a546b47,sample-v1,SKU-0001,CHI,2025-01-27,10.0,False,False,2025-07-21T00:00:00+00:00,valid,"{""expected_uncensored"": 12.0, ""family"": ""regular"", ""generator"": ""synthetic-1.0"", ""seed"": 42, ""shock_multiplier"": 1.0}"
cf7d656460a0c829c7f98d89,sample-v1,SKU-0001,CHI,2025-01-28,16.0,False,False,2025-07-21T00:00:00+00:00,valid,"{""expected_uncensored"": 13.1258, ""family"": ""regular"", ""generator"": ""synthetic-1.0"", ""seed"": 42, ""shock_multiplier"": 1.0}"
c810f52c76dc4adab315352a,sample-v1,SKU-0001,CHI,2025-01-29,17.0,False,False,2025-07-21T00:00:00+00:00,valid,"{""expected_uncensored"": 13.4039, ""family"": ""regular"", ""generator"": ""synthetic-1.0"", ""seed"": 42, ""shock_multiplier"": 1.0}"
8ec5563f204da7fbe18c81a2,sample-v1,SKU-0001,CHI,2025-01-30,7.0,False,False,2025-07-21T00:00:00+00:00,valid,"{""expected_uncensored"": 12.6248, ""family"": ""regular"", ""generator"": ""synthetic-1.0"", ""seed"": 42, ""shock_multiplier"": 1.0}"
ce7589093083894015846c7f,sample-v1,SKU-0001,CHI,2025-01-31,7.0,False,False,2025-07-21T00:00:00+00:00,valid,"{""expected_uncensored"": 11.3752, ""family"": ""regular"", ""generator"": ""synthetic-1.0"", ""seed"": 42, ""shock_multiplier"": 1.0}"
db23f67018cd200dab4ea307,sample-v1,SKU-0001,CHI,2025-02-01,13.0,False,False,2025-07-21T00:00:00+00:00,valid,"{""expected_uncensored"": 10.5961, ""family"": ""regular"", ""generator"": ""synthetic-1.0"", ""seed"": 42, ""shock_multiplier"": 1.0}"
b45de18688d36cdd88b31cc2,sample-v1,SKU-0001,CHI,2025-02-02,9.0,False,False,2025-07-21T00:00:00+00:00,valid,"{""expected_uncensored"": 10.8742, ""family"": ""regular"", ""generator"": ""synthetic-1.0"", ""seed"": 42, ""shock_multiplier"": 1.0}"
2b34184f9a8a7ca5d11624cc,sample-v1,SKU-0001,CHI,2025-02-03,6.0,False,False,2025-07-21T00:00:00+00:00,valid,"{""expected_uncensored"": 12.0, ""family"": ""regular"", ""generator"": ""synthetic-1.0"", ""seed"": 42, ""shock_multiplier"": 1.0}"
177d11f7aa3d320ee9959655,sample-v1,SKU-0001,CHI,2025-02-04,19.0,False,False,2025-07-21T00:00:00+00:00,valid,"{""expected_uncensored"": 13.1258, ""family"": ""regular"", ""generator"": ""synthetic-1.0"", ""seed"": 42, ""shock_multiplier"": 1.0}"
81578fc3f04d1b511f75ab6b,sample-v1,SKU-0001,CHI,2025-02-05,16.0,False,False,2025-07-21T00:00:00+00:00,valid,"{""expected_uncensored"": 13.4039, ""family"": ""regular"", ""generator"": ""synthetic-1.0"", ""seed"": 42, ""shock_multiplier"": 1.0}"
a5527d1dd8355be975bdf621,sample-v1,SKU-0001,CHI,2025-02-06,12.0,False,False,2025-07-21T00:00:00+00:00,valid,"{""expected_uncensored"": 12.6248, ""family"": ""regular"", ""generator"": ""synthetic-1.0"", ""seed"": 42, ""shock_multiplier"": 1.0}"
2a502533f353c3f647dcbb5c,sample-v1,SKU-0001,CHI,2025-02-07,12.0,False,False,2025-07-21T00:00:00+00:00,valid,"{""expected_uncensored"": 11.3752, ""family"": ""regular"", ""generator"": ""synthetic-1.0"", ""seed"": 42, ""shock_multiplier"": 1.0}"
a47f62d2ddc0d60e70381619,sample-v1,SKU-0001,CHI,2025-02-08,13.0,False,False,2025-07-21T00:00:00+00:00,valid,"{""expected_uncensored"": 10.5961, ""family"": ""regular"", ""generator"": ""synthetic-1.0"", ""seed"": 42, ""shock_multiplier"": 1.0}"
6e41969a094b82cad638d8f7,sample-v1,SKU-0001,CHI,2025-02-09,12.0,False,False,2025-07-21T00:00:00+00:00,valid,"{""expected_uncensored"": 10.8742, ""family"": ""regular"", ""generator"": ""synthetic-1.0"", ""seed"": 42, ""shock_multiplier"": 1.0}"
a9cba1e8774fce2cf4712cf1,sample-v1,SKU-0001,CHI,2025-02-10,6.0,False,False,2025-07-21T00:00:00+00:00,valid,"{""expected_uncensored"": 12.0, ""family"": ""regular"", ""generator"": ""synthetic-1.0"", ""seed"": 42, ""shock_multiplier"": 1.0}"
f4f8e658431ab82d1681c932,sample-v1,SKU-0001,CHI,2025-02-11,13.0,False,False,2025-07-21T00:00:00+00:00,valid,"{""expected_uncensored"": 13.1258, ""family"": ""regular"", ""generator"": ""synthetic-1.0"", ""seed"": 42, ""shock_multiplier"": 1.0}"
bb67bab2f0eff710bce407de,sample-v1,SKU-0001,CHI,2025-02-12,8.0,False,False,2025-07-21T00:00:00+00:00,valid,"{""expected_uncensored"": 13.4039, ""family"": ""regular"", ""generator"": ""synthetic-1.0"", ""seed"": 42, ""shock_multiplier"": 1.0}"
276897ee65a92478bf0adbb0,sample-v1,SKU-0001,CHI,2025-02-13,19.0,False,False,2025-07-21T00:00:00+00:00,valid,"{""expected_uncensored"": 12.6248, ""family"": ""regular"", ""generator"": ""synthetic-1.0"", ""seed"": 42, ""shock_multiplier"": 1.0}"
d29badcfce6aa4de543c5d62,sample-v1,SKU-0001,CHI,2025-02-14,12.0,False,False,2025-07-21T00:00:00+00:00,valid,"{""expected_uncensored"": 11.3752, ""family"": ""regular"", ""generator"": ""synthetic-1.0"", ""seed"": 42, ""shock_multiplier"": 1.0}"
e3856475b82922fa1a6c53b8,sample-v1,SKU-0001,CHI,2025-02-15,10.0,False,False,2025-07-21T00:00:00+00:00,valid,"{""expected_uncensored"": 10.5961, ""family"": ""regular"", ""generator"": ""synthetic-1.0"", ""seed"": 42, ""shock_multiplier"": 1.0}"
6d8f8b3ce6ab598fa3468203,sample-v1,SKU-0001,CHI,2025-02-16,11.0,False,False,2025-07-21T00:00:00+00:00,valid,"{""expected_uncensored"": 10.8742, ""family"": ""regular"", ""generator"": ""synthetic-1.0"", ""seed"": 42, ""shock_multiplier"": 1.0}"
e104a9b995b073b1cc74b3a6,sample-v1,SKU-0001,CHI,2025-02-17,13.0,False,False,2025-07-21T00:00:00+00:00,valid,"{""expected_uncensored"": 12.0, ""family"": ""regular"", ""generator"": ""synthetic-1.0"", ""seed"": 42, ""shock_multiplier"": 1.0}"
973a2ba1b1e7727d3e6c5610,sample-v1,SKU-0001,CHI,2025-02-18,11.0,False,False,2025-07-21T00:00:00+00:00,valid,"{""expected_uncensored"": 13.1258, ""family"": ""regular"", ""generator"": ""synthetic-1.0"", ""seed"": 42, ""shock_multiplier"": 1.0}"
6380583cea251428ff0ee1a3,sample-v1,SKU-0001,CHI,2025-02-19,19.0,False,False,2025-07-21T00:00:00+00:00,valid,"{""expected_uncensored"": 13.4039, ""family"": ""regular"", ""generator"": ""synthetic-1.0"", ""seed"": 42, ""shock_multiplier"": 1.0}"
54152077eea7b0b13377c675,sample-v1,SKU-0001,CHI,2025-02-20,10.0,False,False,2025-07-21T00:00:00+00:00,valid,"{""expected_uncensored"": 12.6248, ""family"": ""regular"", ""generator"": ""synthetic-1.0"", ""seed"": 42, ""shock_multiplier"": 1.0}"
13844e5bf1c82e7a852fd6fa,sample-v1,SKU-0001,CHI,2025-02-21,14.0,False,False,2025-07-21T00:00:00+00:00,valid,"{""expected_uncensored"": 11.3752, ""family"": ""regular"", ""generator"": ""synthetic-1.0"", ""seed"": 42, ""shock_multiplier"": 1.0}"
e353d11ae88d7b1eceef296a,sample-v1,SKU-0001,CHI,2025-02-22,8.0,False,False,2025-07-21T00:00:00+00:00,valid,"{""expected_uncensored"": 10.5961, ""family"": ""regular"", ""generator"": ""synthetic-1.0"", ""seed"": 42, ""shock_multiplier"": 1.0}"
3f788dc6c498a93de8fc2051,sample-v1,SKU-0001,CHI,2025-02-23,9.0,False,False,2025-07-21T00:00:00+00:00,valid,"{""expected_uncensored"": 10.8742, ""family"": ""regular"", ""generator"": ""synthetic-1.0"", ""seed"": 42, ""shock_multiplier"": 1.0}"
ac87443a526f8c29a677485b,sample-v1,SKU-0001,CHI,2025-02-24,10.0,False,False,2025-07-21T00:00:00+00:00,valid,"{""expected_uncensored"": 12.0, ""family"": ""regular"", ""generator"": ""synthetic-1.0"", ""seed"": 42, ""shock_multiplier"": 1.0}"
6772bc705703936d2e3934b8,sample-v1,SKU-0001,CHI,2025-02-25,20.0,False,False,2025-07-21T00:00:00+00:00,valid,"{""expected_uncensored"": 13.1258, ""family"": ""regular"", ""generator"": ""synthetic-1.0"", ""seed"": 42, ""shock_multiplier"": 1.0}"
fd94a3bab38059a98b8800e2,sample-v1,SKU-0001,CHI,2025-02-26,14.0,False,False,2025-07-21T00:00:00+00:00,valid,"{""expected_uncensored"": 13.4039, ""family"": ""regular"", ""generator"": ""synthetic-1.0"", ""seed"": 42, ""shock_multiplier"": 1.0}"
327d78da4b3379c180be2a6d,sample-v1,SKU-0001,CHI,2025-02-27,14.0,False,False,2025-07-21T00:00:00+00:00,valid,"{""expected_uncensored"": 12.6248, ""family"": ""regular"", ""generator"": ""synthetic-1.0"", ""seed"": 42, ""shock_multiplier"": 1.0}"
f7ab4df08d99a74d3d825432,sample-v1,SKU-0001,CHI,2025-02-28,14.0,False,False,2025-07-21T00:00:00+00:00,valid,"{""expected_uncensored"": 11.3752, ""family"": ""regular"", ""generator"": ""synthetic-1.0"", ""seed"": 42, ""shock_multiplier"": 1.0}"
af8d2f10e280c42796846da1,sample-v1,SKU-0001,CHI,2025-03-01,8.0,False,False,2025-07-21T00:00:00+00:00,valid,"{""expected_uncensored"": 10.5961, ""family"": ""regular"", ""generator"": ""synthetic-1.0"", ""seed"": 42, ""shock_multiplier"": 1.0}"
69b77d100872d6ae86c3cc04,sample-v1,SKU-0001,CHI,2025-03-02,7.0,False,False,2025-07-21T00:00:00+00:00,valid,"{""expected_uncensored"": 10.8742, ""family"": ""regular"", ""generator"": ""synthetic-1.0"", ""seed"": 42, ""shock_multiplier"": 1.0}"
48f85a0bdd6986a94e0b6761,sample-v1,SKU-0001,CHI,2025-03-03,17.0,False,False,2025-07-21T00:00:00+00:00,valid,"{""expected_uncensored"": 12.0, ""family"": ""regular"", ""generator"": ""synthetic-1.0"", ""seed"": 42, ""shock_multiplier"": 1.0}"
953a85c495568759ed89db5c,sample-v1,SKU-0001,CHI,2025-03-04,13.0,False,False,2025-07-21T00:00:00+00:00,valid,"{""expected_uncensored"": 13.1258, ""family"": ""regular"", ""generator"": ""synthetic-1.0"", ""seed"": 42, ""shock_multiplier"": 1.0}"
fa3339ff74c2f1e796b909e9,sample-v1,SKU-0001,CHI,2025-03-05,10.0,False,False,2025-07-21T00:00:00+00:00,valid,"{""expected_uncensored"": 13.4039, ""family"": ""regular"", ""generator"": ""synthetic-1.0"", ""seed"": 42, ""shock_multiplier"": 1.0}"
c7cea83ca292c267daf6908e,sample-v1,SKU-0001,CHI,2025-03-06,8.0,False,False,2025-07-21T00:00:00+00:00,valid,"{""expected_uncensored"": 12.6248, ""family"": ""regular"", ""generator"": ""synthetic-1.0"", ""seed"": 42, ""shock_multiplier"": 1.0}"
5b407207348574a197973f1b,sample-v1,SKU-0001,CHI,2025-03-07,0.0,False,True,2025-07-21T00:00:00+00:00,warning,"{""expected_uncensored"": 11.3752, ""family"": ""regular"", ""generator"": ""synthetic-1.0"", ""seed"": 42, ""shock_multiplier"": 1.0}"
98663d3081bef6088bd21a17,sample-v1,SKU-0001,CHI,2025-03-08,0.0,False,True,2025-07-21T00:00:00+00:00,warning,"{""expected_uncensored"": 10.5961, ""family"": ""regular"", ""generator"": ""synthetic-1.0"", ""seed"": 42, ""shock_multiplier"": 1.0}"
d230b385f8a68288be9723f8,sample-v1,SKU-0001,CHI,2025-03-09,10.0,False,False,2025-07-21T00:00:00+00:00,valid,"{""expected_uncensored"": 10.8742, ""family"": ""regular"", ""generator"": ""synthetic-1.0"", ""seed"": 42, ""shock_multiplier"": 1.0}"
9e3d8342d524c0daf521225b,sample-v1,SKU-0001,CHI,2025-03-10,10.0,False,False,2025-07-21T00:00:00+00:00,valid,"{""expected_uncensored"": 12.0, ""family"": ""regular"", ""generator"": ""synthetic-1.0"", ""seed"": 42, ""shock_multiplier"": 1.0}"
3c4c1da1cd95fac4c29e027e,sample-v1,SKU-0001,CHI,2025-03-11,14.0,False,False,2025-07-21T00:00:00+00:00,valid,"{""expected_uncensored"": 13.1258, ""family"": ""regular"", ""generator"": ""synthetic-1.0"", ""seed"": 42, ""shock_multiplier"": 1.0}"
5b961926bf320177c284d75d,sample-v1,SKU-0001,CHI,2025-03-12,9.0,False,False,2025-07-21T00:00:00+00:00,valid,"{""expected_uncensored"": 13.4039, ""family"": ""regular"", ""generator"": ""synthetic-1.0"", ""seed"": 42, ""shock_multiplier"": 1.0}"
62ff74416e2c6cdbc75a3344,sample-v1,SKU-0001,CHI,2025-03-13,16.0,False,False,2025-07-21T00:00:00+00:00,valid,"{""expected_uncensored"": 12.6248, ""family"": ""regular"", ""generator"": ""synthetic-1.0"", ""seed"": 42, ""shock_multiplier"": 1.0}"
dcf441655dda925c85c010a0,sample-v1,SKU-0001,CHI,2025-03-14,8.0,False,False,2025-07-21T00:00:00+00:00,valid,"{""expected_uncensored"": 11.3752, ""family"": ""regular"", ""generator"": ""synthetic-1.0"", ""seed"": 42, ""shock_multiplier"": 1.0}"
027ff460372bd56818afede2,sample-v1,SKU-0001,CHI,2025-03-15,15.0,False,False,2025-07-21T00:00:00+00:00,valid,"{""expected_uncensored"": 10.5961, ""family"": ""regular"", ""generator"": ""synthetic-1.0"", ""seed"": 42, ""shock_multiplier"": 1.0}"
967e1a73f53f54f91501f7fc,sample-v1,SKU-0001,CHI,2025-03-16,10.0,False,False,2025-07-21T00:00:00+00:00,valid,"{""expected_uncensored"": 10.8742, ""family"": ""regular"", ""generator"": ""synthetic-1.0"", ""seed"": 42, ""shock_multiplier"": 1.0}"
9ea672bc0fd7a63e0708b7a5,sample-v1,SKU-0001,CHI,2025-03-17,26.0,True,False,2025-07-21T00:00:00+00:00,valid,"{""expected_uncensored"": 19.8, ""family"": ""regular"", ""generator"": ""synthetic-1.0"", ""seed"": 42, ""shock_multiplier"": 1.0}"
1200b895371dabeb17e2d934,sample-v1,SKU-0001,CHI,2025-03-18,18.0,True,False,2025-07-21T00:00:00+00:00,valid,"{""expected_uncensored"": 21.6576, ""family"": ""regular"", ""generator"": ""synthetic-1.0"", ""seed"": 42, ""shock_multiplier"": 1.0}"
fccce095613f40c4e1e9645b,sample-v1,SKU-0001,CHI,2025-03-19,15.0,True,False,2025-07-21T00:00:00+00:00,valid,"{""expected_uncensored"": 22.1164, ""family"": ""regular"", ""generator"": ""synthetic-1.0"", ""seed"": 42, ""shock_multiplier"": 1.0}"
3e6d9e971b266b48663e2528,sample-v1,SKU-0001,CHI,2025-03-20,18.0,True,False,2025-07-21T00:00:00+00:00,valid,"{""expected_uncensored"": 20.8309, ""family"": ""regular"", ""generator"": ""synthetic-1.0"", ""seed"": 42, ""shock_multiplier"": 1.0}"
0b9b11c5c150c926a085f775,sample-v1,SKU-0001,CHI,2025-03-21,14.0,True,False,2025-07-21T00:00:00+00:00,valid,"{""expected_uncensored"": 18.7691, ""family"": ""regular"", ""generator"": ""synthetic-1.0"", ""seed"": 42, ""shock_multiplier"": 1.0}"
93fbee97d53fd8ec4e07da5b,sample-v1,SKU-0001,CHI,2025-03-22,11.0,True,False,2025-07-21T00:00:00+00:00,valid,"{""expected_uncensored"": 17.4836, ""family"": ""regular"", ""generator"": ""synthetic-1.0"", ""seed"": 42, ""shock_multiplier"": 1.0}"
3d24295010cc5f8b85e652ff,sample-v1,SKU-0001,CHI,2025-03-23,13.0,True,False,2025-07-21T00:00:00+00:00,valid,"{""expected_uncensored"": 17.9424, ""family"": ""regular"", ""generator"": ""synthetic-1.0"", ""seed"": 42, ""shock_multiplier"": 1.0}"
295c28f165cb8749b2f7d95d,sample-v1,SKU-0001,CHI,2025-03-24,14.0,False,False,2025-07-21T00:00:00+00:00,valid,"{""expected_uncensored"": 12.0, ""family"": ""regular"", ""generator"": ""synthetic-1.0"", ""seed"": 42, ""shock_multiplier"": 1.0}"
9e3357113073b6128a151149,sample-v1,SKU-0001,CHI,2025-03-25,13.0,False,False,2025-07-21T00:00:00+00:00,valid,"{""expected_uncensored"": 13.1258, ""family"": ""regular"", ""generator"": ""synthetic-1.0"", ""seed"": 42, ""shock_multiplier"": 1.0}"
bcfc8b352d03e14d902f9590,sample-v1,SKU-0001,CHI,2025-03-26,5.0,False,False,2025-07-21T00:00:00+00:00,valid,"{""expected_uncensored"": 13.4039, ""family"": ""regular"", ""generator"": ""synthetic-1.0"", ""seed"": 42, ""shock_multiplier"": 1.0}"
d6d70b7f4387f3852e2b1341,sample-v1,SKU-0001,CHI,2025-03-27,10.0,False,False,2025-07-21T00:00:00+00:00,valid,"{""expected_uncensored"": 12.6248, ""family"": ""regular"", ""generator"": ""synthetic-1.0"", ""seed"": 42, ""shock_multiplier"": 1.0}"
c2ac55ff34336e1af4557c5c,sample-v1,SKU-0001,CHI,2025-03-28,4.0,False,False,2025-07-21T00:00:00+00:00,valid,"{""expected_uncensored"": 11.3752, ""family"": ""regular"", ""generator"": ""synthetic-1.0"", ""seed"": 42, ""shock_multiplier"": 1.0}"
8c7ff8085586b99cbebb563b,sample-v1,SKU-0001,CHI,2025-03-29,6.0,False,False,2025-07-21T00:00:00+00:00,valid,"{""expected_uncensored"": 10.5961, ""family"": ""regular"", ""generator"": ""synthetic-1.0"", ""seed"": 42, ""shock_multiplier"": 1.0}"
02133dcf471a0844b185e05a,sample-v1,SKU-0001,CHI,2025-03-30,17.0,False,False,2025-07-21T00:00:00+00:00,valid,"{""expected_uncensored"": 10.8742, ""family"": ""regular"", ""generator"": ""synthetic-1.0"", ""seed"": 42, ""shock_multiplier"": 1.0}"
8a5e622d5ba12b38e32c37e4,sample-v1,SKU-0001,CHI,2025-03-31,15.0,False,False,2025-07-21T00:00:00+00:00,valid,"{""expected_uncensored"": 12.0, ""family"": ""regular"", ""generator"": ""synthetic-1.0"", ""seed"": 42, ""shock_multiplier"": 1.0}"
a5da1f8ebce35a78225509ba,sample-v1,SKU-0001,CHI,2025-04-01,16.0,False,False,2025-07-21T00:00:00+00:00,valid,"{""expected_uncensored"": 13.1258, ""family"": ""regular"", ""generator"": ""synthetic-1.0"", ""seed"": 42, ""shock_multiplier"": 1.0}"
2ea838e4141f8da377369c70,sample-v1,SKU-0001,CHI,2025-04-02,13.0,False,False,2025-07-21T00:00:00+00:00,valid,"{""expected_uncensored"": 13.4039, ""family"": ""regular"", ""generator"": ""synthetic-1.0"", ""seed"": 42, ""shock_multiplier"": 1.0}"
11d47ab5e74ed862c321cc0b,sample-v1,SKU-0001,CHI,2025-04-03,11.0,False,False,2025-07-21T00:00:00+00:00,valid,"{""expected_uncensored"": 12.6248, ""family"": ""regular"", ""generator"": ""synthetic-1.0"", ""seed"": 42, ""shock_multiplier"": 1.0}"
dbd1c2b258717c4982c1ed05,sample-v1,SKU-0001,CHI,2025-04-04,7.0,False,False,2025-07-21T00:00:00+00:00,valid,"{""expected_uncensored"": 11.3752, ""family"": ""regular"", ""generator"": ""synthetic-1.0"", ""seed"": 42, ""shock_multiplier"": 1.0}"
176ce6906489689ae436ea8a,sample-v1,SKU-0001,CHI,2025-04-05,8.0,False,False,2025-07-21T00:00:00+00:00,valid,"{""expected_uncensored"": 10.5961, ""family"": ""regular"", ""generator"": ""synthetic-1.0"", ""seed"": 42, ""shock_multiplier"": 1.0}"
f1586fbfcdac9981232e7007,sample-v1,SKU-0001,CHI,2025-04-06,9.0,False,False,2025-07-21T00:00:00+00:00,valid,"{""expected_uncensored"": 10.8742, ""family"": ""regular"", ""generator"": ""synthetic-1.0"", ""seed"": 42, ""shock_multiplier"": 1.0}"
f4e63b8d937940a47fe52443,sample-v1,SKU-0001,CHI,2025-04-07,18.0,False,False,2025-07-21T00:00:00+00:00,valid,"{""expected_uncensored"": 12.0, ""family"": ""regular"", ""generator"": ""synthetic-1.0"", ""seed"": 42, ""shock_multiplier"": 1.0}"
b3a52bc275f434e52462a44f,sample-v1,SKU-0001,CHI,2025-04-08,13.0,False,False,2025-07-21T00:00:00+00:00,valid,"{""expected_uncensored"": 13.1258, ""family"": ""regular"", ""generator"": ""synthetic-1.0"", ""seed"": 42, ""shock_multiplier"": 1.0}"
27ba976bbe4534df635f99b2,sample-v1,SKU-0001,CHI,2025-04-09,17.0,False,False,2025-07-21T00:00:00+00:00,valid,"{""expected_uncensored"": 13.4039, ""family"": ""regular"", ""generator"": ""synthetic-1.0"", ""seed"": 42, ""shock_multiplier"": 1.0}"
b3c96cc9ce36c8be320bdbec,sample-v1,SKU-0001,CHI,2025-04-10,10.0,False,False,2025-07-21T00:00:00+00:00,valid,"{""expected_uncensored"": 12.6248, ""family"": ""regular"", ""generator"": ""synthetic-1.0"", ""seed"": 42, ""shock_multiplier"": 1.0}"
e946377b6de6a473d8a6af22,sample-v1,SKU-0001,CHI,2025-04-11,7.0,False,False,2025-07-21T00:00:00+00:00,valid,"{""expected_uncensored"": 11.3752, ""family"": ""regular"", ""generator"": ""synthetic-1.0"", ""seed"": 42, ""shock_multiplier"": 1.0}"
cd7af7167f24e412b22d19ca,sample-v1,SKU-0001,CHI,2025-04-12,13.0,False,False,2025-07-21T00:00:00+00:00,valid,"{""expected_uncensored"": 10.5961, ""family"": ""regular"", ""generator"": ""synthetic-1.0"", ""seed"": 42, ""shock_multiplier"": 1.0}"
9cbf82e8d9f12fc83ceaae01,sample-v1,SKU-0001,CHI,2025-04-13,14.0,False,False,2025-07-21T00:00:00+00:00,valid,"{""expected_uncensored"": 10.8742, ""family"": ""regular"", ""generator"": ""synthetic-1.0"", ""seed"": 42, ""shock_multiplier"": 1.0}"
62c53f8f79f5ba3d3b511b6c,sample-v1,SKU-0001,CHI,2025-04-14,9.0,False,False,2025-07-21T00:00:00+00:00,valid,"{""expected_uncensored"": 12.0, ""family"": ""regular"", ""generator"": ""synthetic-1.0"", ""seed"": 42, ""shock_multiplier"": 1.0}"
baf170017816fc5ac8f5583a,sample-v1,SKU-0001,CHI,2025-04-15,14.0,False,False,2025-07-21T00:00:00+00:00,valid,"{""expected_uncensored"": 13.1258, ""family"": ""regular"", ""generator"": ""synthetic-1.0"", ""seed"": 42, ""shock_multiplier"": 1.0}"
c22c467d06cfebe84773a16e,sample-v1,SKU-0001,CHI,2025-04-16,14.0,False,False,2025-07-21T00:00:00+00:00,valid,"{""expected_uncensored"": 13.4039, ""family"": ""regular"", ""generator"": ""synthetic-1.0"", ""seed"": 42, ""shock_multiplier"": 1.0}"
1571e13211aefdbbab6c63b8,sample-v1,SKU-0001,CHI,2025-04-17,12.0,False,False,2025-07-21T00:00:00+00:00,valid,"{""expected_uncensored"": 12.6248, ""family"": ""regular"", ""generator"": ""synthetic-1.0"", ""seed"": 42, ""shock_multiplier"": 1.0}"
836795e36792c030eae884f8,sample-v1,SKU-0001,CHI,2025-04-18,7.0,False,False,2025-07-21T00:00:00+00:00,valid,"{""expected_uncensored"": 11.3752, ""family"": ""regular"", ""generator"": ""synthetic-1.0"", ""seed"": 42, ""shock_multiplier"": 1.0}"
14feaa45996ee39ccbc94fbb,sample-v1,SKU-0001,CHI,2025-04-19,12.0,False,False,2025-07-21T00:00:00+00:00,valid,"{""expected_uncensored"": 10.5961, ""family"": ""regular"", ""generator"": ""synthetic-1.0"", ""seed"": 42, ""shock_multiplier"": 1.0}"
ec37217103f371d6a9e1830b,sample-v1,SKU-0001,CHI,2025-04-20,13.0,False,False,2025-07-21T00:00:00+00:00,valid,"{""expected_uncensored"": 10.8742, ""family"": ""regular"", ""generator"": ""synthetic-1.0"", ""seed"": 42, ""shock_multiplier"": 1.0}"
9cfa643a3472799686244aeb,sample-v1,SKU-0001,CHI,2025-04-21,15.0,False,False,2025-07-21T00:00:00+00:00,valid,"{""expected_uncensored"": 12.0, ""family"": ""regular"", ""generator"": ""synthetic-1.0"", ""seed"": 42, ""shock_multiplier"": 1.0}"
c1ca44e412e92058a6daf519,sample-v1,SKU-0001,CHI,2025-04-22,11.0,False,False,2025-07-21T00:00:00+00:00,valid,"{""expected_uncensored"": 13.1258, ""family"": ""regular"", ""generator"": ""synthetic-1.0"", ""seed"": 42, ""shock_multiplier"": 1.0}"
8adb6f003a9ca44ce64233ff,sample-v1,SKU-0001,CHI,2025-04-23,20.0,False,False,2025-07-21T00:00:00+00:00,valid,"{""expected_uncensored"": 13.4039, ""family"": ""regular"", ""generator"": ""synthetic-1.0"", ""seed"": 42, ""shock_multiplier"": 1.0}"
dc0af36968c17c6d6ea2fd24,sample-v1,SKU-0001,CHI,2025-04-24,15.0,False,False,2025-07-21T00:00:00+00:00,valid,"{""expected_uncensored"": 12.6248, ""family"": ""regular"", ""generator"": ""synthetic-1.0"", ""seed"": 42, ""shock_multiplier"": 1.0}"
d3431146724160db832e2148,sample-v1,SKU-0001,CHI,2025-04-25,14.0,False,False,2025-07-21T00:00:00+00:00,valid,"{""expected_uncensored"": 11.3752, ""family"": ""regular"", ""generator"": ""synthetic-1.0"", ""seed"": 42, ""shock_multiplier"": 1.0}"
07ec4ecd308c51c0b7572bb6,sample-v1,SKU-0001,CHI,2025-04-26,18.0,False,False,2025-07-21T00:00:00+00:00,valid,"{""expected_uncensored"": 10.5961, ""family"": ""regular"", ""generator"": ""synthetic-1.0"", ""seed"": 42, ""shock_multiplier"": 1.0}"
fe9c4a4fb19c3f18137b342d,sample-v1,SKU-0001,CHI,2025-04-27,12.0,False,False,2025-07-21T00:00:00+00:00,valid,"{""expected_uncensored"": 10.8742, ""family"": ""regular"", ""generator"": ""synthetic-1.0"", ""seed"": 42, ""shock_multiplier"": 1.0}"
0aaf83da344f5c3ab9730491,sample-v1,SKU-0001,CHI,2025-04-28,14.0,False,False,2025-07-21T00:00:00+00:00,valid,"{""expected_uncensored"": 12.0, ""family"": ""regular"", ""generator"": ""synthetic-1.0"", ""seed"": 42, ""shock_multiplier"": 1.0}"
823e6995335ff974da09a0c0,sample-v1,SKU-0001,CHI,2025-04-29,17.0,False,False,2025-07-21T00:00:00+00:00,valid,"{""expected_uncensored"": 13.1258, ""family"": ""regular"", ""generator"": ""synthetic-1.0"", ""seed"": 42, ""shock_multiplier"": 1.0}"
b2009c909318b628668f319b,sample-v1,SKU-0001,CHI,2025-04-30,13.0,False,False,2025-07-21T00:00:00+00:00,valid,"{""expected_uncensored"": 13.4039, ""family"": ""regular"", ""generator"": ""synthetic-1.0"", ""seed"": 42, ""shock_multiplier"": 1.0}"
28a08f0db63c32bc8b2c5088,sample-v1,SKU-0001,CHI,2025-05-01,16.0,False,False,2025-07-21T00:00:00+00:00,valid,"{""expected_uncensored"": 12.6248, ""family"": ""regular"", ""generator"": ""synthetic-1.0"", ""seed"": 42, ""shock_multiplier"": 1.0}"
b16945eab409da4fc2b1df79,sample-v1,SKU-0001,CHI,2025-05-02,16.0,False,False,2025-07-21T00:00:00+00:00,valid,"{""expected_uncensored"": 11.3752, ""family"": ""regular"", ""generator"": ""synthetic-1.0"", ""seed"": 42, ""shock_multiplier"": 1.0}"
640c70f0b9457ce5a64dd687,sample-v1,SKU-0001,CHI,2025-05-03,12.0,False,False,2025-07-21T00:00:00+00:00,valid,"{""expected_uncensored"": 10.5961, ""family"": ""regular"", ""generator"": ""synthetic-1.0"", ""seed"": 42, ""shock_multiplier"": 1.0}"
96b8f21048220efac96f4399,sample-v1,SKU-0001,CHI,2025-05-04,16.0,False,False,2025-07-21T00:00:00+00:00,valid,"{""expected_uncensored"": 10.8742, ""family"": ""regular"", ""generator"": ""synthetic-1.0"", ""seed"": 42, ""shock_multiplier"": 1.0}"
cd94988efe4a29b454e0493e,sample-v1,SKU-0001,CHI,2025-05-05,8.0,False,False,2025-07-21T00:00:00+00:00,valid,"{""expected_uncensored"": 12.0, ""family"": ""regular"", ""generator"": ""synthetic-1.0"", ""seed"": 42, ""shock_multiplier"": 1.0}"
23b389f0934fb7f32170ab64,sample-v1,SKU-0001,CHI,2025-05-06,19.0,False,False,2025-07-21T00:00:00+00:00,valid,"{""expected_uncensored"": 13.1258, ""family"": ""regular"", ""generator"": ""synthetic-1.0"", ""seed"": 42, ""shock_multiplier"": 1.0}"
c13ef8f32d73dba25283067c,sample-v1,SKU-0001,CHI,2025-05-07,15.0,False,False,2025-07-21T00:00:00+00:00,valid,"{""expected_uncensored"": 13.4039, ""family"": ""regular"", ""generator"": ""synthetic-1.0"", ""seed"": 42, ""shock_multiplier"": 1.0}"
1d2eebcd48bf4ddb752a8c1a,sample-v1,SKU-0001,CHI,2025-05-08,17.0,False,False,2025-07-21T00:00:00+00:00,valid,"{""expected_uncensored"": 12.6248, ""family"": ""regular"", ""generator"": ""synthetic-1.0"", ""seed"": 42, ""shock_multiplier"": 1.0}"
f8c4a463d092aa60b9b25a31,sample-v1,SKU-0001,CHI,2025-05-09,17.0,False,False,2025-07-21T00:00:00+00:00,valid,"{""expected_uncensored"": 11.3752, ""family"": ""regular"", ""generator"": ""synthetic-1.0"", ""seed"": 42, ""shock_multiplier"": 1.0}"
839c7c62b94c9aadd78a821d,sample-v1,SKU-0001,CHI,2025-05-10,14.0,False,False,2025-07-21T00:00:00+00:00,valid,"{""expected_uncensored"": 10.5961, ""family"": ""regular"", ""generator"": ""synthetic-1.0"", ""seed"": 42, ""shock_multiplier"": 1.0}"
0146395f8071f9d31b8268ab,sample-v1,SKU-0001,CHI,2025-05-11,6.0,False,False,2025-07-21T00:00:00+00:00,valid,"{""expected_uncensored"": 10.8742, ""family"": ""regular"", ""generator"": ""synthetic-1.0"", ""seed"": 42, ""shock_multiplier"": 1.0}"
193ca331893d48fc559ca708,sample-v1,SKU-0001,CHI,2025-05-12,13.0,False,False,2025-07-21T00:00:00+00:00,valid,"{""expected_uncensored"": 12.0, ""family"": ""regular"", ""generator"": ""synthetic-1.0"", ""seed"": 42, ""shock_multiplier"": 1.0}"
c41b4b3810d168c8f0746d97,sample-v1,SKU-0001,CHI,2025-05-13,16.0,False,False,2025-07-21T00:00:00+00:00,valid,"{""expected_uncensored"": 13.1258, ""family"": ""regular"", ""generator"": ""synthetic-1.0"", ""seed"": 42, ""shock_multiplier"": 1.0}"
49f6477a780d6fa6018cecb4,sample-v1,SKU-0001,CHI,2025-05-14,15.0,False,False,2025-07-21T00:00:00+00:00,valid,"{""expected_uncensored"": 13.4039, ""family"": ""regular"", ""generator"": ""synthetic-1.0"", ""seed"": 42, ""shock_multiplier"": 1.0}"
401a38d0fb60224be39d0fdc,sample-v1,SKU-0001,CHI,2025-05-15,15.0,False,False,2025-07-21T00:00:00+00:00,valid,"{""expected_uncensored"": 12.6248, ""family"": ""regular"", ""generator"": ""synthetic-1.0"", ""seed"": 42, ""shock_multiplier"": 1.0}"
cdc5f54f3b0eaf60288bb77a,sample-v1,SKU-0001,CHI,2025-05-16,11.0,False,False,2025-07-21T00:00:00+00:00,valid,"{""expected_uncensored"": 11.3752, ""family"": ""regular"", ""generator"": ""synthetic-1.0"", ""seed"": 42, ""shock_multiplier"": 1.0}"
be024cf5ff825d4fe30fe1a7,sample-v1,SKU-0001,CHI,2025-05-17,11.0,False,False,2025-07-21T00:00:00+00:00,valid,"{""expected_uncensored"": 10.5961, ""family"": ""regular"", ""generator"": ""synthetic-1.0"", ""seed"": 42, ""shock_multiplier"": 1.0}"
056745a319549bf516ad4c72,sample-v1,SKU-0001,CHI,2025-05-18,9.0,False,False,2025-07-21T00:00:00+00:00,valid,"{""expected_uncensored"": 10.8742, ""family"": ""regular"", ""generator"": ""synthetic-1.0"", ""seed"": 42, ""shock_multiplier"": 1.0}"
52ef47ce34a6ab3085449693,sample-v1,SKU-0001,CHI,2025-05-19,14.0,True,False,2025-07-21T00:00:00+00:00,valid,"{""expected_uncensored"": 19.8, ""family"": ""regular"", ""generator"": ""synthetic-1.0"", ""seed"": 42, ""shock_multiplier"": 1.0}"
c7e06c4d5dc5512e7066c9d8,sample-v1,SKU-0001,CHI,2025-05-20,21.0,True,False,2025-07-21T00:00:00+00:00,valid,"{""expected_uncensored"": 21.6576, ""family"": ""regular"", ""generator"": ""synthetic-1.0"", ""seed"": 42, ""shock_multiplier"": 1.0}"
c67e1e5d8ad64a3f8feaca2c,sample-v1,SKU-0001,CHI,2025-05-21,19.0,True,False,2025-07-21T00:00:00+00:00,valid,"{""expected_uncensored"": 22.1164, ""family"": ""regular"", ""generator"": ""synthetic-1.0"", ""seed"": 42, ""shock_multiplier"": 1.0}"
05a551070cef994eaada921f,sample-v1,SKU-0001,CHI,2025-05-22,22.0,True,False,2025-07-21T00:00:00+00:00,valid,"{""expected_uncensored"": 20.8309, ""family"": ""regular"", ""generator"": ""synthetic-1.0"", ""seed"": 42, ""shock_multiplier"": 1.0}"
dd5ada62d2faf407b8a46144,sample-v1,SKU-0001,CHI,2025-05-23,18.0,True,False,2025-07-21T00:00:00+00:00,valid,"{""expected_uncensored"": 18.7691, ""family"": ""regular"", ""generator"": ""synthetic-1.0"", ""seed"": 42, ""shock_multiplier"": 1.0}"
1fe9dd579bbe36630baed24b,sample-v1,SKU-0001,CHI,2025-05-24,15.0,True,False,2025-07-21T00:00:00+00:00,valid,"{""expected_uncensored"": 17.4836, ""family"": ""regular"", ""generator"": ""synthetic-1.0"", ""seed"": 42, ""shock_multiplier"": 1.0}"
8f5a4077ea9dab1fa72d2a6b,sample-v1,SKU-0001,CHI,2025-05-25,18.0,True,False,2025-07-21T00:00:00+00:00,valid,"{""expected_uncensored"": 17.9424, ""family"": ""regular"", ""generator"": ""synthetic-1.0"", ""seed"": 42, ""shock_multiplier"": 1.0}"
05211fb932092bef8f076d15,sample-v1,SKU-0001,CHI,2025-05-26,13.0,False,False,2025-07-21T00:00:00+00:00,valid,"{""expected_uncensored"": 12.0, ""family"": ""regular"", ""generator"": ""synthetic-1.0"", ""seed"": 42, ""shock_multiplier"": 1.0}"
601269b9255f73374f6b3143,sample-v1,SKU-0001,CHI,2025-05-27,15.0,False,False,2025-07-21T00:00:00+00:00,valid,"{""expected_uncensored"": 13.1258, ""family"": ""regular"", ""generator"": ""synthetic-1.0"", ""seed"": 42, ""shock_multiplier"": 1.0}"
acf91bcc53b5747e2fa06189,sample-v1,SKU-0001,CHI,2025-05-28,14.0,False,False,2025-07-21T00:00:00+00:00,valid,"{""expected_uncensored"": 13.4039, ""family"": ""regular"", ""generator"": ""synthetic-1.0"", ""seed"": 42, ""shock_multiplier"": 1.0}"
3cdd66554a338484efd0b02a,sample-v1,SKU-0001,CHI,2025-05-29,11.0,False,False,2025-07-21T00:00:00+00:00,valid,"{""expected_uncensored"": 12.6248, ""family"": ""regular"", ""generator"": ""synthetic-1.0"", ""seed"": 42, ""shock_multiplier"": 1.0}"
8b6aec0bf6e0dc43409e8a21,sample-v1,SKU-0001,CHI,2025-05-30,11.0,False,False,2025-07-21T00:00:00+00:00,valid,"{""expected_uncensored"": 11.3752, ""family"": ""regular"", ""generator"": ""synthetic-1.0"", ""seed"": 42, ""shock_multiplier"": 1.0}"
089247aeee78c247be5c4457,sample-v1,SKU-0001,CHI,2025-05-31,9.0,False,False,2025-07-21T00:00:00+00:00,valid,"{""expected_uncensored"": 10.5961, ""family"": ""regular"", ""generator"": ""synthetic-1.0"", ""seed"": 42, ""shock_multiplier"": 1.0}"
3bfe747792a6cbbc587a61fd,sample-v1,SKU-0001,CHI,2025-06-01,6.0,False,False,2025-07-21T00:00:00+00:00,valid,"{""expected_uncensored"": 10.8742, ""family"": ""regular"", ""generator"": ""synthetic-1.0"", ""seed"": 42, ""shock_multiplier"": 1.0}"
8d62f4603ce1093beb2f1c2e,sample-v1,SKU-0001,CHI,2025-06-02,5.0,False,False,2025-07-21T00:00:00+00:00,valid,"{""expected_uncensored"": 12.0, ""family"": ""regular"", ""generator"": ""synthetic-1.0"", ""seed"": 42, ""shock_multiplier"": 1.0}"
ed56ab0eef8177169de27a52,sample-v1,SKU-0001,CHI,2025-06-03,9.0,False,False,2025-07-21T00:00:00+00:00,valid,"{""expected_uncensored"": 13.1258, ""family"": ""regular"", ""generator"": ""synthetic-1.0"", ""seed"": 42, ""shock_multiplier"": 1.0}"
2e827758811d3d1c8da6d28b,sample-v1,SKU-0001,CHI,2025-06-04,18.0,False,False,2025-07-21T00:00:00+00:00,valid,"{""expected_uncensored"": 13.4039, ""family"": ""regular"", ""generator"": ""synthetic-1.0"", ""seed"": 42, ""shock_multiplier"": 1.0}"
569f0764ca750ce29ea39c37,sample-v1,SKU-0001,CHI,2025-06-05,14.0,False,False,2025-07-21T00:00:00+00:00,valid,"{""expected_uncensored"": 12.6248, ""family"": ""regular"", ""generator"": ""synthetic-1.0"", ""seed"": 42, ""shock_multiplier"": 1.0}"
3acb1e669aa2ddc87fe0b4a4,sample-v1,SKU-0001,CHI,2025-06-06,8.0,False,False,2025-07-21T00:00:00+00:00,valid,"{""expected_uncensored"": 6.5976, ""family"": ""regular"", ""generator"": ""synthetic-1.0"", ""seed"": 42, ""shock_multiplier"": 0.58}"
e719eb9f06c62e529c883e66,sample-v1,SKU-0001,CHI,2025-06-07,8.0,False,False,2025-07-21T00:00:00+00:00,valid,"{""expected_uncensored"": 6.1457, ""family"": ""regular"", ""generator"": ""synthetic-1.0"", ""seed"": 42, ""shock_multiplier"": 0.58}"
787487be2bcf8f719c696985,sample-v1,SKU-0001,CHI,2025-06-08,5.0,False,False,2025-07-21T00:00:00+00:00,valid,"{""expected_uncensored"": 6.307, ""family"": ""regular"", ""generator"": ""synthetic-1.0"", ""seed"": 42, ""shock_multiplier"": 0.58}"
c950a429626ebc48a0607d74,sample-v1,SKU-0001,CHI,2025-06-09,5.0,False,False,2025-07-21T00:00:00+00:00,valid,"{""expected_uncensored"": 6.96, ""family"": ""regular"", ""generator"": ""synthetic-1.0"", ""seed"": 42, ""shock_multiplier"": 0.58}"
217bcdd69994ea5dd8f38d21,sample-v1,SKU-0001,CHI,2025-06-10,7.0,False,False,2025-07-21T00:00:00+00:00,valid,"{""expected_uncensored"": 7.613, ""family"": ""regular"", ""generator"": ""synthetic-1.0"", ""seed"": 42, ""shock_multiplier"": 0.58}"
cda195376368a16858e18248,sample-v1,SKU-0001,CHI,2025-06-11,13.0,False,False,2025-07-21T00:00:00+00:00,valid,"{""expected_uncensored"": 7.7743, ""family"": ""regular"", ""generator"": ""synthetic-1.0"", ""seed"": 42, ""shock_multiplier"": 0.58}"
55653c56d981eebbdca9a17a,sample-v1,SKU-0001,CHI,2025-06-12,5.0,False,False,2025-07-21T00:00:00+00:00,valid,"{""expected_uncensored"": 7.3224, ""family"": ""regular"", ""generator"": ""synthetic-1.0"", ""seed"": 42, ""shock_multiplier"": 0.58}"
ff66745e3700544454acdbe1,sample-v1,SKU-0001,CHI,2025-06-13,3.0,False,False,2025-07-21T00:00:00+00:00,valid,"{""expected_uncensored"": 6.5976, ""family"": ""regular"", ""generator"": ""synthetic-1.0"", ""seed"": 42, ""shock_multiplier"": 0.58}"
d89b1cfb496b0e7e86e74fdb,sample-v1,SKU-0001,CHI,2025-06-14,13.0,False,False,2025-07-21T00:00:00+00:00,valid,"{""expected_uncensored"": 6.1457, ""family"": ""regular"", ""generator"": ""synthetic-1.0"", ""seed"": 42, ""shock_multiplier"": 0.58}"
b617c1a00187b69258b388ab,sample-v1,SKU-0001,CHI,2025-06-15,8.0,False,False,2025-07-21T00:00:00+00:00,valid,"{""expected_uncensored"": 6.307, ""family"": ""regular"", ""generator"": ""synthetic-1.0"", ""seed"": 42, ""shock_multiplier"": 0.58}"
b7bd52d9c58568a6f3b33ded,sample-v1,SKU-0001,CHI,2025-06-16,11.0,False,False,2025-07-21T00:00:00+00:00,valid,"{""expected_uncensored"": 6.96, ""family"": ""regular"", ""generator"": ""synthetic-1.0"", ""seed"": 42, ""shock_multiplier"": 0.58}"
eea5dc38cc8ac7f08cd2dd8e,sample-v1,SKU-0001,CHI,2025-06-17,8.0,False,False,2025-07-21T00:00:00+00:00,valid,"{""expected_uncensored"": 7.613, ""family"": ""regular"", ""generator"": ""synthetic-1.0"", ""seed"": 42, ""shock_multiplier"": 0.58}"
71b53e58a40a066d906acce0,sample-v1,SKU-0001,CHI,2025-06-18,5.0,False,False,2025-07-21T00:00:00+00:00,valid,"{""expected_uncensored"": 7.7743, ""family"": ""regular"", ""generator"": ""synthetic-1.0"", ""seed"": 42, ""shock_multiplier"": 0.58}"
097031aa6d67a68ade5ee52f,sample-v1,SKU-0001,CHI,2025-06-19,10.0,False,False,2025-07-21T00:00:00+00:00,valid,"{""expected_uncensored"": 7.3224, ""family"": ""regular"", ""generator"": ""synthetic-1.0"", ""seed"": 42, ""shock_multiplier"": 0.58}"
6e7a2d999f34b8db5b228b53,sample-v1,SKU-0001,CHI,2025-06-20,6.0,False,False,2025-07-21T00:00:00+00:00,valid,"{""expected_uncensored"": 11.3752, ""family"": ""regular"", ""generator"": ""synthetic-1.0"", ""seed"": 42, ""shock_multiplier"": 1.0}"
8f718cb12fc67babd38e0ebe,sample-v1,SKU-0001,CHI,2025-06-21,8.0,False,False,2025-07-21T00:00:00+00:00,valid,"{""expected_uncensored"": 10.5961, ""family"": ""regular"", ""generator"": ""synthetic-1.0"", ""seed"": 42, ""shock_multiplier"": 1.0}"
65fbf2554100b2a59072de5e,sample-v1,SKU-0001,CHI,2025-06-22,13.0,False,False,2025-07-21T00:00:00+00:00,valid,"{""expected_uncensored"": 10.8742, ""family"": ""regular"", ""generator"": ""synthetic-1.0"", ""seed"": 42, ""shock_multiplier"": 1.0}"
91a166ad6ecfc35439f80564,sample-v1,SKU-0001,CHI,2025-06-23,18.0,False,False,2025-07-21T00:00:00+00:00,valid,"{""expected_uncensored"": 12.0, ""family"": ""regular"", ""generator"": ""synthetic-1.0"", ""seed"": 42, ""shock_multiplier"": 1.0}"
ed6a423565fbd86f1e09ee15,sample-v1,SKU-0001,CHI,2025-06-24,12.0,False,False,2025-07-21T00:00:00+00:00,valid,"{""expected_uncensored"": 13.1258, ""family"": ""regular"", ""generator"": ""synthetic-1.0"", ""seed"": 42, ""shock_multiplier"": 1.0}"
db6a9e01aaaa5978dacdc3f6,sample-v1,SKU-0001,CHI,2025-06-25,15.0,False,False,2025-07-21T00:00:00+00:00,valid,"{""expected_uncensored"": 13.4039, ""family"": ""regular"", ""generator"": ""synthetic-1.0"", ""seed"": 42, ""shock_multiplier"": 1.0}"
334dc03140b9f1ab32e13093,sample-v1,SKU-0001,CHI,2025-06-26,21.0,False,False,2025-07-21T00:00:00+00:00,valid,"{""expected_uncensored"": 12.6248, ""family"": ""regular"", ""generator"": ""synthetic-1.0"", ""seed"": 42, ""shock_multiplier"": 1.0}"
c06a63a9e1b4f5a199213abf,sample-v1,SKU-0001,CHI,2025-06-27,8.0,False,False,2025-07-21T00:00:00+00:00,valid,"{""expected_uncensored"": 11.3752, ""family"": ""regular"", ""generator"": ""synthetic-1.0"", ""seed"": 42, ""shock_multiplier"": 1.0}"
d47f158b8276c9e20b321316,sample-v1,SKU-0001,CHI,2025-06-28,11.0,False,False,2025-07-21T00:00:00+00:00,valid,"{""expected_uncensored"": 10.5961, ""family"": ""regular"", ""generator"": ""synthetic-1.0"", ""seed"": 42, ""shock_multiplier"": 1.0}"
8492f4db57142c91fb49ff08,sample-v1,SKU-0001,CHI,2025-06-29,12.0,False,False,2025-07-21T00:00:00+00:00,valid,"{""expected_uncensored"": 10.8742, ""family"": ""regular"", ""generator"": ""synthetic-1.0"", ""seed"": 42, ""shock_multiplier"": 1.0}"
ebc2a82f1dbb1c275b0126ec,sample-v1,SKU-0001,CHI,2025-06-30,10.0,False,False,2025-07-21T00:00:00+00:00,valid,"{""expected_uncensored"": 12.0, ""family"": ""regular"", ""generator"": ""synthetic-1.0"", ""seed"": 42, ""shock_multiplier"": 1.0}"
5ed33f713a1b279881ecf017,sample-v1,SKU-0001,CHI,2025-07-01,11.0,False,False,2025-07-21T00:00:00+00:00,valid,"{""expected_uncensored"": 13.1258, ""family"": ""regular"", ""generator"": ""synthetic-1.0"", ""seed"": 42, ""shock_multiplier"": 1.0}"
1d20d7daee4ff18e41767d67,sample-v1,SKU-0001,CHI,2025-07-02,17.0,False,False,2025-07-21T00:00:00+00:00,valid,"{""expected_uncensored"": 13.4039, ""family"": ""regular"", ""generator"": ""synthetic-1.0"", ""seed"": 42, ""shock_multiplier"": 1.0}"
b7120df1282fb5dbf453c8a0,sample-v1,SKU-0001,CHI,2025-07-03,16.0,False,False,2025-07-21T00:00:00+00:00,valid,"{""expected_uncensored"": 12.6248, ""family"": ""regular"", ""generator"": ""synthetic-1.0"", ""seed"": 42, ""shock_multiplier"": 1.0}"
ac6465490f218ddd4fd91a71,sample-v1,SKU-0001,CHI,2025-07-04,6.0,False,False,2025-07-21T00:00:00+00:00,valid,"{""expected_uncensored"": 11.3752, ""family"": ""regular"", ""generator"": ""synthetic-1.0"", ""seed"": 42, ""shock_multiplier"": 1.0}"
c8d39e05960926f9b3fc6d70,sample-v1,SKU-0001,CHI,2025-07-05,11.0,False,False,2025-07-21T00:00:00+00:00,valid,"{""expected_uncensored"": 10.5961, ""family"": ""regular"", ""generator"": ""synthetic-1.0"", ""seed"": 42, ""shock_multiplier"": 1.0}"
26b593bdfc5b4f8a4f713433,sample-v1,SKU-0001,CHI,2025-07-06,19.0,False,False,2025-07-21T00:00:00+00:00,valid,"{""expected_uncensored"": 10.8742, ""family"": ""regular"", ""generator"": ""synthetic-1.0"", ""seed"": 42, ""shock_multiplier"": 1.0}"
d89335cdc663c27b15a30649,sample-v1,SKU-0001,CHI,2025-07-07,9.0,False,False,2025-07-21T00:00:00+00:00,valid,"{""expected_uncensored"": 12.0, ""family"": ""regular"", ""generator"": ""synthetic-1.0"", ""seed"": 42, ""shock_multiplier"": 1.0}"
12d3615555575283a18edd57,sample-v1,SKU-0001,CHI,2025-07-08,13.0,False,False,2025-07-21T00:00:00+00:00,valid,"{""expected_uncensored"": 13.1258, ""family"": ""regular"", ""generator"": ""synthetic-1.0"", ""seed"": 42, ""shock_multiplier"": 1.0}"
db99d146b579bc6db6392a40,sample-v1,SKU-0001,CHI,2025-07-09,8.0,False,False,2025-07-21T00:00:00+00:00,valid,"{""expected_uncensored"": 13.4039, ""family"": ""regular"", ""generator"": ""synthetic-1.0"", ""seed"": 42, ""shock_multiplier"": 1.0}"
c100a8be292cd79407e21f11,sample-v1,SKU-0001,CHI,2025-07-10,15.0,False,False,2025-07-21T00:00:00+00:00,valid,"{""expected_uncensored"": 12.6248, ""family"": ""regular"", ""generator"": ""synthetic-1.0"", ""seed"": 42, ""shock_multiplier"": 1.0}"
27cfd8853ff84626b99277d0,sample-v1,SKU-0001,CHI,2025-07-11,10.0,False,False,2025-07-21T00:00:00+00:00,valid,"{""expected_uncensored"": 11.3752, ""family"": ""regular"", ""generator"": ""synthetic-1.0"", ""seed"": 42, ""shock_multiplier"": 1.0}"
3bb61e3f41651fc37fad65ef,sample-v1,SKU-0001,CHI,2025-07-12,10.0,False,False,2025-07-21T00:00:00+00:00,valid,"{""expected_uncensored"": 10.5961, ""family"": ""regular"", ""generator"": ""synthetic-1.0"", ""seed"": 42, ""shock_multiplier"": 1.0}"
f4e08a50b493ffea5cd3f17a,sample-v1,SKU-0001,CHI,2025-07-13,8.0,False,False,2025-07-21T00:00:00+00:00,valid,"{""expected_uncensored"": 10.8742, ""family"": ""regular"", ""generator"": ""synthetic-1.0"", ""seed"": 42, ""shock_multiplier"": 1.0}"
f88fe514e0164b82947c7704,sample-v1,SKU-0001,CHI,2025-07-14,12.0,False,False,2025-07-21T00:00:00+00:00,valid,"{""expected_uncensored"": 12.0, ""family"": ""regular"", ""generator"": ""synthetic-1.0"", ""seed"": 42, ""shock_multiplier"": 1.0}"
6a10dee96e43608333814bce,sample-v1,SKU-0001,CHI,2025-07-15,15.0,False,False,2025-07-21T00:00:00+00:00,valid,"{""expected_uncensored"": 13.1258, ""family"": ""regular"", ""generator"": ""synthetic-1.0"", ""seed"": 42, ""shock_multiplier"": 1.0}"
48b2652373277918d51fd74e,sample-v1,SKU-0001,CHI,2025-07-16,15.0,False,False,2025-07-21T00:00:00+00:00,valid,"{""expected_uncensored"": 13.4039, ""family"": ""regular"", ""generator"": ""synthetic-1.0"", ""seed"": 42, ""shock_multiplier"": 1.0}"
1e0dc827443e7a4cc08205de,sample-v1,SKU-0001,CHI,2025-07-17,14.0,False,False,2025-07-21T00:00:00+00:00,valid,"{""expected_uncensored"": 12.6248, ""family"": ""regular"", ""generator"": ""synthetic-1.0"", ""seed"": 42, ""shock_multiplier"": 1.0}"
f9638d9f1e3790cae99cff40,sample-v1,SKU-0001,CHI,2025-07-18,16.0,False,False,2025-07-21T00:00:00+00:00,valid,"{""expected_uncensored"": 11.3752, ""family"": ""regular"", ""generator"": ""synthetic-1.0"", ""seed"": 42, ""shock_multiplier"": 1.0}"
8b6ac70d0b882a9eb5a5b380,sample-v1,SKU-0001,CHI,2025-07-19,10.0,False,False,2025-07-21T00:00:00+00:00,valid,"{""expected_uncensored"": 10.5961, ""family"": ""regular"", ""generator"": ""synthetic-1.0"", ""seed"": 42, ""shock_multiplier"": 1.0}"
0fdef807e257182858874680,sample-v1,SKU-0001,CHI,2025-07-20,9.0,False,False,2025-07-21T00:00:00+00:00,valid,"{""expected_uncensored"": 10.8742, ""family"": ""regular"", ""generator"": ""synthetic-1.0"", ""seed"": 42, ""shock_multiplier"": 1.0}"
b921bb854768e90bf56ac58b,sample-v1,SKU-0001,DAL,2025-01-06,25.0,False,False,2025-07-21T00:00:00+00:00,valid,"{""expected_uncensored"": 19.0, ""family"": ""regular"", ""generator"": ""synthetic-1.0"", ""seed"": 42, ""shock_multiplier"": 1.0}"
3589e5a97b2fdc052dae3ab6,sample-v1,SKU-0001,DAL,2025-01-07,19.0,False,False,2025-07-21T00:00:00+00:00,valid,"{""expected_uncensored"": 20.7826, ""family"": ""regular"", ""generator"": ""synthetic-1.0"", ""seed"": 42, ""shock_multiplier"": 1.0}"
7da9a29cb20a037e74eb0792,sample-v1,SKU-0001,DAL,2025-01-08,23.0,False,False,2025-07-21T00:00:00+00:00,valid,"{""expected_uncensored"": 21.2228, ""family"": ""regular"", ""generator"": ""synthetic-1.0"", ""seed"": 42, ""shock_multiplier"": 1.0}"
53e4617ab60e150417623c9f,sample-v1,SKU-0001,DAL,2025-01-09,17.0,False,False,2025-07-21T00:00:00+00:00,valid,"{""expected_uncensored"": 19.9893, ""family"": ""regular"", ""generator"": ""synthetic-1.0"", ""seed"": 42, ""shock_multiplier"": 1.0}"
edd8349e1956aca431000889,sample-v1,SKU-0001,DAL,2025-01-10,13.0,False,False,2025-07-21T00:00:00+00:00,valid,"{""expected_uncensored"": 18.0107, ""family"": ""regular"", ""generator"": ""synthetic-1.0"", ""seed"": 42, ""shock_multiplier"": 1.0}"
3d7cb003a17e498716a3557b,sample-v1,SKU-0001,DAL,2025-01-11,9.0,False,False,2025-07-21T00:00:00+00:00,valid,"{""expected_uncensored"": 16.7772, ""family"": ""regular"", ""generator"": ""synthetic-1.0"", ""seed"": 42, ""shock_multiplier"": 1.0}"
d80d052ce49b3385b5eedb02,sample-v1,SKU-0001,DAL,2025-01-12,30.0,False,False,2025-07-21T00:00:00+00:00,valid,"{""expected_uncensored"": 17.2174, ""family"": ""regular"", ""generator"": ""synthetic-1.0"", ""seed"": 42, ""shock_multiplier"": 1.0}"
808543a08cabb1ef006703cb,sample-v1,SKU-0001,DAL,2025-01-13,33.0,True,False,2025-07-21T00:00:00+00:00,valid,"{""expected_uncensored"": 31.35, ""family"": ""regular"", ""generator"": ""synthetic-1.0"", ""seed"": 42, ""shock_multiplier"": 1.0}"
d454c53230ae0b6687acf942,sample-v1,SKU-0001,DAL,2025-01-14,42.0,True,False,2025-07-21T00:00:00+00:00,valid,"{""expected_uncensored"": 34.2913, ""family"": ""regular"", ""generator"": ""synthetic-1.0"", ""seed"": 42, ""shock_multiplier"": 1.0}"
d1f033ab4d41cccb773a99a4,sample-v1,SKU-0001,DAL,2025-01-15,36.0,True,False,2025-07-21T00:00:00+00:00,valid,"{""expected_uncensored"": 35.0177, ""family"": ""regular"", ""generator"": ""synthetic-1.0"", ""seed"": 42, ""shock_multiplier"": 1.0}"
1e21e8a125ab975a894a45cb,sample-v1,SKU-0001,DAL,2025-01-16,31.0,True,False,2025-07-21T00:00:00+00:00,valid,"{""expected_uncensored"": 32.9823, ""family"": ""regular"", ""generator"": ""synthetic-1.0"", ""seed"": 42, ""shock_multiplier"": 1.0}"
5d7049dacdd4aff78be7a003,sample-v1,SKU-0001,DAL,2025-01-17,33.0,True,False,2025-07-21T00:00:00+00:00,valid,"{""expected_uncensored"": 29.7177, ""family"": ""regular"", ""generator"": ""synthetic-1.0"", ""seed"": 42, ""shock_multiplier"": 1.0}"
9a80ee59c408c3fbd48e2573,sample-v1,SKU-0001,DAL,2025-01-18,25.0,True,False,2025-07-21T00:00:00+00:00,valid,"{""expected_uncensored"": 27.6823, ""family"": ""regular"", ""generator"": ""synthetic-1.0"", ""seed"": 42, ""shock_multiplier"": 1.0}"
f27d5cdf97176b559e7f4a8d,sample-v1,SKU-0001,DAL,2025-01-19,29.0,True,False,2025-07-21T00:00:00+00:00,valid,"{""expected_uncensored"": 28.4087, ""family"": ""regular"", ""generator"": ""synthetic-1.0"", ""seed"": 42, ""shock_multiplier"": 1.0}"
9fd42c039a29122a407b5b19,sample-v1,SKU-0001,DAL,2025-01-20,24.0,False,False,2025-07-21T00:00:00+00:00,valid,"{""expected_uncensored"": 19.0, ""family"": ""regular"", ""generator"": ""synthetic-1.0"", ""seed"": 42, ""shock_multiplier"": 1.0}"
68f438145683e8c20306f589,sample-v1,SKU-0001,DAL,2025-01-21,15.0,False,False,2025-07-21T00:00:00+00:00,valid,"{""expected_uncensored"": 20.7826, ""family"": ""regular"", ""generator"": ""synthetic-1.0"", ""seed"": 42, ""shock_multiplier"": 1.0}"
c30e80b1a0404e5c5dad31da,sample-v1,SKU-0001,DAL,2025-01-22,18.0,False,False,2025-07-21T00:00:00+00:00,valid,"{""expected_uncensored"": 21.2228, ""family"": ""regular"", ""generator"": ""synthetic-1.0"", ""seed"": 42, ""shock_multiplier"": 1.0}"
1c0618e44c226c1de222f56d,sample-v1,SKU-0001,DAL,2025-01-23,19.0,False,False,2025-07-21T00:00:00+00:00,valid,"{""expected_uncensored"": 19.9893, ""family"": ""regular"", ""generator"": ""synthetic-1.0"", ""seed"": 42, ""shock_multiplier"": 1.0}"
702f05f706a2a1b938f9b5d3,sample-v1,SKU-0001,DAL,2025-01-24,24.0,False,False,2025-07-21T00:00:00+00:00,valid,"{""expected_uncensored"": 18.0107, ""family"": ""regular"", ""generator"": ""synthetic-1.0"", ""seed"": 42, ""shock_multiplier"": 1.0}"
2bb0d306d0ca82750d98356e,sample-v1,SKU-0001,DAL,2025-01-25,10.0,False,False,2025-07-21T00:00:00+00:00,valid,"{""expected_uncensored"": 16.7772, ""family"": ""regular"", ""generator"": ""synthetic-1.0"", ""seed"": 42, ""shock_multiplier"": 1.0}"
c48651f9c51986f4e6371cc9,sample-v1,SKU-0001,DAL,2025-01-26,17.0,False,False,2025-07-21T00:00:00+00:00,valid,"{""expected_uncensored"": 17.2174, ""family"": ""regular"", ""generator"": ""synthetic-1.0"", ""seed"": 42, ""shock_multiplier"": 1.0}"
557f90424df64804b73d1159,sample-v1,SKU-0001,DAL,2025-01-27,19.0,False,False,2025-07-21T00:00:00+00:00,valid,"{""expected_uncensored"": 19.0, ""family"": ""regular"", ""generator"": ""synthetic-1.0"", ""seed"": 42, ""shock_multiplier"": 1.0}"
fa8f1495be05d8fc643f0e1e,sample-v1,SKU-0001,DAL,2025-01-28,14.0,False,False,2025-07-21T00:00:00+00:00,valid,"{""expected_uncensored"": 20.7826, ""family"": ""regular"", ""generator"": ""synthetic-1.0"", ""seed"": 42, ""shock_multiplier"": 1.0}"
3d53a9e25b75e342cd59f63d,sample-v1,SKU-0001,DAL,2025-01-29,21.0,False,False,2025-07-21T00:00:00+00:00,valid,"{""expected_uncensored"": 21.2228, ""family"": ""regular"", ""generator"": ""synthetic-1.0"", ""seed"": 42, ""shock_multiplier"": 1.0}"
654dd70fabd2255fbdf8cc49,sample-v1,SKU-0001,DAL,2025-01-30,22.0,False,False,2025-07-21T00:00:00+00:00,valid,"{""expected_uncensored"": 19.9893, ""family"": ""regular"", ""generator"": ""synthetic-1.0"", ""seed"": 42, ""shock_multiplier"": 1.0}"
ed9c505bbe2f75ca9ce64097,sample-v1,SKU-0001,DAL,2025-01-31,25.0,False,False,2025-07-21T00:00:00+00:00,valid,"{""expected_uncensored"": 18.0107, ""family"": ""regular"", ""generator"": ""synthetic-1.0"", ""seed"": 42, ""shock_multiplier"": 1.0}"
aab3520901486e1088417e3a,sample-v1,SKU-0001,DAL,2025-02-01,18.0,False,False,2025-07-21T00:00:00+00:00,valid,"{""expected_uncensored"": 16.7772, ""family"": ""regular"", ""generator"": ""synthetic-1.0"", ""seed"": 42, ""shock_multiplier"": 1.0}"
7a8ff0acc8931a690e7dbfa8,sample-v1,SKU-0001,DAL,2025-02-02,21.0,False,False,2025-07-21T00:00:00+00:00,valid,"{""expected_uncensored"": 17.2174, ""family"": ""regular"", ""generator"": ""synthetic-1.0"", ""seed"": 42, ""shock_multiplier"": 1.0}"
7b905c310dfcc13edc056dce,sample-v1,SKU-0001,DAL,2025-02-03,12.0,False,False,2025-07-21T00:00:00+00:00,valid,"{""expected_uncensored"": 19.0, ""family"": ""regular"", ""generator"": ""synthetic-1.0"", ""seed"": 42, ""shock_multiplier"": 1.0}"
11ca93b773287d1526382cf5,sample-v1,SKU-0001,DAL,2025-02-04,23.0,False,False,2025-07-21T00:00:00+00:00,valid,"{""expected_uncensored"": 20.7826, ""family"": ""regular"", ""generator"": ""synthetic-1.0"", ""seed"": 42, ""shock_multiplier"": 1.0}"
3ff2947b18cd27eb85fab4a2,sample-v1,SKU-0001,DAL,2025-02-05,18.0,False,False,2025-07-21T00:00:00+00:00,valid,"{""expected_uncensored"": 21.2228, ""family"": ""regular"", ""generator"": ""synthetic-1.0"", ""seed"": 42, ""shock_multiplier"": 1.0}"
444686dab900e927792cf177,sample-v1,SKU-0001,DAL,2025-02-06,16.0,False,False,2025-07-21T00:00:00+00:00,valid,"{""expected_uncensored"": 19.9893, ""family"": ""regular"", ""generator"": ""synthetic-1.0"", ""seed"": 42, ""shock_multiplier"": 1.0}"
6ff5326284ade611ae99728c,sample-v1,SKU-0001,DAL,2025-02-07,22.0,False,False,2025-07-21T00:00:00+00:00,valid,"{""expected_uncensored"": 18.0107, ""family"": ""regular"", ""generator"": ""synthetic-1.0"", ""seed"": 42, ""shock_multiplier"": 1.0}"
7337c8673cebecac8672247b,sample-v1,SKU-0001,DAL,2025-02-08,16.0,False,False,2025-07-21T00:00:00+00:00,valid,"{""expected_uncensored"": 16.7772, ""family"": ""regular"", ""generator"": ""synthetic-1.0"", ""seed"": 42, ""shock_multiplier"": 1.0}"
3fd797d896e08cc295897999,sample-v1,SKU-0001,DAL,2025-02-09,15.0,False,False,2025-07-21T00:00:00+00:00,valid,"{""expected_uncensored"": 17.2174, ""family"": ""regular"", ""generator"": ""synthetic-1.0"", ""seed"": 42, ""shock_multiplier"": 1.0}"
4881b8e97b6e765f7126bca7,sample-v1,SKU-0001,DAL,2025-02-10,31.0,False,False,2025-07-21T00:00:00+00:00,valid,"{""expected_uncensored"": 19.0, ""family"": ""regular"", ""generator"": ""synthetic-1.0"", ""seed"": 42, ""shock_multiplier"": 1.0}"
b9855547c5d809361f62a322,sample-v1,SKU-0001,DAL,2025-02-11,23.0,False,False,2025-07-21T00:00:00+00:00,valid,"{""expected_uncensored"": 20.7826, ""family"": ""regular"", ""generator"": ""synthetic-1.0"", ""seed"": 42, ""shock_multiplier"": 1.0}"
8a230e44215a90d16cc7997f,sample-v1,SKU-0001,DAL,2025-02-12,19.0,False,False,2025-07-21T00:00:00+00:00,valid,"{""expected_uncensored"": 21.2228, ""family"": ""regular"", ""generator"": ""synthetic-1.0"", ""seed"": 42, ""shock_multiplier"": 1.0}"
1a3b565f2dc42d56ba1e12b6,sample-v1,SKU-0001,DAL,2025-02-13,23.0,False,False,2025-07-21T00:00:00+00:00,valid,"{""expected_uncensored"": 19.9893, ""family"": ""regular"", ""generator"": ""synthetic-1.0"", ""seed"": 42, ""shock_multiplier"": 1.0}"
2d90994afc6f0fa99079756e,sample-v1,SKU-0001,DAL,2025-02-14,25.0,False,False,2025-07-21T00:00:00+00:00,valid,"{""expected_uncensored"": 18.0107, ""family"": ""regular"", ""generator"": ""synthetic-1.0"", ""seed"": 42, ""shock_multiplier"": 1.0}"
244d743ba77baa26ab7b8d22,sample-v1,SKU-0001,DAL,2025-02-15,16.0,False,False,2025-07-21T00:00:00+00:00,valid,"{""expected_uncensored"": 16.7772, ""family"": ""regular"", ""generator"": ""synthetic-1.0"", ""seed"": 42, ""shock_multiplier"": 1.0}"
9fa7eb0bd720c93989af7211,sample-v1,SKU-0001,DAL,2025-02-16,22.0,False,False,2025-07-21T00:00:00+00:00,valid,"{""expected_uncensored"": 17.2174, ""family"": ""regular"", ""generator"": ""synthetic-1.0"", ""seed"": 42, ""shock_multiplier"": 1.0}"
d97992f36c4e5ed9841e9603,sample-v1,SKU-0001,DAL,2025-02-17,23.0,False,False,2025-07-21T00:00:00+00:00,valid,"{""expected_uncensored"": 19.0, ""family"": ""regular"", ""generator"": ""synthetic-1.0"", ""seed"": 42, ""shock_multiplier"": 1.0}"
528b829c780aee956783c549,sample-v1,SKU-0001,DAL,2025-02-18,16.0,False,False,2025-07-21T00:00:00+00:00,valid,"{""expected_uncensored"": 20.7826, ""family"": ""regular"", ""generator"": ""synthetic-1.0"", ""seed"": 42, ""shock_multiplier"": 1.0}"
77971ee29ddc34161b9cd805,sample-v1,SKU-0001,DAL,2025-02-19,25.0,False,False,2025-07-21T00:00:00+00:00,valid,"{""expected_uncensored"": 21.2228, ""family"": ""regular"", ""generator"": ""synthetic-1.0"", ""seed"": 42, ""shock_multiplier"": 1.0}"
d0cca8fca0aeaaa156a0e1ab,sample-v1,SKU-0001,DAL,2025-02-20,13.0,False,False,2025-07-21T00:00:00+00:00,valid,"{""expected_uncensored"": 19.9893, ""family"": ""regular"", ""generator"": ""synthetic-1.0"", ""seed"": 42, ""shock_multiplier"": 1.0}"
eeb2e6c21601335d5bb204e7,sample-v1,SKU-0001,DAL,2025-02-21,15.0,False,False,2025-07-21T00:00:00+00:00,valid,"{""expected_uncensored"": 18.0107, ""family"": ""regular"", ""generator"": ""synthetic-1.0"", ""seed"": 42, ""shock_multiplier"": 1.0}"
ac50b349b8c1b603c74a1ac8,sample-v1,SKU-0001,DAL,2025-02-22,9.0,False,False,2025-07-21T00:00:00+00:00,valid,"{""expected_uncensored"": 16.7772, ""family"": ""regular"", ""generator"": ""synthetic-1.0"", ""seed"": 42, ""shock_multiplier"": 1.0}"
bf16681d8ea49cb4d1c8a780,sample-v1,SKU-0001,DAL,2025-02-23,22.0,False,False,2025-07-21T00:00:00+00:00,valid,"{""expected_uncensored"": 17.2174, ""family"": ""regular"", ""generator"": ""synthetic-1.0"", ""seed"": 42, ""shock_multiplier"": 1.0}"
6d8929c8303786feb7ad8b71,sample-v1,SKU-0001,DAL,2025-02-24,15.0,False,False,2025-07-21T00:00:00+00:00,valid,"{""expected_uncensored"": 19.0, ""family"": ""regular"", ""generator"": ""synthetic-1.0"", ""seed"": 42, ""shock_multiplier"": 1.0}"
493fae956ff8425392d7fdba,sample-v1,SKU-0001,DAL,2025-02-25,19.0,False,False,2025-07-21T00:00:00+00:00,valid,"{""expected_uncensored"": 20.7826, ""family"": ""regular"", ""generator"": ""synthetic-1.0"", ""seed"": 42, ""shock_multiplier"": 1.0}"
19a5364b75f4359b857512b6,sample-v1,SKU-0001,DAL,2025-02-26,17.0,False,False,2025-07-21T00:00:00+00:00,valid,"{""expected_uncensored"": 21.2228, ""family"": ""regular"", ""generator"": ""synthetic-1.0"", ""seed"": 42, ""shock_multiplier"": 1.0}"
792865c0a27ecbe3e01523b7,sample-v1,SKU-0001,DAL,2025-02-27,25.0,False,False,2025-07-21T00:00:00+00:00,valid,"{""expected_uncensored"": 19.9893, ""family"": ""regular"", ""generator"": ""synthetic-1.0"", ""seed"": 42, ""shock_multiplier"": 1.0}"
2a7598f16586c2e373cd6a27,sample-v1,SKU-0001,DAL,2025-02-28,21.0,False,False,2025-07-21T00:00:00+00:00,valid,"{""expected_uncensored"": 18.0107, ""family"": ""regular"", ""generator"": ""synthetic-1.0"", ""seed"": 42, ""shock_multiplier"": 1.0}"
7a4a3c41879ab21e89698e81,sample-v1,SKU-0001,DAL,2025-03-01,16.0,False,False,2025-07-21T00:00:00+00:00,valid,"{""expected_uncensored"": 16.7772, ""family"": ""regular"", ""generator"": ""synthetic-1.0"", ""seed"": 42, ""shock_multiplier"": 1.0}"
4b62d4e75e11f5fbdfb7215d,sample-v1,SKU-0001,DAL,2025-03-02,17.0,False,False,2025-07-21T00:00:00+00:00,valid,"{""expected_uncensored"": 17.2174, ""family"": ""regular"", ""generator"": ""synthetic-1.0"", ""seed"": 42, ""shock_multiplier"": 1.0}"
c7315b060f10c191d46c0dd2,sample-v1,SKU-0001,DAL,2025-03-03,23.0,False,False,2025-07-21T00:00:00+00:00,valid,"{""expected_uncensored"": 19.0, ""family"": ""regular"", ""generator"": ""synthetic-1.0"", ""seed"": 42, ""shock_multiplier"": 1.0}"
837207f52cdb0b5f127aca05,sample-v1,SKU-0001,DAL,2025-03-04,23.0,False,False,2025-07-21T00:00:00+00:00,valid,"{""expected_uncensored"": 20.7826, ""family"": ""regular"", ""generator"": ""synthetic-1.0"", ""seed"": 42, ""shock_multiplier"": 1.0}"
fd9a4c27530817b7c4bfe7f3,sample-v1,SKU-0001,DAL,2025-03-05,20.0,False,False,2025-07-21T00:00:00+00:00,valid,"{""expected_uncensored"": 21.2228, ""family"": ""regular"", ""generator"": ""synthetic-1.0"", ""seed"": 42, ""shock_multiplier"": 1.0}"
66d9a38235e414a47f159a55,sample-v1,SKU-0001,DAL,2025-03-06,26.0,False,False,2025-07-21T00:00:00+00:00,valid,"{""expected_uncensored"": 19.9893, ""family"": ""regular"", ""generator"": ""synthetic-1.0"", ""seed"": 42, ""shock_multiplier"": 1.0}"
69ffedde7b5921dc4667bd5e,sample-v1,SKU-0001,DAL,2025-03-07,0.0,False,True,2025-07-21T00:00:00+00:00,warning,"{""expected_uncensored"": 18.0107, ""family"": ""regular"", ""generator"": ""synthetic-1.0"", ""seed"": 42, ""shock_multiplier"": 1.0}"
6441571104cf87c6d34b0747,sample-v1,SKU-0001,DAL,2025-03-08,0.0,False,True,2025-07-21T00:00:00+00:00,warning,"{""expected_uncensored"": 16.7772, ""family"": ""regular"", ""generator"": ""synthetic-1.0"", ""seed"": 42, ""shock_multiplier"": 1.0}"
9ebead4076113e991be3d594,sample-v1,SKU-0001,DAL,2025-03-09,14.0,False,False,2025-07-21T00:00:00+00:00,valid,"{""expected_uncensored"": 17.2174, ""family"": ""regular"", ""generator"": ""synthetic-1.0"", ""seed"": 42, ""shock_multiplier"": 1.0}"
4be0e5ec757a9f134dc1d4db,sample-v1,SKU-0001,DAL,2025-03-10,24.0,False,False,2025-07-21T00:00:00+00:00,valid,"{""expected_uncensored"": 19.0, ""family"": ""regular"", ""generator"": ""synthetic-1.0"", ""seed"": 42, ""shock_multiplier"": 1.0}"
e0ada1c16440dd169a504cd3,sample-v1,SKU-0001,DAL,2025-03-11,16.0,False,False,2025-07-21T00:00:00+00:00,valid,"{""expected_uncensored"": 20.7826, ""family"": ""regular"", ""generator"": ""synthetic-1.0"", ""seed"": 42, ""shock_multiplier"": 1.0}"
6b0c5764fb541a11f142db66,sample-v1,SKU-0001,DAL,2025-03-12,19.0,False,False,2025-07-21T00:00:00+00:00,valid,"{""expected_uncensored"": 21.2228, ""family"": ""regular"", ""generator"": ""synthetic-1.0"", ""seed"": 42, ""shock_multiplier"": 1.0}"
050b37a7c9790c3d81275ac4,sample-v1,SKU-0001,DAL,2025-03-13,18.0,False,False,2025-07-21T00:00:00+00:00,valid,"{""expected_uncensored"": 19.9893, ""family"": ""regular"", ""generator"": ""synthetic-1.0"", ""seed"": 42, ""shock_multiplier"": 1.0}"
5c6e24638deed1fd82ab7a13,sample-v1,SKU-0001,DAL,2025-03-14,10.0,False,False,2025-07-21T00:00:00+00:00,valid,"{""expected_uncensored"": 18.0107, ""family"": ""regular"", ""generator"": ""synthetic-1.0"", ""seed"": 42, ""shock_multiplier"": 1.0}"
86f21fd0d3c441be1b9e950e,sample-v1,SKU-0001,DAL,2025-03-15,16.0,False,False,2025-07-21T00:00:00+00:00,valid,"{""expected_uncensored"": 16.7772, ""family"": ""regular"", ""generator"": ""synthetic-1.0"", ""seed"": 42, ""shock_multiplier"": 1.0}"
b3fc061ebba3fff70837ef1e,sample-v1,SKU-0001,DAL,2025-03-16,16.0,False,False,2025-07-21T00:00:00+00:00,valid,"{""expected_uncensored"": 17.2174, ""family"": ""regular"", ""generator"": ""synthetic-1.0"", ""seed"": 42, ""shock_multiplier"": 1.0}"
a79cdd1a98a034034dcc65ab,sample-v1,SKU-0001,DAL,2025-03-17,20.0,True,False,2025-07-21T00:00:00+00:00,valid,"{""expected_uncensored"": 31.35, ""family"": ""regular"", ""generator"": ""synthetic-1.0"", ""seed"": 42, ""shock_multiplier"": 1.0}"
9c7bd0746b21b93173925590,sample-v1,SKU-0001,DAL,2025-03-18,23.0,True,False,2025-07-21T00:00:00+00:00,valid,"{""expected_uncensored"": 34.2913, ""family"": ""regular"", ""generator"": ""synthetic-1.0"", ""seed"": 42, ""shock_multiplier"": 1.0}"
9822ebb1f0a25d1824ac7e2f,sample-v1,SKU-0001,DAL,2025-03-19,34.0,True,False,2025-07-21T00:00:00+00:00,valid,"{""expected_uncensored"": 35.0177, ""family"": ""regular"", ""generator"": ""synthetic-1.0"", ""seed"": 42, ""shock_multiplier"": 1.0}"
67290fb889f04ac08e780835,sample-v1,SKU-0001,DAL,2025-03-20,34.0,True,False,2025-07-21T00:00:00+00:00,valid,"{""expected_uncensored"": 32.9823, ""family"": ""regular"", ""generator"": ""synthetic-1.0"", ""seed"": 42, ""shock_multiplier"": 1.0}"
2109545bf76fc7ca6408da34,sample-v1,SKU-0001,DAL,2025-03-21,30.0,True,False,2025-07-21T00:00:00+00:00,valid,"{""expected_uncensored"": 29.7177, ""family"": ""regular"", ""generator"": ""synthetic-1.0"", ""seed"": 42, ""shock_multiplier"": 1.0}"
fed915c86024e235df5fdb6c,sample-v1,SKU-0001,DAL,2025-03-22,25.0,True,False,2025-07-21T00:00:00+00:00,valid,"{""expected_uncensored"": 27.6823, ""family"": ""regular"", ""generator"": ""synthetic-1.0"", ""seed"": 42, ""shock_multiplier"": 1.0}"
b598311f9bb01f5fe0a44ea7,sample-v1,SKU-0001,DAL,2025-03-23,27.0,True,False,2025-07-21T00:00:00+00:00,valid,"{""expected_uncensored"": 28.4087, ""family"": ""regular"", ""generator"": ""synthetic-1.0"", ""seed"": 42, ""shock_multiplier"": 1.0}"
46d629a5c6d14d426ebfa5cf,sample-v1,SKU-0001,DAL,2025-03-24,20.0,False,False,2025-07-21T00:00:00+00:00,valid,"{""expected_uncensored"": 19.0, ""family"": ""regular"", ""generator"": ""synthetic-1.0"", ""seed"": 42, ""shock_multiplier"": 1.0}"
b68dd11d7947f98555052741,sample-v1,SKU-0001,DAL,2025-03-25,20.0,False,False,2025-07-21T00:00:00+00:00,valid,"{""expected_uncensored"": 20.7826, ""family"": ""regular"", ""generator"": ""synthetic-1.0"", ""seed"": 42, ""shock_multiplier"": 1.0}"
ef9550d6ac4e83edae4be768,sample-v1,SKU-0001,DAL,2025-03-26,24.0,False,False,2025-07-21T00:00:00+00:00,valid,"{""expected_uncensored"": 21.2228, ""family"": ""regular"", ""generator"": ""synthetic-1.0"", ""seed"": 42, ""shock_multiplier"": 1.0}"
af5f3fbbdea343bcf313c22b,sample-v1,SKU-0001,DAL,2025-03-27,28.0,False,False,2025-07-21T00:00:00+00:00,valid,"{""expected_uncensored"": 19.9893, ""family"": ""regular"", ""generator"": ""synthetic-1.0"", ""seed"": 42, ""shock_multiplier"": 1.0}"
16d2d5296cb08b8d4f9b9b3a,sample-v1,SKU-0001,DAL,2025-03-28,10.0,False,False,2025-07-21T00:00:00+00:00,valid,"{""expected_uncensored"": 18.0107, ""family"": ""regular"", ""generator"": ""synthetic-1.0"", ""seed"": 42, ""shock_multiplier"": 1.0}"
7aaf80e1e429f630869c0040,sample-v1,SKU-0001,DAL,2025-03-29,13.0,False,False,2025-07-21T00:00:00+00:00,valid,"{""expected_uncensored"": 16.7772, ""family"": ""regular"", ""generator"": ""synthetic-1.0"", ""seed"": 42, ""shock_multiplier"": 1.0}"
60373531a25d6bc441062b74,sample-v1,SKU-0001,DAL,2025-03-30,22.0,False,False,2025-07-21T00:00:00+00:00,valid,"{""expected_uncensored"": 17.2174, ""family"": ""regular"", ""generator"": ""synthetic-1.0"", ""seed"": 42, ""shock_multiplier"": 1.0}"
25c9096b962e235ecf6f2562,sample-v1,SKU-0001,DAL,2025-03-31,21.0,False,False,2025-07-21T00:00:00+00:00,valid,"{""expected_uncensored"": 19.0, ""family"": ""regular"", ""generator"": ""synthetic-1.0"", ""seed"": 42, ""shock_multiplier"": 1.0}"
acadc592844fc8d7f962fd68,sample-v1,SKU-0001,DAL,2025-04-01,30.0,False,False,2025-07-21T00:00:00+00:00,valid,"{""expected_uncensored"": 20.7826, ""family"": ""regular"", ""generator"": ""synthetic-1.0"", ""seed"": 42, ""shock_multiplier"": 1.0}"
d8cedff1f0b480dcaa778b7c,sample-v1,SKU-0001,DAL,2025-04-02,21.0,False,False,2025-07-21T00:00:00+00:00,valid,"{""expected_uncensored"": 21.2228, ""family"": ""regular"", ""generator"": ""synthetic-1.0"", ""seed"": 42, ""shock_multiplier"": 1.0}"
9fae46003b3c186124840428,sample-v1,SKU-0001,DAL,2025-04-03,22.0,False,False,2025-07-21T00:00:00+00:00,valid,"{""expected_uncensored"": 19.9893, ""family"": ""regular"", ""generator"": ""synthetic-1.0"", ""seed"": 42, ""shock_multiplier"": 1.0}"
f3df9425a2331171ed9a55bc,sample-v1,SKU-0001,DAL,2025-04-04,14.0,False,False,2025-07-21T00:00:00+00:00,valid,"{""expected_uncensored"": 18.0107, ""family"": ""regular"", ""generator"": ""synthetic-1.0"", ""seed"": 42, ""shock_multiplier"": 1.0}"
0637fc17845952dc3d137197,sample-v1,SKU-0001,DAL,2025-04-05,20.0,False,False,2025-07-21T00:00:00+00:00,valid,"{""expected_uncensored"": 16.7772, ""family"": ""regular"", ""generator"": ""synthetic-1.0"", ""seed"": 42, ""shock_multiplier"": 1.0}"
55eb21233735e898866aa64f,sample-v1,SKU-0001,DAL,2025-04-06,26.0,False,False,2025-07-21T00:00:00+00:00,valid,"{""expected_uncensored"": 17.2174, ""family"": ""regular"", ""generator"": ""synthetic-1.0"", ""seed"": 42, ""shock_multiplier"": 1.0}"
4bdbb3088fb53f6e23ec62b1,sample-v1,SKU-0001,DAL,2025-04-07,17.0,False,False,2025-07-21T00:00:00+00:00,valid,"{""expected_uncensored"": 19.0, ""family"": ""regular"", ""generator"": ""synthetic-1.0"", ""seed"": 42, ""shock_multiplier"": 1.0}"
adae2ccf83c4a473b018ffa5,sample-v1,SKU-0001,DAL,2025-04-08,19.0,False,False,2025-07-21T00:00:00+00:00,valid,"{""expected_uncensored"": 20.7826, ""family"": ""regular"", ""generator"": ""synthetic-1.0"", ""seed"": 42, ""shock_multiplier"": 1.0}"
4dc40da9aebc23bed2bce5d1,sample-v1,SKU-0001,DAL,2025-04-09,19.0,False,False,2025-07-21T00:00:00+00:00,valid,"{""expected_uncensored"": 21.2228, ""family"": ""regular"", ""generator"": ""synthetic-1.0"", ""seed"": 42, ""shock_multiplier"": 1.0}"
66928264f608cb780cd5d28f,sample-v1,SKU-0001,DAL,2025-04-10,25.0,False,False,2025-07-21T00:00:00+00:00,valid,"{""expected_uncensored"": 19.9893, ""family"": ""regular"", ""generator"": ""synthetic-1.0"", ""seed"": 42, ""shock_multiplier"": 1.0}"
105f0fe923f1b2dbef6b747f,sample-v1,SKU-0001,DAL,2025-04-11,17.0,False,False,2025-07-21T00:00:00+00:00,valid,"{""expected_uncensored"": 18.0107, ""family"": ""regular"", ""generator"": ""synthetic-1.0"", ""seed"": 42, ""shock_multiplier"": 1.0}"
ba4491285d6818ba5a64344d,sample-v1,SKU-0001,DAL,2025-04-12,22.0,False,False,2025-07-21T00:00:00+00:00,valid,"{""expected_uncensored"": 16.7772, ""family"": ""regular"", ""generator"": ""synthetic-1.0"", ""seed"": 42, ""shock_multiplier"": 1.0}"
d7a02f13139fa5f79297ab1a,sample-v1,SKU-0001,DAL,2025-04-13,21.0,False,False,2025-07-21T00:00:00+00:00,valid,"{""expected_uncensored"": 17.2174, ""family"": ""regular"", ""generator"": ""synthetic-1.0"", ""seed"": 42, ""shock_multiplier"": 1.0}"
4f72f079d06da21a958c014d,sample-v1,SKU-0001,DAL,2025-04-14,17.0,False,False,2025-07-21T00:00:00+00:00,valid,"{""expected_uncensored"": 19.0, ""family"": ""regular"", ""generator"": ""synthetic-1.0"", ""seed"": 42, ""shock_multiplier"": 1.0}"
b7ff326d50cc332646b829fa,sample-v1,SKU-0001,DAL,2025-04-15,22.0,False,False,2025-07-21T00:00:00+00:00,valid,"{""expected_uncensored"": 20.7826, ""family"": ""regular"", ""generator"": ""synthetic-1.0"", ""seed"": 42, ""shock_multiplier"": 1.0}"
c115c5e37ec09df8246ab0df,sample-v1,SKU-0001,DAL,2025-04-16,15.0,False,False,2025-07-21T00:00:00+00:00,valid,"{""expected_uncensored"": 21.2228, ""family"": ""regular"", ""generator"": ""synthetic-1.0"", ""seed"": 42, ""shock_multiplier"": 1.0}"
08f79bb376907b3f5cafd39d,sample-v1,SKU-0001,DAL,2025-04-17,18.0,False,False,2025-07-21T00:00:00+00:00,valid,"{""expected_uncensored"": 19.9893, ""family"": ""regular"", ""generator"": ""synthetic-1.0"", ""seed"": 42, ""shock_multiplier"": 1.0}"
58e17546bb644ab86dbc7de9,sample-v1,SKU-0001,DAL,2025-04-18,14.0,False,False,2025-07-21T00:00:00+00:00,valid,"{""expected_uncensored"": 18.0107, ""family"": ""regular"", ""generator"": ""synthetic-1.0"", ""seed"": 42, ""shock_multiplier"": 1.0}"
a9cae7277362476faad514b9,sample-v1,SKU-0001,DAL,2025-04-19,18.0,False,False,2025-07-21T00:00:00+00:00,valid,"{""expected_uncensored"": 16.7772, ""family"": ""regular"", ""generator"": ""synthetic-1.0"", ""seed"": 42, ""shock_multiplier"": 1.0}"
74b18e3074e5cf89b31d36d3,sample-v1,SKU-0001,DAL,2025-04-20,19.0,False,False,2025-07-21T00:00:00+00:00,valid,"{""expected_uncensored"": 17.2174, ""family"": ""regular"", ""generator"": ""synthetic-1.0"", ""seed"": 42, ""shock_multiplier"": 1.0}"
ff6baa6fb291b6fbaf40e958,sample-v1,SKU-0001,DAL,2025-04-21,21.0,False,False,2025-07-21T00:00:00+00:00,valid,"{""expected_uncensored"": 19.0, ""family"": ""regular"", ""generator"": ""synthetic-1.0"", ""seed"": 42, ""shock_multiplier"": 1.0}"
358ddadc1479da8973c87bbd,sample-v1,SKU-0001,DAL,2025-04-22,22.0,False,False,2025-07-21T00:00:00+00:00,valid,"{""expected_uncensored"": 20.7826, ""family"": ""regular"", ""generator"": ""synthetic-1.0"", ""seed"": 42, ""shock_multiplier"": 1.0}"
a5904639af84359b8b654ddb,sample-v1,SKU-0001,DAL,2025-04-23,20.0,False,False,2025-07-21T00:00:00+00:00,valid,"{""expected_uncensored"": 21.2228, ""family"": ""regular"", ""generator"": ""synthetic-1.0"", ""seed"": 42, ""shock_multiplier"": 1.0}"
ad6c1fbdaaafdeeac117ad65,sample-v1,SKU-0001,DAL,2025-04-24,14.0,False,False,2025-07-21T00:00:00+00:00,valid,"{""expected_uncensored"": 19.9893, ""family"": ""regular"", ""generator"": ""synthetic-1.0"", ""seed"": 42, ""shock_multiplier"": 1.0}"
a7494648e944bb5d4e148a6b,sample-v1,SKU-0001,DAL,2025-04-25,17.0,False,False,2025-07-21T00:00:00+00:00,valid,"{""expected_uncensored"": 18.0107, ""family"": ""regular"", ""generator"": ""synthetic-1.0"", ""seed"": 42, ""shock_multiplier"": 1.0}"
f27d6ffab6d27e232a9fb3ea,sample-v1,SKU-0001,DAL,2025-04-26,21.0,False,False,2025-07-21T00:00:00+00:00,valid,"{""expected_uncensored"": 16.7772, ""family"": ""regular"", ""generator"": ""synthetic-1.0"", ""seed"": 42, ""shock_multiplier"": 1.0}"
2885fe7c22157f4534c6b60b,sample-v1,SKU-0001,DAL,2025-04-27,28.0,False,False,2025-07-21T00:00:00+00:00,valid,"{""expected_uncensored"": 17.2174, ""family"": ""regular"", ""generator"": ""synthetic-1.0"", ""seed"": 42, ""shock_multiplier"": 1.0}"
9f03aea4e56469cc14d949ef,sample-v1,SKU-0001,DAL,2025-04-28,21.0,False,False,2025-07-21T00:00:00+00:00,valid,"{""expected_uncensored"": 19.0, ""family"": ""regular"", ""generator"": ""synthetic-1.0"", ""seed"": 42, ""shock_multiplier"": 1.0}"
e044140f301d5ee7ef65353a,sample-v1,SKU-0001,DAL,2025-04-29,17.0,False,False,2025-07-21T00:00:00+00:00,valid,"{""expected_uncensored"": 20.7826, ""family"": ""regular"", ""generator"": ""synthetic-1.0"", ""seed"": 42, ""shock_multiplier"": 1.0}"
02b5e216a3e840769bcdb5b2,sample-v1,SKU-0001,DAL,2025-04-30,27.0,False,False,2025-07-21T00:00:00+00:00,valid,"{""expected_uncensored"": 21.2228, ""family"": ""regular"", ""generator"": ""synthetic-1.0"", ""seed"": 42, ""shock_multiplier"": 1.0}"
363493e7b5ca2e8c441f0145,sample-v1,SKU-0001,DAL,2025-05-01,15.0,False,False,2025-07-21T00:00:00+00:00,valid,"{""expected_uncensored"": 19.9893, ""family"": ""regular"", ""generator"": ""synthetic-1.0"", ""seed"": 42, ""shock_multiplier"": 1.0}"
b1d933ab2dbd065784ef88ce,sample-v1,SKU-0001,DAL,2025-05-02,17.0,False,False,2025-07-21T00:00:00+00:00,valid,"{""expected_uncensored"": 18.0107, ""family"": ""regular"", ""generator"": ""synthetic-1.0"", ""seed"": 42, ""shock_multiplier"": 1.0}"
4b89667e71b702f152d995d3,sample-v1,SKU-0001,DAL,2025-05-03,18.0,False,False,2025-07-21T00:00:00+00:00,valid,"{""expected_uncensored"": 16.7772, ""family"": ""regular"", ""generator"": ""synthetic-1.0"", ""seed"": 42, ""shock_multiplier"": 1.0}"
6ee520e1a0a95e89f9cc2fd2,sample-v1,SKU-0001,DAL,2025-05-04,23.0,False,False,2025-07-21T00:00:00+00:00,valid,"{""expected_uncensored"": 17.2174, ""family"": ""regular"", ""generator"": ""synthetic-1.0"", ""seed"": 42, ""shock_multiplier"": 1.0}"
2ee70826107c8107d600d09b,sample-v1,SKU-0001,DAL,2025-05-05,20.0,False,False,2025-07-21T00:00:00+00:00,valid,"{""expected_uncensored"": 19.0, ""family"": ""regular"", ""generator"": ""synthetic-1.0"", ""seed"": 42, ""shock_multiplier"": 1.0}"
02653e6fe7c9a46472243124,sample-v1,SKU-0001,DAL,2025-05-06,14.0,False,False,2025-07-21T00:00:00+00:00,valid,"{""expected_uncensored"": 20.7826, ""family"": ""regular"", ""generator"": ""synthetic-1.0"", ""seed"": 42, ""shock_multiplier"": 1.0}"
fe49b31f96692895ec054f5e,sample-v1,SKU-0001,DAL,2025-05-07,21.0,False,False,2025-07-21T00:00:00+00:00,valid,"{""expected_uncensored"": 21.2228, ""family"": ""regular"", ""generator"": ""synthetic-1.0"", ""seed"": 42, ""shock_multiplier"": 1.0}"
40a21394fdf8a69c875f3bef,sample-v1,SKU-0001,DAL,2025-05-08,19.0,False,False,2025-07-21T00:00:00+00:00,valid,"{""expected_uncensored"": 19.9893, ""family"": ""regular"", ""generator"": ""synthetic-1.0"", ""seed"": 42, ""shock_multiplier"": 1.0}"
04a3a546746fcd116dc4bf72,sample-v1,SKU-0001,DAL,2025-05-09,14.0,False,False,2025-07-21T00:00:00+00:00,valid,"{""expected_uncensored"": 18.0107, ""family"": ""regular"", ""generator"": ""synthetic-1.0"", ""seed"": 42, ""shock_multiplier"": 1.0}"
779e80ada1e813ab489beac9,sample-v1,SKU-0001,DAL,2025-05-10,21.0,False,False,2025-07-21T00:00:00+00:00,valid,"{""expected_uncensored"": 16.7772, ""family"": ""regular"", ""generator"": ""synthetic-1.0"", ""seed"": 42, ""shock_multiplier"": 1.0}"
adbbd03219a8ce3f35747f47,sample-v1,SKU-0001,DAL,2025-05-11,22.0,False,False,2025-07-21T00:00:00+00:00,valid,"{""expected_uncensored"": 17.2174, ""family"": ""regular"", ""generator"": ""synthetic-1.0"", ""seed"": 42, ""shock_multiplier"": 1.0}"
f4c9a8c0a6bcb763e00a37c2,sample-v1,SKU-0001,DAL,2025-05-12,17.0,False,False,2025-07-21T00:00:00+00:00,valid,"{""expected_uncensored"": 19.0, ""family"": ""regular"", ""generator"": ""synthetic-1.0"", ""seed"": 42, ""shock_multiplier"": 1.0}"
7f480e86505ea88356cb6344,sample-v1,SKU-0001,DAL,2025-05-13,13.0,False,False,2025-07-21T00:00:00+00:00,valid,"{""expected_uncensored"": 20.7826, ""family"": ""regular"", ""generator"": ""synthetic-1.0"", ""seed"": 42, ""shock_multiplier"": 1.0}"
a9c141f08928eaa3e6fa86fd,sample-v1,SKU-0001,DAL,2025-05-14,25.0,False,False,2025-07-21T00:00:00+00:00,valid,"{""expected_uncensored"": 21.2228, ""family"": ""regular"", ""generator"": ""synthetic-1.0"", ""seed"": 42, ""shock_multiplier"": 1.0}"
be510fb4573619d8a03670f9,sample-v1,SKU-0001,DAL,2025-05-15,22.0,False,False,2025-07-21T00:00:00+00:00,valid,"{""expected_uncensored"": 19.9893, ""family"": ""regular"", ""generator"": ""synthetic-1.0"", ""seed"": 42, ""shock_multiplier"": 1.0}"
64362770e685c8260ab98c5a,sample-v1,SKU-0001,DAL,2025-05-16,17.0,False,False,2025-07-21T00:00:00+00:00,valid,"{""expected_uncensored"": 18.0107, ""family"": ""regular"", ""generator"": ""synthetic-1.0"", ""seed"": 42, ""shock_multiplier"": 1.0}"
db400f65b36999e2750ef9d1,sample-v1,SKU-0001,DAL,2025-05-17,9.0,False,False,2025-07-21T00:00:00+00:00,valid,"{""expected_uncensored"": 16.7772, ""family"": ""regular"", ""generator"": ""synthetic-1.0"", ""seed"": 42, ""shock_multiplier"": 1.0}"
6e85caabf663fcf0455f75a5,sample-v1,SKU-0001,DAL,2025-05-18,8.0,False,False,2025-07-21T00:00:00+00:00,valid,"{""expected_uncensored"": 17.2174, ""family"": ""regular"", ""generator"": ""synthetic-1.0"", ""seed"": 42, ""shock_multiplier"": 1.0}"
0e83dae1e4f88eff45966385,sample-v1,SKU-0001,DAL,2025-05-19,27.0,True,False,2025-07-21T00:00:00+00:00,valid,"{""expected_uncensored"": 31.35, ""family"": ""regular"", ""generator"": ""synthetic-1.0"", ""seed"": 42, ""shock_multiplier"": 1.0}"
c582c3ef03e68daa9e944553,sample-v1,SKU-0001,DAL,2025-05-20,20.0,True,False,2025-07-21T00:00:00+00:00,valid,"{""expected_uncensored"": 34.2913, ""family"": ""regular"", ""generator"": ""synthetic-1.0"", ""seed"": 42, ""shock_multiplier"": 1.0}"
b33508333444d758c2e834e3,sample-v1,SKU-0001,DAL,2025-05-21,29.0,True,False,2025-07-21T00:00:00+00:00,valid,"{""expected_uncensored"": 35.0177, ""family"": ""regular"", ""generator"": ""synthetic-1.0"", ""seed"": 42, ""shock_multiplier"": 1.0}"
9e8e9fb5d7e4b326cd5247e4,sample-v1,SKU-0001,DAL,2025-05-22,38.0,True,False,2025-07-21T00:00:00+00:00,valid,"{""expected_uncensored"": 32.9823, ""family"": ""regular"", ""generator"": ""synthetic-1.0"", ""seed"": 42, ""shock_multiplier"": 1.0}"
ae7cb21b47e3d52b251cdce2,sample-v1,SKU-0001,DAL,2025-05-23,43.0,True,False,2025-07-21T00:00:00+00:00,valid,"{""expected_uncensored"": 29.7177, ""family"": ""regular"", ""generator"": ""synthetic-1.0"", ""seed"": 42, ""shock_multiplier"": 1.0}"
24781067d21cb96423270f63,sample-v1,SKU-0001,DAL,2025-05-24,18.0,True,False,2025-07-21T00:00:00+00:00,valid,"{""expected_uncensored"": 27.6823, ""family"": ""regular"", ""generator"": ""synthetic-1.0"", ""seed"": 42, ""shock_multiplier"": 1.0}"
1f845e4d0bb96a5acbf57f41,sample-v1,SKU-0001,DAL,2025-05-25,16.0,True,False,2025-07-21T00:00:00+00:00,valid,"{""expected_uncensored"": 28.4087, ""family"": ""regular"", ""generator"": ""synthetic-1.0"", ""seed"": 42, ""shock_multiplier"": 1.0}"
29d3f8d6f79011db26be2e66,sample-v1,SKU-0001,DAL,2025-05-26,23.0,False,False,2025-07-21T00:00:00+00:00,valid,"{""expected_uncensored"": 19.0, ""family"": ""regular"", ""generator"": ""synthetic-1.0"", ""seed"": 42, ""shock_multiplier"": 1.0}"
199e4be7a281180a5067f338,sample-v1,SKU-0001,DAL,2025-05-27,25.0,False,False,2025-07-21T00:00:00+00:00,valid,"{""expected_uncensored"": 20.7826, ""family"": ""regular"", ""generator"": ""synthetic-1.0"", ""seed"": 42, ""shock_multiplier"": 1.0}"
8be6b96e5a05e62a0f0ece06,sample-v1,SKU-0001,DAL,2025-05-28,21.0,False,False,2025-07-21T00:00:00+00:00,valid,"{""expected_uncensored"": 21.2228, ""family"": ""regular"", ""generator"": ""synthetic-1.0"", ""seed"": 42, ""shock_multiplier"": 1.0}"
44abbbfd8d4e5def6e75e419,sample-v1,SKU-0001,DAL,2025-05-29,11.0,False,False,2025-07-21T00:00:00+00:00,valid,"{""expected_uncensored"": 19.9893, ""family"": ""regular"", ""generator"": ""synthetic-1.0"", ""seed"": 42, ""shock_multiplier"": 1.0}"
fa3c39954257e641cd0eb7f8,sample-v1,SKU-0001,DAL,2025-05-30,19.0,False,False,2025-07-21T00:00:00+00:00,valid,"{""expected_uncensored"": 18.0107, ""family"": ""regular"", ""generator"": ""synthetic-1.0"", ""seed"": 42, ""shock_multiplier"": 1.0}"
81107d9db26c96f7cd47c527,sample-v1,SKU-0001,DAL,2025-05-31,13.0,False,False,2025-07-21T00:00:00+00:00,valid,"{""expected_uncensored"": 16.7772, ""family"": ""regular"", ""generator"": ""synthetic-1.0"", ""seed"": 42, ""shock_multiplier"": 1.0}"
1f046b62f5bb676417e99adf,sample-v1,SKU-0001,DAL,2025-06-01,18.0,False,False,2025-07-21T00:00:00+00:00,valid,"{""expected_uncensored"": 17.2174, ""family"": ""regular"", ""generator"": ""synthetic-1.0"", ""seed"": 42, ""shock_multiplier"": 1.0}"
90a554bf197686a958f73dd1,sample-v1,SKU-0001,DAL,2025-06-02,22.0,False,False,2025-07-21T00:00:00+00:00,valid,"{""expected_uncensored"": 19.0, ""family"": ""regular"", ""generator"": ""synthetic-1.0"", ""seed"": 42, ""shock_multiplier"": 1.0}"
c01e0c78d3d774dae3f45ec7,sample-v1,SKU-0001,DAL,2025-06-03,20.0,False,False,2025-07-21T00:00:00+00:00,valid,"{""expected_uncensored"": 20.7826, ""family"": ""regular"", ""generator"": ""synthetic-1.0"", ""seed"": 42, ""shock_multiplier"": 1.0}"
e4beae20d8105442def0193d,sample-v1,SKU-0001,DAL,2025-06-04,23.0,False,False,2025-07-21T00:00:00+00:00,valid,"{""expected_uncensored"": 21.2228, ""family"": ""regular"", ""generator"": ""synthetic-1.0"", ""seed"": 42, ""shock_multiplier"": 1.0}"
3505bfb1ba61e89ba9cba077,sample-v1,SKU-0001,DAL,2025-06-05,11.0,False,False,2025-07-21T00:00:00+00:00,valid,"{""expected_uncensored"": 19.9893, ""family"": ""regular"", ""generator"": ""synthetic-1.0"", ""seed"": 42, ""shock_multiplier"": 1.0}"
2eccadb36a96a873629b1135,sample-v1,SKU-0001,DAL,2025-06-06,7.0,False,False,2025-07-21T00:00:00+00:00,valid,"{""expected_uncensored"": 10.4462, ""family"": ""regular"", ""generator"": ""synthetic-1.0"", ""seed"": 42, ""shock_multiplier"": 0.58}"
34a7bd48b5c7b3e348c47200,sample-v1,SKU-0001,DAL,2025-06-07,10.0,False,False,2025-07-21T00:00:00+00:00,valid,"{""expected_uncensored"": 9.7308, ""family"": ""regular"", ""generator"": ""synthetic-1.0"", ""seed"": 42, ""shock_multiplier"": 0.58}"
f0200f1955914f13d8dd90fb,sample-v1,SKU-0001,DAL,2025-06-08,12.0,False,False,2025-07-21T00:00:00+00:00,valid,"{""expected_uncensored"": 9.9861, ""family"": ""regular"", ""generator"": ""synthetic-1.0"", ""seed"": 42, ""shock_multiplier"": 0.58}"
3192203b17aec502d0fb559e,sample-v1,SKU-0001,DAL,2025-06-09,9.0,False,False,2025-07-21T00:00:00+00:00,valid,"{""expected_uncensored"": 11.02, ""family"": ""regular"", ""generator"": ""synthetic-1.0"", ""seed"": 42, ""shock_multiplier"": 0.58}"
00f25171f2a30b2666429008,sample-v1,SKU-0001,DAL,2025-06-10,18.0,False,False,2025-07-21T00:00:00+00:00,valid,"{""expected_uncensored"": 12.0539, ""family"": ""regular"", ""generator"": ""synthetic-1.0"", ""seed"": 42, ""shock_multiplier"": 0.58}"
6802260995ad03ef71c28442,sample-v1,SKU-0001,DAL,2025-06-11,12.0,False,False,2025-07-21T00:00:00+00:00,valid,"{""expected_uncensored"": 12.3092, ""family"": ""regular"", ""generator"": ""synthetic-1.0"", ""seed"": 42, ""shock_multiplier"": 0.58}"
63c6bc6f2546c4ba2f4aed78,sample-v1,SKU-0001,DAL,2025-06-12,6.0,False,False,2025-07-21T00:00:00+00:00,valid,"{""expected_uncensored"": 11.5938, ""family"": ""regular"", ""generator"": ""synthetic-1.0"", ""seed"": 42, ""shock_multiplier"": 0.58}"
b5ea825b9f7d07d065686204,sample-v1,SKU-0001,DAL,2025-06-13,11.0,False,False,2025-07-21T00:00:00+00:00,valid,"{""expected_uncensored"": 10.4462, ""family"": ""regular"", ""generator"": ""synthetic-1.0"", ""seed"": 42, ""shock_multiplier"": 0.58}"
ad8577f045758f617777fff7,sample-v1,SKU-0001,DAL,2025-06-14,11.0,False,False,2025-07-21T00:00:00+00:00,valid,"{""expected_uncensored"": 9.7308, ""family"": ""regular"", ""generator"": ""synthetic-1.0"", ""seed"": 42, ""shock_multiplier"": 0.58}"
5c0821d4561725c5185237ba,sample-v1,SKU-0001,DAL,2025-06-15,12.0,False,False,2025-07-21T00:00:00+00:00,valid,"{""expected_uncensored"": 9.9861, ""family"": ""regular"", ""generator"": ""synthetic-1.0"", ""seed"": 42, ""shock_multiplier"": 0.58}"
a5db5f901518b88fd831104a,sample-v1,SKU-0001,DAL,2025-06-16,12.0,False,False,2025-07-21T00:00:00+00:00,valid,"{""expected_uncensored"": 11.02, ""family"": ""regular"", ""generator"": ""synthetic-1.0"", ""seed"": 42, ""shock_multiplier"": 0.58}"
6e592017be35dfc77c8f5edd,sample-v1,SKU-0001,DAL,2025-06-17,7.0,False,False,2025-07-21T00:00:00+00:00,valid,"{""expected_uncensored"": 12.0539, ""family"": ""regular"", ""generator"": ""synthetic-1.0"", ""seed"": 42, ""shock_multiplier"": 0.58}"
78c1da115d36baaeb8455cc1,sample-v1,SKU-0001,DAL,2025-06-18,14.0,False,False,2025-07-21T00:00:00+00:00,valid,"{""expected_uncensored"": 12.3092, ""family"": ""regular"", ""generator"": ""synthetic-1.0"", ""seed"": 42, ""shock_multiplier"": 0.58}"
2113ba5f9d9780e14449c0b7,sample-v1,SKU-0001,DAL,2025-06-19,9.0,False,False,2025-07-21T00:00:00+00:00,valid,"{""expected_uncensored"": 11.5938, ""family"": ""regular"", ""generator"": ""synthetic-1.0"", ""seed"": 42, ""shock_multiplier"": 0.58}"
d3ef164d3d72c5d25420f5e8,sample-v1,SKU-0001,DAL,2025-06-20,13.0,False,False,2025-07-21T00:00:00+00:00,valid,"{""expected_uncensored"": 18.0107, ""family"": ""regular"", ""generator"": ""synthetic-1.0"", ""seed"": 42, ""shock_multiplier"": 1.0}"
efca6c7a5eafc19a348e6f6d,sample-v1,SKU-0001,DAL,2025-06-21,13.0,False,False,2025-07-21T00:00:00+00:00,valid,"{""expected_uncensored"": 16.7772, ""family"": ""regular"", ""generator"": ""synthetic-1.0"", ""seed"": 42, ""shock_multiplier"": 1.0}"
740f5d046494daf1b4b2e068,sample-v1,SKU-0001,DAL,2025-06-22,19.0,False,False,2025-07-21T00:00:00+00:00,valid,"{""expected_uncensored"": 17.2174, ""family"": ""regular"", ""generator"": ""synthetic-1.0"", ""seed"": 42, ""shock_multiplier"": 1.0}"
5e32c025b888aee12fbca2d8,sample-v1,SKU-0001,DAL,2025-06-23,18.0,False,False,2025-07-21T00:00:00+00:00,valid,"{""expected_uncensored"": 19.0, ""family"": ""regular"", ""generator"": ""synthetic-1.0"", ""seed"": 42, ""shock_multiplier"": 1.0}"
f9b883f05a4c2b1d5810a69b,sample-v1,SKU-0001,DAL,2025-06-24,19.0,False,False,2025-07-21T00:00:00+00:00,valid,"{""expected_uncensored"": 20.7826, ""family"": ""regular"", ""generator"": ""synthetic-1.0"", ""seed"": 42, ""shock_multiplier"": 1.0}"
9beb730877bf0b9c29d7660f,sample-v1,SKU-0001,DAL,2025-06-25,26.0,False,False,2025-07-21T00:00:00+00:00,valid,"{""expected_uncensored"": 21.2228, ""family"": ""regular"", ""generator"": ""synthetic-1.0"", ""seed"": 42, ""shock_multiplier"": 1.0}"
21f5e2b60a8cf4ad2d5e1e10,sample-v1,SKU-0001,DAL,2025-06-26,23.0,False,False,2025-07-21T00:00:00+00:00,valid,"{""expected_uncensored"": 19.9893, ""family"": ""regular"", ""generator"": ""synthetic-1.0"", ""seed"": 42, ""shock_multiplier"": 1.0}"
c912fe15bbb3c94207972994,sample-v1,SKU-0001,DAL,2025-06-27,17.0,False,False,2025-07-21T00:00:00+00:00,valid,"{""expected_uncensored"": 18.0107, ""family"": ""regular"", ""generator"": ""synthetic-1.0"", ""seed"": 42, ""shock_multiplier"": 1.0}"
35de0cf78eecda4d39c9ce6e,sample-v1,SKU-0001,DAL,2025-06-28,12.0,False,False,2025-07-21T00:00:00+00:00,valid,"{""expected_uncensored"": 16.7772, ""family"": ""regular"", ""generator"": ""synthetic-1.0"", ""seed"": 42, ""shock_multiplier"": 1.0}"
6c92e6252ff1e9337149ed28,sample-v1,SKU-0001,DAL,2025-06-29,12.0,False,False,2025-07-21T00:00:00+00:00,valid,"{""expected_uncensored"": 17.2174, ""family"": ""regular"", ""generator"": ""synthetic-1.0"", ""seed"": 42, ""shock_multiplier"": 1.0}"
0d11eb3d87a2275ff2b07cd3,sample-v1,SKU-0001,DAL,2025-06-30,20.0,False,False,2025-07-21T00:00:00+00:00,valid,"{""expected_uncensored"": 19.0, ""family"": ""regular"", ""generator"": ""synthetic-1.0"", ""seed"": 42, ""shock_multiplier"": 1.0}"
2fe4f92cc6c3e9fa67fae32f,sample-v1,SKU-0001,DAL,2025-07-01,18.0,False,False,2025-07-21T00:00:00+00:00,valid,"{""expected_uncensored"": 20.7826, ""family"": ""regular"", ""generator"": ""synthetic-1.0"", ""seed"": 42, ""shock_multiplier"": 1.0}"
e64f71a1a8bec76fe5a2bb54,sample-v1,SKU-0001,DAL,2025-07-02,16.0,False,False,2025-07-21T00:00:00+00:00,valid,"{""expected_uncensored"": 21.2228, ""family"": ""regular"", ""generator"": ""synthetic-1.0"", ""seed"": 42, ""shock_multiplier"": 1.0}"
c4a7fc4a2aa2bc6b0bbb4811,sample-v1,SKU-0001,DAL,2025-07-03,23.0,False,False,2025-07-21T00:00:00+00:00,valid,"{""expected_uncensored"": 19.9893, ""family"": ""regular"", ""generator"": ""synthetic-1.0"", ""seed"": 42, ""shock_multiplier"": 1.0}"
38ea640aba4336d8ec7bd619,sample-v1,SKU-0001,DAL,2025-07-04,27.0,False,False,2025-07-21T00:00:00+00:00,valid,"{""expected_uncensored"": 18.0107, ""family"": ""regular"", ""generator"": ""synthetic-1.0"", ""seed"": 42, ""shock_multiplier"": 1.0}"
68d7830def544db4d9e28f1f,sample-v1,SKU-0001,DAL,2025-07-05,13.0,False,False,2025-07-21T00:00:00+00:00,valid,"{""expected_uncensored"": 16.7772, ""family"": ""regular"", ""generator"": ""synthetic-1.0"", ""seed"": 42, ""shock_multiplier"": 1.0}"
76de6c05f354eb9498f77740,sample-v1,SKU-0001,DAL,2025-07-06,28.0,False,False,2025-07-21T00:00:00+00:00,valid,"{""expected_uncensored"": 17.2174, ""family"": ""regular"", ""generator"": ""synthetic-1.0"", ""seed"": 42, ""shock_multiplier"": 1.0}"
b23c5fcea8ca54b63ee0a0db,sample-v1,SKU-0001,DAL,2025-07-07,24.0,False,False,2025-07-21T00:00:00+00:00,valid,"{""expected_uncensored"": 19.0, ""family"": ""regular"", ""generator"": ""synthetic-1.0"", ""seed"": 42, ""shock_multiplier"": 1.0}"
23f0e74569068c7f0043fc20,sample-v1,SKU-0001,DAL,2025-07-08,24.0,False,False,2025-07-21T00:00:00+00:00,valid,"{""expected_uncensored"": 20.7826, ""family"": ""regular"", ""generator"": ""synthetic-1.0"", ""seed"": 42, ""shock_multiplier"": 1.0}"
9307a9fb21f94d648871c22f,sample-v1,SKU-0001,DAL,2025-07-09,16.0,False,False,2025-07-21T00:00:00+00:00,valid,"{""expected_uncensored"": 21.2228, ""family"": ""regular"", ""generator"": ""synthetic-1.0"", ""seed"": 42, ""shock_multiplier"": 1.0}"
f77c541943a5c8943bbe1f86,sample-v1,SKU-0001,DAL,2025-07-10,17.0,False,False,2025-07-21T00:00:00+00:00,valid,"{""expected_uncensored"": 19.9893, ""family"": ""regular"", ""generator"": ""synthetic-1.0"", ""seed"": 42, ""shock_multiplier"": 1.0}"
d31950742addc0326f24b57f,sample-v1,SKU-0001,DAL,2025-07-11,17.0,False,False,2025-07-21T00:00:00+00:00,valid,"{""expected_uncensored"": 18.0107, ""family"": ""regular"", ""generator"": ""synthetic-1.0"", ""seed"": 42, ""shock_multiplier"": 1.0}"
9816119ba73fefb8bc2aa10b,sample-v1,SKU-0001,DAL,2025-07-12,16.0,False,False,2025-07-21T00:00:00+00:00,valid,"{""expected_uncensored"": 16.7772, ""family"": ""regular"", ""generator"": ""synthetic-1.0"", ""seed"": 42, ""shock_multiplier"": 1.0}"
04310f0e249583d88aa8c001,sample-v1,SKU-0001,DAL,2025-07-13,16.0,False,False,2025-07-21T00:00:00+00:00,valid,"{""expected_uncensored"": 17.2174, ""family"": ""regular"", ""generator"": ""synthetic-1.0"", ""seed"": 42, ""shock_multiplier"": 1.0}"
d22be0a9965778d1c93bdcaa,sample-v1,SKU-0001,DAL,2025-07-14,21.0,False,False,2025-07-21T00:00:00+00:00,valid,"{""expected_uncensored"": 19.0, ""family"": ""regular"", ""generator"": ""synthetic-1.0"", ""seed"": 42, ""shock_multiplier"": 1.0}"
c1c7626fcfe50dceaa037db4,sample-v1,SKU-0001,DAL,2025-07-15,27.0,False,False,2025-07-21T00:00:00+00:00,valid,"{""expected_uncensored"": 20.7826, ""family"": ""regular"", ""generator"": ""synthetic-1.0"", ""seed"": 42, ""shock_multiplier"": 1.0}"
aa9737378623d6a8b9910fe3,sample-v1,SKU-0001,DAL,2025-07-16,18.0,False,False,2025-07-21T00:00:00+00:00,valid,"{""expected_uncensored"": 21.2228, ""family"": ""regular"", ""generator"": ""synthetic-1.0"", ""seed"": 42, ""shock_multiplier"": 1.0}"
686901ace59760b90b48a97f,sample-v1,SKU-0001,DAL,2025-07-17,17.0,False,False,2025-07-21T00:00:00+00:00,valid,"{""expected_uncensored"": 19.9893, ""family"": ""regular"", ""generator"": ""synthetic-1.0"", ""seed"": 42, ""shock_multiplier"": 1.0}"
615d8ab15929d7bebd9edd6a,sample-v1,SKU-0001,DAL,2025-07-18,10.0,False,False,2025-07-21T00:00:00+00:00,valid,"{""expected_uncensored"": 18.0107, ""family"": ""regular"", ""generator"": ""synthetic-1.0"", ""seed"": 42, ""shock_multiplier"": 1.0}"
9f88937df4a6f1869ac97e33,sample-v1,SKU-0001,DAL,2025-07-19,19.0,False,False,2025-07-21T00:00:00+00:00,valid,"{""expected_uncensored"": 16.7772, ""family"": ""regular"", ""generator"": ""synthetic-1.0"", ""seed"": 42, ""shock_multiplier"": 1.0}"
18b371626d7632116a82249d,sample-v1,SKU-0001,DAL,2025-07-20,23.0,False,False,2025-07-21T00:00:00+00:00,valid,"{""expected_uncensored"": 17.2174, ""family"": ""regular"", ""generator"": ""synthetic-1.0"", ""seed"": 42, ""shock_multiplier"": 1.0}"
e1d138658db00f07bbebc5ff,sample-v1,SKU-0001,SEA,2025-01-06,35.0,False,False,2025-07-21T00:00:00+00:00,valid,"{""expected_uncensored"": 26.0, ""family"": ""regular"", ""generator"": ""synthetic-1.0"", ""seed"": 42, ""shock_multiplier"": 1.0}"
f974af678ad4906916f413c9,sample-v1,SKU-0001,SEA,2025-01-07,38.0,False,False,2025-07-21T00:00:00+00:00,valid,"{""expected_uncensored"": 28.4393, ""family"": ""regular"", ""generator"": ""synthetic-1.0"", ""seed"": 42, ""shock_multiplier"": 1.0}"
a758b8f149f2cf9301c875e3,sample-v1,SKU-0001,SEA,2025-01-08,35.0,False,False,2025-07-21T00:00:00+00:00,valid,"{""expected_uncensored"": 29.0418, ""family"": ""regular"", ""generator"": ""synthetic-1.0"", ""seed"": 42, ""shock_multiplier"": 1.0}"
4d59a0cfa923629061fca6b6,sample-v1,SKU-0001,SEA,2025-01-09,20.0,False,False,2025-07-21T00:00:00+00:00,valid,"{""expected_uncensored"": 27.3537, ""family"": ""regular"", ""generator"": ""synthetic-1.0"", ""seed"": 42, ""shock_multiplier"": 1.0}"
4213b8c37180c805f00ceb3d,sample-v1,SKU-0001,SEA,2025-01-10,13.0,False,False,2025-07-21T00:00:00+00:00,valid,"{""expected_uncensored"": 24.6463, ""family"": ""regular"", ""generator"": ""synthetic-1.0"", ""seed"": 42, ""shock_multiplier"": 1.0}"
4672784ac35ba03fb80cc6fc,sample-v1,SKU-0001,SEA,2025-01-11,33.0,False,False,2025-07-21T00:00:00+00:00,valid,"{""expected_uncensored"": 22.9582, ""family"": ""regular"", ""generator"": ""synthetic-1.0"", ""seed"": 42, ""shock_multiplier"": 1.0}"
7d1bf0fedd2168ef8fcc385e,sample-v1,SKU-0001,SEA,2025-01-12,21.0,False,False,2025-07-21T00:00:00+00:00,valid,"{""expected_uncensored"": 23.5607, ""family"": ""regular"", ""generator"": ""synthetic-1.0"", ""seed"": 42, ""shock_multiplier"": 1.0}"
2333302644cd9530811ec021,sample-v1,SKU-0001,SEA,2025-01-13,47.0,True,False,2025-07-21T00:00:00+00:00,valid,"{""expected_uncensored"": 42.9, ""family"": ""regular"", ""generator"": ""synthetic-1.0"", ""seed"": 42, ""shock_multiplier"": 1.0}"
934e3eda50b1e68441c593ec,sample-v1,SKU-0001,SEA,2025-01-14,50.0,True,False,2025-07-21T00:00:00+00:00,valid,"{""expected_uncensored"": 46.9249, ""family"": ""regular"", ""generator"": ""synthetic-1.0"", ""seed"": 42, ""shock_multiplier"": 1.0}"
b34c2306b4719a22d263657e,sample-v1,SKU-0001,SEA,2025-01-15,53.0,True,False,2025-07-21T00:00:00+00:00,valid,"{""expected_uncensored"": 47.9189, ""family"": ""regular"", ""generator"": ""synthetic-1.0"", ""seed"": 42, ""shock_multiplier"": 1.0}"
fde96531d908a64bcebe3f76,sample-v1,SKU-0001,SEA,2025-01-16,38.0,True,False,2025-07-21T00:00:00+00:00,valid,"{""expected_uncensored"": 45.1336, ""family"": ""regular"", ""generator"": ""synthetic-1.0"", ""seed"": 42, ""shock_multiplier"": 1.0}"
5eeaacb10c90a1222bb311bf,sample-v1,SKU-0001,SEA,2025-01-17,29.0,True,False,2025-07-21T00:00:00+00:00,valid,"{""expected_uncensored"": 40.6664, ""family"": ""regular"", ""generator"": ""synthetic-1.0"", ""seed"": 42, ""shock_multiplier"": 1.0}"
ded7a018c78a1d2168afe1a9,sample-v1,SKU-0001,SEA,2025-01-18,41.0,True,False,2025-07-21T00:00:00+00:00,valid,"{""expected_uncensored"": 37.8811, ""family"": ""regular"", ""generator"": ""synthetic-1.0"", ""seed"": 42, ""shock_multiplier"": 1.0}"
f0d47a5544c9e62e27bb0e2d,sample-v1,SKU-0001,SEA,2025-01-19,51.0,True,False,2025-07-21T00:00:00+00:00,valid,"{""expected_uncensored"": 38.8751, ""family"": ""regular"", ""generator"": ""synthetic-1.0"", ""seed"": 42, ""shock_multiplier"": 1.0}"
b78ae6729811c7932e986f6e,sample-v1,SKU-0001,SEA,2025-01-20,25.0,False,False,2025-07-21T00:00:00+00:00,valid,"{""expected_uncensored"": 26.0, ""family"": ""regular"", ""generator"": ""synthetic-1.0"", ""seed"": 42, ""shock_multiplier"": 1.0}"
e48479e74c9701be4582d165,sample-v1,SKU-0001,SEA,2025-01-21,20.0,False,False,2025-07-21T00:00:00+00:00,valid,"{""expected_uncensored"": 28.4393, ""family"": ""regular"", ""generator"": ""synthetic-1.0"", ""seed"": 42, ""shock_multiplier"": 1.0}"
77ee5f75d9c51cc479de9ff6,sample-v1,SKU-0001,SEA,2025-01-22,26.0,False,False,2025-07-21T00:00:00+00:00,valid,"{""expected_uncensored"": 29.0418, ""family"": ""regular"", ""generator"": ""synthetic-1.0"", ""seed"": 42, ""shock_multiplier"": 1.0}"
ce2d5d833e17647d90924b82,sample-v1,SKU-0001,SEA,2025-01-23,32.0,False,False,2025-07-21T00:00:00+00:00,valid,"{""expected_uncensored"": 27.3537, ""family"": ""regular"", ""generator"": ""synthetic-1.0"", ""seed"": 42, ""shock_multiplier"": 1.0}"
bfd4af1029fac45dfb84f0bd,sample-v1,SKU-0001,SEA,2025-01-24,20.0,False,False,2025-07-21T00:00:00+00:00,valid,"{""expected_uncensored"": 24.6463, ""family"": ""regular"", ""generator"": ""synthetic-1.0"", ""seed"": 42, ""shock_multiplier"": 1.0}"
f6be168ccba3a833d57b9e36,sample-v1,SKU-0001,SEA,2025-01-25,19.0,False,False,2025-07-21T00:00:00+00:00,valid,"{""expected_uncensored"": 22.9582, ""family"": ""regular"", ""generator"": ""synthetic-1.0"", ""seed"": 42, ""shock_multiplier"": 1.0}"
05dfc8ec9ec1a0a8d91d8ff9,sample-v1,SKU-0001,SEA,2025-01-26,22.0,False,False,2025-07-21T00:00:00+00:00,valid,"{""expected_uncensored"": 23.5607, ""family"": ""regular"", ""generator"": ""synthetic-1.0"", ""seed"": 42, ""shock_multiplier"": 1.0}"
dec0d0a7e33618d95629008a,sample-v1,SKU-0001,SEA,2025-01-27,24.0,False,False,2025-07-21T00:00:00+00:00,valid,"{""expected_uncensored"": 26.0, ""family"": ""regular"", ""generator"": ""synthetic-1.0"", ""seed"": 42, ""shock_multiplier"": 1.0}"
3044b19f23e7c0ea7f8c8bad,sample-v1,SKU-0001,SEA,2025-01-28,34.0,False,False,2025-07-21T00:00:00+00:00,valid,"{""expected_uncensored"": 28.4393, ""family"": ""regular"", ""generator"": ""synthetic-1.0"", ""seed"": 42, ""shock_multiplier"": 1.0}"
2a6f4073063af7cc49c2f4d1,sample-v1,SKU-0001,SEA,2025-01-29,31.0,False,False,2025-07-21T00:00:00+00:00,valid,"{""expected_uncensored"": 29.0418, ""family"": ""regular"", ""generator"": ""synthetic-1.0"", ""seed"": 42, ""shock_multiplier"": 1.0}"
44a8902645dccf767f4cd680,sample-v1,SKU-0001,SEA,2025-01-30,29.0,False,False,2025-07-21T00:00:00+00:00,valid,"{""expected_uncensored"": 27.3537, ""family"": ""regular"", ""generator"": ""synthetic-1.0"", ""seed"": 42, ""shock_multiplier"": 1.0}"
b2b6d8ca71988a01ac5edee7,sample-v1,SKU-0001,SEA,2025-01-31,27.0,False,False,2025-07-21T00:00:00+00:00,valid,"{""expected_uncensored"": 24.6463, ""family"": ""regular"", ""generator"": ""synthetic-1.0"", ""seed"": 42, ""shock_multiplier"": 1.0}"
948ce0bdeaf9a500cfa42862,sample-v1,SKU-0001,SEA,2025-02-01,23.0,False,False,2025-07-21T00:00:00+00:00,valid,"{""expected_uncensored"": 22.9582, ""family"": ""regular"", ""generator"": ""synthetic-1.0"", ""seed"": 42, ""shock_multiplier"": 1.0}"
3b15b02b43f8c00563595443,sample-v1,SKU-0001,SEA,2025-02-02,18.0,False,False,2025-07-21T00:00:00+00:00,valid,"{""expected_uncensored"": 23.5607, ""family"": ""regular"", ""generator"": ""synthetic-1.0"", ""seed"": 42, ""shock_multiplier"": 1.0}"
571a15b4858e037ec0e69250,sample-v1,SKU-0001,SEA,2025-02-03,19.0,False,False,2025-07-21T00:00:00+00:00,valid,"{""expected_uncensored"": 26.0, ""family"": ""regular"", ""generator"": ""synthetic-1.0"", ""seed"": 42, ""shock_multiplier"": 1.0}"
b2bd719736ff2146359199c7,sample-v1,SKU-0001,SEA,2025-02-04,28.0,False,False,2025-07-21T00:00:00+00:00,valid,"{""expected_uncensored"": 28.4393, ""family"": ""regular"", ""generator"": ""synthetic-1.0"", ""seed"": 42, ""shock_multiplier"": 1.0}"
9515ce6fae0de7732e49ee06,sample-v1,SKU-0001,SEA,2025-02-05,30.0,False,False,2025-07-21T00:00:00+00:00,valid,"{""expected_uncensored"": 29.0418, ""family"": ""regular"", ""generator"": ""synthetic-1.0"", ""seed"": 42, ""shock_multiplier"": 1.0}"
7e8549290f0e09c0acb5d6a3,sample-v1,SKU-0001,SEA,2025-02-06,19.0,False,False,2025-07-21T00:00:00+00:00,valid,"{""expected_uncensored"": 27.3537, ""family"": ""regular"", ""generator"": ""synthetic-1.0"", ""seed"": 42, ""shock_multiplier"": 1.0}"
7634d202313d7b0b3e27aa7f,sample-v1,SKU-0001,SEA,2025-02-07,23.0,False,False,2025-07-21T00:00:00+00:00,valid,"{""expected_uncensored"": 24.6463, ""family"": ""regular"", ""generator"": ""synthetic-1.0"", ""seed"": 42, ""shock_multiplier"": 1.0}"
3c3af2bad2f1771ada9df080,sample-v1,SKU-0001,SEA,2025-02-08,24.0,False,False,2025-07-21T00:00:00+00:00,valid,"{""expected_uncensored"": 22.9582, ""family"": ""regular"", ""generator"": ""synthetic-1.0"", ""seed"": 42, ""shock_multiplier"": 1.0}"
119a41d6b368f274d2401d62,sample-v1,SKU-0001,SEA,2025-02-09,26.0,False,False,2025-07-21T00:00:00+00:00,valid,"{""expected_uncensored"": 23.5607, ""family"": ""regular"", ""generator"": ""synthetic-1.0"", ""seed"": 42, ""shock_multiplier"": 1.0}"
06c09f29387a8481f6035ffb,sample-v1,SKU-0001,SEA,2025-02-10,19.0,False,False,2025-07-21T00:00:00+00:00,valid,"{""expected_uncensored"": 26.0, ""family"": ""regular"", ""generator"": ""synthetic-1.0"", ""seed"": 42, ""shock_multiplier"": 1.0}"
9c43478d5f9d4e2503099cb2,sample-v1,SKU-0001,SEA,2025-02-11,22.0,False,False,2025-07-21T00:00:00+00:00,valid,"{""expected_uncensored"": 28.4393, ""family"": ""regular"", ""generator"": ""synthetic-1.0"", ""seed"": 42, ""shock_multiplier"": 1.0}"
a5ef786d21d7e0179676c123,sample-v1,SKU-0001,SEA,2025-02-12,31.0,False,False,2025-07-21T00:00:00+00:00,valid,"{""expected_uncensored"": 29.0418, ""family"": ""regular"", ""generator"": ""synthetic-1.0"", ""seed"": 42, ""shock_multiplier"": 1.0}"
60567c8632c216a81b974d7c,sample-v1,SKU-0001,SEA,2025-02-13,40.0,False,False,2025-07-21T00:00:00+00:00,valid,"{""expected_uncensored"": 27.3537, ""family"": ""regular"", ""generator"": ""synthetic-1.0"", ""seed"": 42, ""shock_multiplier"": 1.0}"
9ba7ac00bf1c2b0e57732bc0,sample-v1,SKU-0001,SEA,2025-02-14,24.0,False,False,2025-07-21T00:00:00+00:00,valid,"{""expected_uncensored"": 24.6463, ""family"": ""regular"", ""generator"": ""synthetic-1.0"", ""seed"": 42, ""shock_multiplier"": 1.0}"
37853ba9f17d05c564a77fa4,sample-v1,SKU-0001,SEA,2025-02-15,27.0,False,False,2025-07-21T00:00:00+00:00,valid,"{""expected_uncensored"": 22.9582, ""family"": ""regular"", ""generator"": ""synthetic-1.0"", ""seed"": 42, ""shock_multiplier"": 1.0}"
0426d6db9c319c99276eeff3,sample-v1,SKU-0001,SEA,2025-02-16,27.0,False,False,2025-07-21T00:00:00+00:00,valid,"{""expected_uncensored"": 23.5607, ""family"": ""regular"", ""generator"": ""synthetic-1.0"", ""seed"": 42, ""shock_multiplier"": 1.0}"
5aecc2c6f226f53d15243a6f,sample-v1,SKU-0001,SEA,2025-02-17,26.0,False,False,2025-07-21T00:00:00+00:00,valid,"{""expected_uncensored"": 26.0, ""family"": ""regular"", ""generator"": ""synthetic-1.0"", ""seed"": 42, ""shock_multiplier"": 1.0}"
57160112568ae6c73dc35c03,sample-v1,SKU-0001,SEA,2025-02-18,18.0,False,False,2025-07-21T00:00:00+00:00,valid,"{""expected_uncensored"": 28.4393, ""family"": ""regular"", ""generator"": ""synthetic-1.0"", ""seed"": 42, ""shock_multiplier"": 1.0}"
54ce602a32a1664c9b717eab,sample-v1,SKU-0001,SEA,2025-02-19,26.0,False,False,2025-07-21T00:00:00+00:00,valid,"{""expected_uncensored"": 29.0418, ""family"": ""regular"", ""generator"": ""synthetic-1.0"", ""seed"": 42, ""shock_multiplier"": 1.0}"
db1d6d6b59075cec23a70bc2,sample-v1,SKU-0001,SEA,2025-02-20,26.0,False,False,2025-07-21T00:00:00+00:00,valid,"{""expected_uncensored"": 27.3537, ""family"": ""regular"", ""generator"": ""synthetic-1.0"", ""seed"": 42, ""shock_multiplier"": 1.0}"
01a45b5e5b65e6e95362f445,sample-v1,SKU-0001,SEA,2025-02-21,19.0,False,False,2025-07-21T00:00:00+00:00,valid,"{""expected_uncensored"": 24.6463, ""family"": ""regular"", ""generator"": ""synthetic-1.0"", ""seed"": 42, ""shock_multiplier"": 1.0}"
656e990ca90446eeb8719572,sample-v1,SKU-0001,SEA,2025-02-22,19.0,False,False,2025-07-21T00:00:00+00:00,valid,"{""expected_uncensored"": 22.9582, ""family"": ""regular"", ""generator"": ""synthetic-1.0"", ""seed"": 42, ""shock_multiplier"": 1.0}"
442c80c4d7e8d83235b2bb64,sample-v1,SKU-0001,SEA,2025-02-23,28.0,False,False,2025-07-21T00:00:00+00:00,valid,"{""expected_uncensored"": 23.5607, ""family"": ""regular"", ""generator"": ""synthetic-1.0"", ""seed"": 42, ""shock_multiplier"": 1.0}"
eec79c769c0788f7dcf07511,sample-v1,SKU-0001,SEA,2025-02-24,23.0,False,False,2025-07-21T00:00:00+00:00,valid,"{""expected_uncensored"": 26.0, ""family"": ""regular"", ""generator"": ""synthetic-1.0"", ""seed"": 42, ""shock_multiplier"": 1.0}"
f6523b9606545b062258c42d,sample-v1,SKU-0001,SEA,2025-02-25,41.0,False,False,2025-07-21T00:00:00+00:00,valid,"{""expected_uncensored"": 28.4393, ""family"": ""regular"", ""generator"": ""synthetic-1.0"", ""seed"": 42, ""shock_multiplier"": 1.0}"
6b71d8e504bf51dc9e53afe8,sample-v1,SKU-0001,SEA,2025-02-26,28.0,False,False,2025-07-21T00:00:00+00:00,valid,"{""expected_uncensored"": 29.0418, ""family"": ""regular"", ""generator"": ""synthetic-1.0"", ""seed"": 42, ""shock_multiplier"": 1.0}"
0152abc7ceb1d1e5b77b0ca3,sample-v1,SKU-0001,SEA,2025-02-27,33.0,False,False,2025-07-21T00:00:00+00:00,valid,"{""expected_uncensored"": 27.3537, ""family"": ""regular"", ""generator"": ""synthetic-1.0"", ""seed"": 42, ""shock_multiplier"": 1.0}"
b614179eba4f58f201c96f54,sample-v1,SKU-0001,SEA,2025-02-28,20.0,False,False,2025-07-21T00:00:00+00:00,valid,"{""expected_uncensored"": 24.6463, ""family"": ""regular"", ""generator"": ""synthetic-1.0"", ""seed"": 42, ""shock_multiplier"": 1.0}"
5d9ec53d82b51ff42f41fae0,sample-v1,SKU-0001,SEA,2025-03-01,24.0,False,False,2025-07-21T00:00:00+00:00,valid,"{""expected_uncensored"": 22.9582, ""family"": ""regular"", ""generator"": ""synthetic-1.0"", ""seed"": 42, ""shock_multiplier"": 1.0}"
b48e5aeb84c8a320138bb8d3,sample-v1,SKU-0001,SEA,2025-03-02,25.0,False,False,2025-07-21T00:00:00+00:00,valid,"{""expected_uncensored"": 23.5607, ""family"": ""regular"", ""generator"": ""synthetic-1.0"", ""seed"": 42, ""shock_multiplier"": 1.0}"
d44ecb0a49f268ad37b198d7,sample-v1,SKU-0001,SEA,2025-03-03,20.0,False,False,2025-07-21T00:00:00+00:00,valid,"{""expected_uncensored"": 26.0, ""family"": ""regular"", ""generator"": ""synthetic-1.0"", ""seed"": 42, ""shock_multiplier"": 1.0}"
593b3aa76d2d52e7aacbff1b,sample-v1,SKU-0001,SEA,2025-03-04,25.0,False,False,2025-07-21T00:00:00+00:00,valid,"{""expected_uncensored"": 28.4393, ""family"": ""regular"", ""generator"": ""synthetic-1.0"", ""seed"": 42, ""shock_multiplier"": 1.0}"
682c38feec7ba85502c82c07,sample-v1,SKU-0001,SEA,2025-03-05,17.0,False,False,2025-07-21T00:00:00+00:00,valid,"{""expected_uncensored"": 29.0418, ""family"": ""regular"", ""generator"": ""synthetic-1.0"", ""seed"": 42, ""shock_multiplier"": 1.0}"
d3b563dcd562405800f3fc87,sample-v1,SKU-0001,SEA,2025-03-06,37.0,False,False,2025-07-21T00:00:00+00:00,valid,"{""expected_uncensored"": 27.3537, ""family"": ""regular"", ""generator"": ""synthetic-1.0"", ""seed"": 42, ""shock_multiplier"": 1.0}"
f73332d52f40bac41e1abbb8,sample-v1,SKU-0001,SEA,2025-03-07,0.0,False,True,2025-07-21T00:00:00+00:00,warning,"{""expected_uncensored"": 24.6463, ""family"": ""regular"", ""generator"": ""synthetic-1.0"", ""seed"": 42, ""shock_multiplier"": 1.0}"
099767dc28f823c143e03fad,sample-v1,SKU-0001,SEA,2025-03-08,0.0,False,True,2025-07-21T00:00:00+00:00,warning,"{""expected_uncensored"": 22.9582, ""family"": ""regular"", ""generator"": ""synthetic-1.0"", ""seed"": 42, ""shock_multiplier"": 1.0}"
8e8f8984d6fe92a1aea4ef9e,sample-v1,SKU-0001,SEA,2025-03-09,22.0,False,False,2025-07-21T00:00:00+00:00,valid,"{""expected_uncensored"": 23.5607, ""family"": ""regular"", ""generator"": ""synthetic-1.0"", ""seed"": 42, ""shock_multiplier"": 1.0}"
c705ac2b24bfa1513071cc0e,sample-v1,SKU-0001,SEA,2025-03-10,31.0,False,False,2025-07-21T00:00:00+00:00,valid,"{""expected_uncensored"": 26.0, ""family"": ""regular"", ""generator"": ""synthetic-1.0"", ""seed"": 42, ""shock_multiplier"": 1.0}"
8c235cce352fd230891d0010,sample-v1,SKU-0001,SEA,2025-03-11,24.0,False,False,2025-07-21T00:00:00+00:00,valid,"{""expected_uncensored"": 28.4393, ""family"": ""regular"", ""generator"": ""synthetic-1.0"", ""seed"": 42, ""shock_multiplier"": 1.0}"
3e92c651175d22db9c13d0b7,sample-v1,SKU-0001,SEA,2025-03-12,33.0,False,False,2025-07-21T00:00:00+00:00,valid,"{""expected_uncensored"": 29.0418, ""family"": ""regular"", ""generator"": ""synthetic-1.0"", ""seed"": 42, ""shock_multiplier"": 1.0}"
178508b85740ad7115f66690,sample-v1,SKU-0001,SEA,2025-03-13,37.0,False,False,2025-07-21T00:00:00+00:00,valid,"{""expected_uncensored"": 27.3537, ""family"": ""regular"", ""generator"": ""synthetic-1.0"", ""seed"": 42, ""shock_multiplier"": 1.0}"
b25e7eba8dd929db9725c469,sample-v1,SKU-0001,SEA,2025-03-14,19.0,False,False,2025-07-21T00:00:00+00:00,valid,"{""expected_uncensored"": 24.6463, ""family"": ""regular"", ""generator"": ""synthetic-1.0"", ""seed"": 42, ""shock_multiplier"": 1.0}"
7d5b0070f3b191bca947c9e7,sample-v1,SKU-0001,SEA,2025-03-15,24.0,False,False,2025-07-21T00:00:00+00:00,valid,"{""expected_uncensored"": 22.9582, ""family"": ""regular"", ""generator"": ""synthetic-1.0"", ""seed"": 42, ""shock_multiplier"": 1.0}"
4dff695bd5c05170d44d4cfe,sample-v1,SKU-0001,SEA,2025-03-16,25.0,False,False,2025-07-21T00:00:00+00:00,valid,"{""expected_uncensored"": 23.5607, ""family"": ""regular"", ""generator"": ""synthetic-1.0"", ""seed"": 42, ""shock_multiplier"": 1.0}"
f05e68a6384a367ed6919652,sample-v1,SKU-0001,SEA,2025-03-17,39.0,True,False,2025-07-21T00:00:00+00:00,valid,"{""expected_uncensored"": 42.9, ""family"": ""regular"", ""generator"": ""synthetic-1.0"", ""seed"": 42, ""shock_multiplier"": 1.0}"
f58ff6b7b2c01ffc9f47ad3f,sample-v1,SKU-0001,SEA,2025-03-18,47.0,True,False,2025-07-21T00:00:00+00:00,valid,"{""expected_uncensored"": 46.9249, ""family"": ""regular"", ""generator"": ""synthetic-1.0"", ""seed"": 42, ""shock_multiplier"": 1.0}"
4560751fa8551e0e877ffeaa,sample-v1,SKU-0001,SEA,2025-03-19,43.0,True,False,2025-07-21T00:00:00+00:00,valid,"{""expected_uncensored"": 47.9189, ""family"": ""regular"", ""generator"": ""synthetic-1.0"", ""seed"": 42, ""shock_multiplier"": 1.0}"
43a2521b3994a6a7ec461695,sample-v1,SKU-0001,SEA,2025-03-20,48.0,True,False,2025-07-21T00:00:00+00:00,valid,"{""expected_uncensored"": 45.1336, ""family"": ""regular"", ""generator"": ""synthetic-1.0"", ""seed"": 42, ""shock_multiplier"": 1.0}"
5c06d1111fb86101b82b6399,sample-v1,SKU-0001,SEA,2025-03-21,43.0,True,False,2025-07-21T00:00:00+00:00,valid,"{""expected_uncensored"": 40.6664, ""family"": ""regular"", ""generator"": ""synthetic-1.0"", ""seed"": 42, ""shock_multiplier"": 1.0}"
3cbe19923a521bfbc96639f9,sample-v1,SKU-0001,SEA,2025-03-22,41.0,True,False,2025-07-21T00:00:00+00:00,valid,"{""expected_uncensored"": 37.8811, ""family"": ""regular"", ""generator"": ""synthetic-1.0"", ""seed"": 42, ""shock_multiplier"": 1.0}"
676d2bc691d136c933ad0406,sample-v1,SKU-0001,SEA,2025-03-23,33.0,True,False,2025-07-21T00:00:00+00:00,valid,"{""expected_uncensored"": 38.8751, ""family"": ""regular"", ""generator"": ""synthetic-1.0"", ""seed"": 42, ""shock_multiplier"": 1.0}"
43303cd5e20cd8902ba53c53,sample-v1,SKU-0001,SEA,2025-03-24,27.0,False,False,2025-07-21T00:00:00+00:00,valid,"{""expected_uncensored"": 26.0, ""family"": ""regular"", ""generator"": ""synthetic-1.0"", ""seed"": 42, ""shock_multiplier"": 1.0}"
7b19b699452c751d4a9a6931,sample-v1,SKU-0001,SEA,2025-03-25,30.0,False,False,2025-07-21T00:00:00+00:00,valid,"{""expected_uncensored"": 28.4393, ""family"": ""regular"", ""generator"": ""synthetic-1.0"", ""seed"": 42, ""shock_multiplier"": 1.0}"
5aab33379ed2ed21651e8c20,sample-v1,SKU-0001,SEA,2025-03-26,27.0,False,False,2025-07-21T00:00:00+00:00,valid,"{""expected_uncensored"": 29.0418, ""family"": ""regular"", ""generator"": ""synthetic-1.0"", ""seed"": 42, ""shock_multiplier"": 1.0}"
8d13f9afcb602c4010726267,sample-v1,SKU-0001,SEA,2025-03-27,26.0,False,False,2025-07-21T00:00:00+00:00,valid,"{""expected_uncensored"": 27.3537, ""family"": ""regular"", ""generator"": ""synthetic-1.0"", ""seed"": 42, ""shock_multiplier"": 1.0}"
5de2df980fdcd5d67cfd18ba,sample-v1,SKU-0001,SEA,2025-03-28,29.0,False,False,2025-07-21T00:00:00+00:00,valid,"{""expected_uncensored"": 24.6463, ""family"": ""regular"", ""generator"": ""synthetic-1.0"", ""seed"": 42, ""shock_multiplier"": 1.0}"
7797944a4945ff3a6226c39c,sample-v1,SKU-0001,SEA,2025-03-29,32.0,False,False,2025-07-21T00:00:00+00:00,valid,"{""expected_uncensored"": 22.9582, ""family"": ""regular"", ""generator"": ""synthetic-1.0"", ""seed"": 42, ""shock_multiplier"": 1.0}"
d676d4354e8b95d1ce6dc2c6,sample-v1,SKU-0001,SEA,2025-03-30,18.0,False,False,2025-07-21T00:00:00+00:00,valid,"{""expected_uncensored"": 23.5607, ""family"": ""regular"", ""generator"": ""synthetic-1.0"", ""seed"": 42, ""shock_multiplier"": 1.0}"
8e685f168229f79c9b789bb0,sample-v1,SKU-0001,SEA,2025-03-31,35.0,False,False,2025-07-21T00:00:00+00:00,valid,"{""expected_uncensored"": 26.0, ""family"": ""regular"", ""generator"": ""synthetic-1.0"", ""seed"": 42, ""shock_multiplier"": 1.0}"
33c5d199c4b2a13e7cce4ce8,sample-v1,SKU-0001,SEA,2025-04-01,28.0,False,False,2025-07-21T00:00:00+00:00,valid,"{""expected_uncensored"": 28.4393, ""family"": ""regular"", ""generator"": ""synthetic-1.0"", ""seed"": 42, ""shock_multiplier"": 1.0}"
49a8b1d409ae1139d66ab8bf,sample-v1,SKU-0001,SEA,2025-04-02,30.0,False,False,2025-07-21T00:00:00+00:00,valid,"{""expected_uncensored"": 29.0418, ""family"": ""regular"", ""generator"": ""synthetic-1.0"", ""seed"": 42, ""shock_multiplier"": 1.0}"
ba645dd2758a71b52d6d9c36,sample-v1,SKU-0001,SEA,2025-04-03,25.0,False,False,2025-07-21T00:00:00+00:00,valid,"{""expected_uncensored"": 27.3537, ""family"": ""regular"", ""generator"": ""synthetic-1.0"", ""seed"": 42, ""shock_multiplier"": 1.0}"
a84bff7641391641676be113,sample-v1,SKU-0001,SEA,2025-04-04,17.0,False,False,2025-07-21T00:00:00+00:00,valid,"{""expected_uncensored"": 24.6463, ""family"": ""regular"", ""generator"": ""synthetic-1.0"", ""seed"": 42, ""shock_multiplier"": 1.0}"
db766877e63c34b0af27fdaa,sample-v1,SKU-0001,SEA,2025-04-05,19.0,False,False,2025-07-21T00:00:00+00:00,valid,"{""expected_uncensored"": 22.9582, ""family"": ""regular"", ""generator"": ""synthetic-1.0"", ""seed"": 42, ""shock_multiplier"": 1.0}"
762898b883dba98b3801dc39,sample-v1,SKU-0001,SEA,2025-04-06,21.0,False,False,2025-07-21T00:00:00+00:00,valid,"{""expected_uncensored"": 23.5607, ""family"": ""regular"", ""generator"": ""synthetic-1.0"", ""seed"": 42, ""shock_multiplier"": 1.0}"
51207078f598415825b23748,sample-v1,SKU-0001,SEA,2025-04-07,26.0,False,False,2025-07-21T00:00:00+00:00,valid,"{""expected_uncensored"": 26.0, ""family"": ""regular"", ""generator"": ""synthetic-1.0"", ""seed"": 42, ""shock_multiplier"": 1.0}"
b3e58fe1679d5aab9fd7a0f1,sample-v1,SKU-0001,SEA,2025-04-08,26.0,False,False,2025-07-21T00:00:00+00:00,valid,"{""expected_uncensored"": 28.4393, ""family"": ""regular"", ""generator"": ""synthetic-1.0"", ""seed"": 42, ""shock_multiplier"": 1.0}"
f7dd952ce47965c0f66c1239,sample-v1,SKU-0001,SEA,2025-04-09,27.0,False,False,2025-07-21T00:00:00+00:00,valid,"{""expected_uncensored"": 29.0418, ""family"": ""regular"", ""generator"": ""synthetic-1.0"", ""seed"": 42, ""shock_multiplier"": 1.0}"
122a83096b1807b88dd4cfe7,sample-v1,SKU-0001,SEA,2025-04-10,28.0,False,False,2025-07-21T00:00:00+00:00,valid,"{""expected_uncensored"": 27.3537, ""family"": ""regular"", ""generator"": ""synthetic-1.0"", ""seed"": 42, ""shock_multiplier"": 1.0}"
6ca07acf0ef98224da2f6df7,sample-v1,SKU-0001,SEA,2025-04-11,30.0,False,False,2025-07-21T00:00:00+00:00,valid,"{""expected_uncensored"": 24.6463, ""family"": ""regular"", ""generator"": ""synthetic-1.0"", ""seed"": 42, ""shock_multiplier"": 1.0}"
8e3c04097df49641395e245d,sample-v1,SKU-0001,SEA,2025-04-12,19.0,False,False,2025-07-21T00:00:00+00:00,valid,"{""expected_uncensored"": 22.9582, ""family"": ""regular"", ""generator"": ""synthetic-1.0"", ""seed"": 42, ""shock_multiplier"": 1.0}"
55d559514dfed98f721f3d53,sample-v1,SKU-0001,SEA,2025-04-13,15.0,False,False,2025-07-21T00:00:00+00:00,valid,"{""expected_uncensored"": 23.5607, ""family"": ""regular"", ""generator"": ""synthetic-1.0"", ""seed"": 42, ""shock_multiplier"": 1.0}"
e084c222ef86a3acb273ff05,sample-v1,SKU-0001,SEA,2025-04-14,32.0,False,False,2025-07-21T00:00:00+00:00,valid,"{""expected_uncensored"": 26.0, ""family"": ""regular"", ""generator"": ""synthetic-1.0"", ""seed"": 42, ""shock_multiplier"": 1.0}"
c4561db0daa67aab98f4a1b5,sample-v1,SKU-0001,SEA,2025-04-15,21.0,False,False,2025-07-21T00:00:00+00:00,valid,"{""expected_uncensored"": 28.4393, ""family"": ""regular"", ""generator"": ""synthetic-1.0"", ""seed"": 42, ""shock_multiplier"": 1.0}"
2e3d3880877cafe8c26b6c0f,sample-v1,SKU-0001,SEA,2025-04-16,38.0,False,False,2025-07-21T00:00:00+00:00,valid,"{""expected_uncensored"": 29.0418, ""family"": ""regular"", ""generator"": ""synthetic-1.0"", ""seed"": 42, ""shock_multiplier"": 1.0}"
f46ab731e504e2b1c6d4bfbd,sample-v1,SKU-0001,SEA,2025-04-17,36.0,False,False,2025-07-21T00:00:00+00:00,valid,"{""expected_uncensored"": 27.3537, ""family"": ""regular"", ""generator"": ""synthetic-1.0"", ""seed"": 42, ""shock_multiplier"": 1.0}"
f3887b26555b8049820c8091,sample-v1,SKU-0001,SEA,2025-04-18,30.0,False,False,2025-07-21T00:00:00+00:00,valid,"{""expected_uncensored"": 24.6463, ""family"": ""regular"", ""generator"": ""synthetic-1.0"", ""seed"": 42, ""shock_multiplier"": 1.0}"
6c57793caab6d9aa977546f0,sample-v1,SKU-0001,SEA,2025-04-19,17.0,False,False,2025-07-21T00:00:00+00:00,valid,"{""expected_uncensored"": 22.9582, ""family"": ""regular"", ""generator"": ""synthetic-1.0"", ""seed"": 42, ""shock_multiplier"": 1.0}"
e1d3dc63954ca4a406f6bd7c,sample-v1,SKU-0001,SEA,2025-04-20,19.0,False,False,2025-07-21T00:00:00+00:00,valid,"{""expected_uncensored"": 23.5607, ""family"": ""regular"", ""generator"": ""synthetic-1.0"", ""seed"": 42, ""shock_multiplier"": 1.0}"
b59ab10aed852eee9536b479,sample-v1,SKU-0001,SEA,2025-04-21,25.0,False,False,2025-07-21T00:00:00+00:00,valid,"{""expected_uncensored"": 26.0, ""family"": ""regular"", ""generator"": ""synthetic-1.0"", ""seed"": 42, ""shock_multiplier"": 1.0}"
5b88b5770d562dc274211130,sample-v1,SKU-0001,SEA,2025-04-22,20.0,False,False,2025-07-21T00:00:00+00:00,valid,"{""expected_uncensored"": 28.4393, ""family"": ""regular"", ""generator"": ""synthetic-1.0"", ""seed"": 42, ""shock_multiplier"": 1.0}"
67b621847535c2c2218f2840,sample-v1,SKU-0001,SEA,2025-04-23,40.0,False,False,2025-07-21T00:00:00+00:00,valid,"{""expected_uncensored"": 29.0418, ""family"": ""regular"", ""generator"": ""synthetic-1.0"", ""seed"": 42, ""shock_multiplier"": 1.0}"
ce2f81abbcfafac7ed4f06e1,sample-v1,SKU-0001,SEA,2025-04-24,29.0,False,False,2025-07-21T00:00:00+00:00,valid,"{""expected_uncensored"": 27.3537, ""family"": ""regular"", ""generator"": ""synthetic-1.0"", ""seed"": 42, ""shock_multiplier"": 1.0}"
268b2ea5a16a954f9cdc0f89,sample-v1,SKU-0001,SEA,2025-04-25,28.0,False,False,2025-07-21T00:00:00+00:00,valid,"{""expected_uncensored"": 24.6463, ""family"": ""regular"", ""generator"": ""synthetic-1.0"", ""seed"": 42, ""shock_multiplier"": 1.0}"
69fe3beecd82568a1d21e6d6,sample-v1,SKU-0001,SEA,2025-04-26,18.0,False,False,2025-07-21T00:00:00+00:00,valid,"{""expected_uncensored"": 22.9582, ""family"": ""regular"", ""generator"": ""synthetic-1.0"", ""seed"": 42, ""shock_multiplier"": 1.0}"
31df3a57df3f2da97a874ec0,sample-v1,SKU-0001,SEA,2025-04-27,25.0,False,False,2025-07-21T00:00:00+00:00,valid,"{""expected_uncensored"": 23.5607, ""family"": ""regular"", ""generator"": ""synthetic-1.0"", ""seed"": 42, ""shock_multiplier"": 1.0}"
491271c4829195e8c79f9fbb,sample-v1,SKU-0001,SEA,2025-04-28,16.0,False,False,2025-07-21T00:00:00+00:00,valid,"{""expected_uncensored"": 26.0, ""family"": ""regular"", ""generator"": ""synthetic-1.0"", ""seed"": 42, ""shock_multiplier"": 1.0}"
ed6b7db6ccae96e0d8c286ea,sample-v1,SKU-0001,SEA,2025-04-29,29.0,False,False,2025-07-21T00:00:00+00:00,valid,"{""expected_uncensored"": 28.4393, ""family"": ""regular"", ""generator"": ""synthetic-1.0"", ""seed"": 42, ""shock_multiplier"": 1.0}"
4af78a0f540cfe69e70997d1,sample-v1,SKU-0001,SEA,2025-04-30,23.0,False,False,2025-07-21T00:00:00+00:00,valid,"{""expected_uncensored"": 29.0418, ""family"": ""regular"", ""generator"": ""synthetic-1.0"", ""seed"": 42, ""shock_multiplier"": 1.0}"
8dc41719d7b4e333bbb0d010,sample-v1,SKU-0001,SEA,2025-05-01,29.0,False,False,2025-07-21T00:00:00+00:00,valid,"{""expected_uncensored"": 27.3537, ""family"": ""regular"", ""generator"": ""synthetic-1.0"", ""seed"": 42, ""shock_multiplier"": 1.0}"
7c335b685cb3c19d8442de92,sample-v1,SKU-0001,SEA,2025-05-02,22.0,False,False,2025-07-21T00:00:00+00:00,valid,"{""expected_uncensored"": 24.6463, ""family"": ""regular"", ""generator"": ""synthetic-1.0"", ""seed"": 42, ""shock_multiplier"": 1.0}"
9670995692cf75dc8b6b1541,sample-v1,SKU-0001,SEA,2025-05-03,15.0,False,False,2025-07-21T00:00:00+00:00,valid,"{""expected_uncensored"": 22.9582, ""family"": ""regular"", ""generator"": ""synthetic-1.0"", ""seed"": 42, ""shock_multiplier"": 1.0}"
b1263fbb69b2baa553d68ae4,sample-v1,SKU-0001,SEA,2025-05-04,33.0,False,False,2025-07-21T00:00:00+00:00,valid,"{""expected_uncensored"": 23.5607, ""family"": ""regular"", ""generator"": ""synthetic-1.0"", ""seed"": 42, ""shock_multiplier"": 1.0}"
57fba4725e06e629092b3a98,sample-v1,SKU-0001,SEA,2025-05-05,30.0,False,False,2025-07-21T00:00:00+00:00,valid,"{""expected_uncensored"": 26.0, ""family"": ""regular"", ""generator"": ""synthetic-1.0"", ""seed"": 42, ""shock_multiplier"": 1.0}"
30fc23b91600de39e365d70d,sample-v1,SKU-0001,SEA,2025-05-06,42.0,False,False,2025-07-21T00:00:00+00:00,valid,"{""expected_uncensored"": 28.4393, ""family"": ""regular"", ""generator"": ""synthetic-1.0"", ""seed"": 42, ""shock_multiplier"": 1.0}"
e5f8329157aa3f70eb59cc87,sample-v1,SKU-0001,SEA,2025-05-07,31.0,False,False,2025-07-21T00:00:00+00:00,valid,"{""expected_uncensored"": 29.0418, ""family"": ""regular"", ""generator"": ""synthetic-1.0"", ""seed"": 42, ""shock_multiplier"": 1.0}"
f16e1eedd62ae4d864b5a531,sample-v1,SKU-0001,SEA,2025-05-08,21.0,False,False,2025-07-21T00:00:00+00:00,valid,"{""expected_uncensored"": 27.3537, ""family"": ""regular"", ""generator"": ""synthetic-1.0"", ""seed"": 42, ""shock_multiplier"": 1.0}"
eca205dd8d230d29c11c56ae,sample-v1,SKU-0001,SEA,2025-05-09,20.0,False,False,2025-07-21T00:00:00+00:00,valid,"{""expected_uncensored"": 24.6463, ""family"": ""regular"", ""generator"": ""synthetic-1.0"", ""seed"": 42, ""shock_multiplier"": 1.0}"
5870e7ea7b33a3a55c8d258b,sample-v1,SKU-0001,SEA,2025-05-10,18.0,False,False,2025-07-21T00:00:00+00:00,valid,"{""expected_uncensored"": 22.9582, ""family"": ""regular"", ""generator"": ""synthetic-1.0"", ""seed"": 42, ""shock_multiplier"": 1.0}"
00a039618fa546ec7506a212,sample-v1,SKU-0001,SEA,2025-05-11,19.0,False,False,2025-07-21T00:00:00+00:00,valid,"{""expected_uncensored"": 23.5607, ""family"": ""regular"", ""generator"": ""synthetic-1.0"", ""seed"": 42, ""shock_multiplier"": 1.0}"
4ddfaa53cd99a5276fae6bb1,sample-v1,SKU-0001,SEA,2025-05-12,26.0,False,False,2025-07-21T00:00:00+00:00,valid,"{""expected_uncensored"": 26.0, ""family"": ""regular"", ""generator"": ""synthetic-1.0"", ""seed"": 42, ""shock_multiplier"": 1.0}"
a6a6015ea4bb3a29ed6ff7cd,sample-v1,SKU-0001,SEA,2025-05-13,24.0,False,False,2025-07-21T00:00:00+00:00,valid,"{""expected_uncensored"": 28.4393, ""family"": ""regular"", ""generator"": ""synthetic-1.0"", ""seed"": 42, ""shock_multiplier"": 1.0}"
2eabc885be54ef55c348225f,sample-v1,SKU-0001,SEA,2025-05-14,31.0,False,False,2025-07-21T00:00:00+00:00,valid,"{""expected_uncensored"": 29.0418, ""family"": ""regular"", ""generator"": ""synthetic-1.0"", ""seed"": 42, ""shock_multiplier"": 1.0}"
1fec985d5d8c9dc745ab4851,sample-v1,SKU-0001,SEA,2025-05-15,29.0,False,False,2025-07-21T00:00:00+00:00,valid,"{""expected_uncensored"": 27.3537, ""family"": ""regular"", ""generator"": ""synthetic-1.0"", ""seed"": 42, ""shock_multiplier"": 1.0}"
47021a4d3c0bbca050b340e9,sample-v1,SKU-0001,SEA,2025-05-16,24.0,False,False,2025-07-21T00:00:00+00:00,valid,"{""expected_uncensored"": 24.6463, ""family"": ""regular"", ""generator"": ""synthetic-1.0"", ""seed"": 42, ""shock_multiplier"": 1.0}"
55729106408c670edc0f13a9,sample-v1,SKU-0001,SEA,2025-05-17,23.0,False,False,2025-07-21T00:00:00+00:00,valid,"{""expected_uncensored"": 22.9582, ""family"": ""regular"", ""generator"": ""synthetic-1.0"", ""seed"": 42, ""shock_multiplier"": 1.0}"
0f2432406b922a53ad20ba9f,sample-v1,SKU-0001,SEA,2025-05-18,17.0,False,False,2025-07-21T00:00:00+00:00,valid,"{""expected_uncensored"": 23.5607, ""family"": ""regular"", ""generator"": ""synthetic-1.0"", ""seed"": 42, ""shock_multiplier"": 1.0}"
7d6a742fca13732bf761b00a,sample-v1,SKU-0001,SEA,2025-05-19,43.0,True,False,2025-07-21T00:00:00+00:00,valid,"{""expected_uncensored"": 42.9, ""family"": ""regular"", ""generator"": ""synthetic-1.0"", ""seed"": 42, ""shock_multiplier"": 1.0}"
a7161a3f539745e243b8db92,sample-v1,SKU-0001,SEA,2025-05-20,52.0,True,False,2025-07-21T00:00:00+00:00,valid,"{""expected_uncensored"": 46.9249, ""family"": ""regular"", ""generator"": ""synthetic-1.0"", ""seed"": 42, ""shock_multiplier"": 1.0}"
4da91d558772c3d5571ae7db,sample-v1,SKU-0001,SEA,2025-05-21,50.0,True,False,2025-07-21T00:00:00+00:00,valid,"{""expected_uncensored"": 47.9189, ""family"": ""regular"", ""generator"": ""synthetic-1.0"", ""seed"": 42, ""shock_multiplier"": 1.0}"
473d0d3d36e2296e3ac19dfe,sample-v1,SKU-0001,SEA,2025-05-22,34.0,True,False,2025-07-21T00:00:00+00:00,valid,"{""expected_uncensored"": 45.1336, ""family"": ""regular"", ""generator"": ""synthetic-1.0"", ""seed"": 42, ""shock_multiplier"": 1.0}"
14864a693b64640d921b72ef,sample-v1,SKU-0001,SEA,2025-05-23,34.0,True,False,2025-07-21T00:00:00+00:00,valid,"{""expected_uncensored"": 40.6664, ""family"": ""regular"", ""generator"": ""synthetic-1.0"", ""seed"": 42, ""shock_multiplier"": 1.0}"
e45b77f2e84010e44c853f63,sample-v1,SKU-0001,SEA,2025-05-24,41.0,True,False,2025-07-21T00:00:00+00:00,valid,"{""expected_uncensored"": 37.8811, ""family"": ""regular"", ""generator"": ""synthetic-1.0"", ""seed"": 42, ""shock_multiplier"": 1.0}"
ba9db1d7d2765f06f59917ba,sample-v1,SKU-0001,SEA,2025-05-25,43.0,True,False,2025-07-21T00:00:00+00:00,valid,"{""expected_uncensored"": 38.8751, ""family"": ""regular"", ""generator"": ""synthetic-1.0"", ""seed"": 42, ""shock_multiplier"": 1.0}"
3931b6bca637d94602219bc8,sample-v1,SKU-0001,SEA,2025-05-26,26.0,False,False,2025-07-21T00:00:00+00:00,valid,"{""expected_uncensored"": 26.0, ""family"": ""regular"", ""generator"": ""synthetic-1.0"", ""seed"": 42, ""shock_multiplier"": 1.0}"
525e81ce6d0d7c4e397b480b,sample-v1,SKU-0001,SEA,2025-05-27,28.0,False,False,2025-07-21T00:00:00+00:00,valid,"{""expected_uncensored"": 28.4393, ""family"": ""regular"", ""generator"": ""synthetic-1.0"", ""seed"": 42, ""shock_multiplier"": 1.0}"
4bf8ccf83fb36e097d9efe92,sample-v1,SKU-0001,SEA,2025-05-28,26.0,False,False,2025-07-21T00:00:00+00:00,valid,"{""expected_uncensored"": 29.0418, ""family"": ""regular"", ""generator"": ""synthetic-1.0"", ""seed"": 42, ""shock_multiplier"": 1.0}"
681c09dc6710963ecaaab056,sample-v1,SKU-0001,SEA,2025-05-29,27.0,False,False,2025-07-21T00:00:00+00:00,valid,"{""expected_uncensored"": 27.3537, ""family"": ""regular"", ""generator"": ""synthetic-1.0"", ""seed"": 42, ""shock_multiplier"": 1.0}"
2cbe1793ec804dfe9d7c0e60,sample-v1,SKU-0001,SEA,2025-05-30,28.0,False,False,2025-07-21T00:00:00+00:00,valid,"{""expected_uncensored"": 24.6463, ""family"": ""regular"", ""generator"": ""synthetic-1.0"", ""seed"": 42, ""shock_multiplier"": 1.0}"
805e3c4cd77c730dbb6863be,sample-v1,SKU-0001,SEA,2025-05-31,27.0,False,False,2025-07-21T00:00:00+00:00,valid,"{""expected_uncensored"": 22.9582, ""family"": ""regular"", ""generator"": ""synthetic-1.0"", ""seed"": 42, ""shock_multiplier"": 1.0}"
57c4f1ed5668c71f11a1f123,sample-v1,SKU-0001,SEA,2025-06-01,16.0,False,False,2025-07-21T00:00:00+00:00,valid,"{""expected_uncensored"": 23.5607, ""family"": ""regular"", ""generator"": ""synthetic-1.0"", ""seed"": 42, ""shock_multiplier"": 1.0}"
eadb12f288a96e21f3f32bf1,sample-v1,SKU-0001,SEA,2025-06-02,24.0,False,False,2025-07-21T00:00:00+00:00,valid,"{""expected_uncensored"": 26.0, ""family"": ""regular"", ""generator"": ""synthetic-1.0"", ""seed"": 42, ""shock_multiplier"": 1.0}"
a15cf1fbc9a6f1fe17c25009,sample-v1,SKU-0001,SEA,2025-06-03,27.0,False,False,2025-07-21T00:00:00+00:00,valid,"{""expected_uncensored"": 28.4393, ""family"": ""regular"", ""generator"": ""synthetic-1.0"", ""seed"": 42, ""shock_multiplier"": 1.0}"
c1b34e25c705f84b26566e72,sample-v1,SKU-0001,SEA,2025-06-04,34.0,False,False,2025-07-21T00:00:00+00:00,valid,"{""expected_uncensored"": 29.0418, ""family"": ""regular"", ""generator"": ""synthetic-1.0"", ""seed"": 42, ""shock_multiplier"": 1.0}"
720978a519efc34d03ce062e,sample-v1,SKU-0001,SEA,2025-06-05,32.0,False,False,2025-07-21T00:00:00+00:00,valid,"{""expected_uncensored"": 27.3537, ""family"": ""regular"", ""generator"": ""synthetic-1.0"", ""seed"": 42, ""shock_multiplier"": 1.0}"
d02d9e94c406c0f65ce1349f,sample-v1,SKU-0001,SEA,2025-06-06,11.0,False,False,2025-07-21T00:00:00+00:00,valid,"{""expected_uncensored"": 14.2948, ""family"": ""regular"", ""generator"": ""synthetic-1.0"", ""seed"": 42, ""shock_multiplier"": 0.58}"
c2998e1c65c5d92559535f53,sample-v1,SKU-0001,SEA,2025-06-07,11.0,False,False,2025-07-21T00:00:00+00:00,valid,"{""expected_uncensored"": 13.3158, ""family"": ""regular"", ""generator"": ""synthetic-1.0"", ""seed"": 42, ""shock_multiplier"": 0.58}"
43553583d78044bb72a719b5,sample-v1,SKU-0001,SEA,2025-06-08,16.0,False,False,2025-07-21T00:00:00+00:00,valid,"{""expected_uncensored"": 13.6652, ""family"": ""regular"", ""generator"": ""synthetic-1.0"", ""seed"": 42, ""shock_multiplier"": 0.58}"
7f1b0ee1d4268e11857b4ef6,sample-v1,SKU-0001,SEA,2025-06-09,13.0,False,False,2025-07-21T00:00:00+00:00,valid,"{""expected_uncensored"": 15.08, ""family"": ""regular"", ""generator"": ""synthetic-1.0"", ""seed"": 42, ""shock_multiplier"": 0.58}"
04c39c1311b29e3d9a22c4d5,sample-v1,SKU-0001,SEA,2025-06-10,20.0,False,False,2025-07-21T00:00:00+00:00,valid,"{""expected_uncensored"": 16.4948, ""family"": ""regular"", ""generator"": ""synthetic-1.0"", ""seed"": 42, ""shock_multiplier"": 0.58}"
2da61545e4e2b043a705f21e,sample-v1,SKU-0001,SEA,2025-06-11,22.0,False,False,2025-07-21T00:00:00+00:00,valid,"{""expected_uncensored"": 16.8442, ""family"": ""regular"", ""generator"": ""synthetic-1.0"", ""seed"": 42, ""shock_multiplier"": 0.58}"
9e05f85003cb5ffc55cdb626,sample-v1,SKU-0001,SEA,2025-06-12,18.0,False,False,2025-07-21T00:00:00+00:00,valid,"{""expected_uncensored"": 15.8652, ""family"": ""regular"", ""generator"": ""synthetic-1.0"", ""seed"": 42, ""shock_multiplier"": 0.58}"
6e6d2ff5c0a34921ac46852c,sample-v1,SKU-0001,SEA,2025-06-13,9.0,False,False,2025-07-21T00:00:00+00:00,valid,"{""expected_uncensored"": 14.2948, ""family"": ""regular"", ""generator"": ""synthetic-1.0"", ""seed"": 42, ""shock_multiplier"": 0.58}"
828404d53d0e23a19e1411c0,sample-v1,SKU-0001,SEA,2025-06-14,8.0,False,False,2025-07-21T00:00:00+00:00,valid,"{""expected_uncensored"": 13.3158, ""family"": ""regular"", ""generator"": ""synthetic-1.0"", ""seed"": 42, ""shock_multiplier"": 0.58}"
09abbb1521a38c663b7ef62c,sample-v1,SKU-0001,SEA,2025-06-15,10.0,False,False,2025-07-21T00:00:00+00:00,valid,"{""expected_uncensored"": 13.6652, ""family"": ""regular"", ""generator"": ""synthetic-1.0"", ""seed"": 42, ""shock_multiplier"": 0.58}"
2d9d09208c6736c5c3ba2ac7,sample-v1,SKU-0001,SEA,2025-06-16,11.0,False,False,2025-07-21T00:00:00+00:00,valid,"{""expected_uncensored"": 15.08, ""family"": ""regular"", ""generator"": ""synthetic-1.0"", ""seed"": 42, ""shock_multiplier"": 0.58}"
a058ad76d14b9ca66cd26149,sample-v1,SKU-0001,SEA,2025-06-17,18.0,False,False,2025-07-21T00:00:00+00:00,valid,"{""expected_uncensored"": 16.4948, ""family"": ""regular"", ""generator"": ""synthetic-1.0"", ""seed"": 42, ""shock_multiplier"": 0.58}"
67026edf634b557539b65f24,sample-v1,SKU-0001,SEA,2025-06-18,14.0,False,False,2025-07-21T00:00:00+00:00,valid,"{""expected_uncensored"": 16.8442, ""family"": ""regular"", ""generator"": ""synthetic-1.0"", ""seed"": 42, ""shock_multiplier"": 0.58}"
337cf6ea7ec28dda5b2ec4c8,sample-v1,SKU-0001,SEA,2025-06-19,17.0,False,False,2025-07-21T00:00:00+00:00,valid,"{""expected_uncensored"": 15.8652, ""family"": ""regular"", ""generator"": ""synthetic-1.0"", ""seed"": 42, ""shock_multiplier"": 0.58}"
befabc3624cd9f4a851a1b5e,sample-v1,SKU-0001,SEA,2025-06-20,34.0,False,False,2025-07-21T00:00:00+00:00,valid,"{""expected_uncensored"": 24.6463, ""family"": ""regular"", ""generator"": ""synthetic-1.0"", ""seed"": 42, ""shock_multiplier"": 1.0}"
2ea90bcbc37779851b064ea5,sample-v1,SKU-0001,SEA,2025-06-21,16.0,False,False,2025-07-21T00:00:00+00:00,valid,"{""expected_uncensored"": 22.9582, ""family"": ""regular"", ""generator"": ""synthetic-1.0"", ""seed"": 42, ""shock_multiplier"": 1.0}"
25e634270b02ae29797610d7,sample-v1,SKU-0001,SEA,2025-06-22,21.0,False,False,2025-07-21T00:00:00+00:00,valid,"{""expected_uncensored"": 23.5607, ""family"": ""regular"", ""generator"": ""synthetic-1.0"", ""seed"": 42, ""shock_multiplier"": 1.0}"
5f81f49ff17c019eec471d35,sample-v1,SKU-0001,SEA,2025-06-23,23.0,False,False,2025-07-21T00:00:00+00:00,valid,"{""expected_uncensored"": 26.0, ""family"": ""regular"", ""generator"": ""synthetic-1.0"", ""seed"": 42, ""shock_multiplier"": 1.0}"
480c7fd783a42415cddf2c54,sample-v1,SKU-0001,SEA,2025-06-24,28.0,False,False,2025-07-21T00:00:00+00:00,valid,"{""expected_uncensored"": 28.4393, ""family"": ""regular"", ""generator"": ""synthetic-1.0"", ""seed"": 42, ""shock_multiplier"": 1.0}"
ce6f5332674153c4fb3371f6,sample-v1,SKU-0001,SEA,2025-06-25,34.0,False,False,2025-07-21T00:00:00+00:00,valid,"{""expected_uncensored"": 29.0418, ""family"": ""regular"", ""generator"": ""synthetic-1.0"", ""seed"": 42, ""shock_multiplier"": 1.0}"
e013d814baa8daf948aac0a5,sample-v1,SKU-0001,SEA,2025-06-26,30.0,False,False,2025-07-21T00:00:00+00:00,valid,"{""expected_uncensored"": 27.3537, ""family"": ""regular"", ""generator"": ""synthetic-1.0"", ""seed"": 42, ""shock_multiplier"": 1.0}"
d502e0b504d7ebbcea87489a,sample-v1,SKU-0001,SEA,2025-06-27,22.0,False,False,2025-07-21T00:00:00+00:00,valid,"{""expected_uncensored"": 24.6463, ""family"": ""regular"", ""generator"": ""synthetic-1.0"", ""seed"": 42, ""shock_multiplier"": 1.0}"
8fd0030f41633750b2d4ca28,sample-v1,SKU-0001,SEA,2025-06-28,20.0,False,False,2025-07-21T00:00:00+00:00,valid,"{""expected_uncensored"": 22.9582, ""family"": ""regular"", ""generator"": ""synthetic-1.0"", ""seed"": 42, ""shock_multiplier"": 1.0}"
98646b94a25bd7a9dab73f2d,sample-v1,SKU-0001,SEA,2025-06-29,27.0,False,False,2025-07-21T00:00:00+00:00,valid,"{""expected_uncensored"": 23.5607, ""family"": ""regular"", ""generator"": ""synthetic-1.0"", ""seed"": 42, ""shock_multiplier"": 1.0}"
7cd0ef4b6bf0012b28974e6e,sample-v1,SKU-0001,SEA,2025-06-30,22.0,False,False,2025-07-21T00:00:00+00:00,valid,"{""expected_uncensored"": 26.0, ""family"": ""regular"", ""generator"": ""synthetic-1.0"", ""seed"": 42, ""shock_multiplier"": 1.0}"
9bc60c406f907090e8a6cd08,sample-v1,SKU-0001,SEA,2025-07-01,32.0,False,False,2025-07-21T00:00:00+00:00,valid,"{""expected_uncensored"": 28.4393, ""family"": ""regular"", ""generator"": ""synthetic-1.0"", ""seed"": 42, ""shock_multiplier"": 1.0}"
d4e4a4024e5dc1ba0d6063c8,sample-v1,SKU-0001,SEA,2025-07-02,28.0,False,False,2025-07-21T00:00:00+00:00,valid,"{""expected_uncensored"": 29.0418, ""family"": ""regular"", ""generator"": ""synthetic-1.0"", ""seed"": 42, ""shock_multiplier"": 1.0}"
deea1ec2333524a8112192d7,sample-v1,SKU-0001,SEA,2025-07-03,30.0,False,False,2025-07-21T00:00:00+00:00,valid,"{""expected_uncensored"": 27.3537, ""family"": ""regular"", ""generator"": ""synthetic-1.0"", ""seed"": 42, ""shock_multiplier"": 1.0}"
876340dc396eb79eb2e67b66,sample-v1,SKU-0001,SEA,2025-07-04,31.0,False,False,2025-07-21T00:00:00+00:00,valid,"{""expected_uncensored"": 24.6463, ""family"": ""regular"", ""generator"": ""synthetic-1.0"", ""seed"": 42, ""shock_multiplier"": 1.0}"
e37aecdbe76f62b5b594976e,sample-v1,SKU-0001,SEA,2025-07-05,25.0,False,False,2025-07-21T00:00:00+00:00,valid,"{""expected_uncensored"": 22.9582, ""family"": ""regular"", ""generator"": ""synthetic-1.0"", ""seed"": 42, ""shock_multiplier"": 1.0}"
f3b1715269db83d81a617723,sample-v1,SKU-0001,SEA,2025-07-06,27.0,False,False,2025-07-21T00:00:00+00:00,valid,"{""expected_uncensored"": 23.5607, ""family"": ""regular"", ""generator"": ""synthetic-1.0"", ""seed"": 42, ""shock_multiplier"": 1.0}"
4d2d5e258ee3e6063b5cbebd,sample-v1,SKU-0001,SEA,2025-07-07,25.0,False,False,2025-07-21T00:00:00+00:00,valid,"{""expected_uncensored"": 26.0, ""family"": ""regular"", ""generator"": ""synthetic-1.0"", ""seed"": 42, ""shock_multiplier"": 1.0}"
391df3dd777f510f16b0d44e,sample-v1,SKU-0001,SEA,2025-07-08,22.0,False,False,2025-07-21T00:00:00+00:00,valid,"{""expected_uncensored"": 28.4393, ""family"": ""regular"", ""generator"": ""synthetic-1.0"", ""seed"": 42, ""shock_multiplier"": 1.0}"
b5cc1b0cea286d37036a6926,sample-v1,SKU-0001,SEA,2025-07-09,34.0,False,False,2025-07-21T00:00:00+00:00,valid,"{""expected_uncensored"": 29.0418, ""family"": ""regular"", ""generator"": ""synthetic-1.0"", ""seed"": 42, ""shock_multiplier"": 1.0}"
b6ab23719c316d092f649ebd,sample-v1,SKU-0001,SEA,2025-07-10,23.0,False,False,2025-07-21T00:00:00+00:00,valid,"{""expected_uncensored"": 27.3537, ""family"": ""regular"", ""generator"": ""synthetic-1.0"", ""seed"": 42, ""shock_multiplier"": 1.0}"
586e9b1a6395778271774f47,sample-v1,SKU-0001,SEA,2025-07-11,17.0,False,False,2025-07-21T00:00:00+00:00,valid,"{""expected_uncensored"": 24.6463, ""family"": ""regular"", ""generator"": ""synthetic-1.0"", ""seed"": 42, ""shock_multiplier"": 1.0}"
ff9930dc14e6a0efffc4c40f,sample-v1,SKU-0001,SEA,2025-07-12,31.0,False,False,2025-07-21T00:00:00+00:00,valid,"{""expected_uncensored"": 22.9582, ""family"": ""regular"", ""generator"": ""synthetic-1.0"", ""seed"": 42, ""shock_multiplier"": 1.0}"
9fe3d9a7ac0eee9f902a5929,sample-v1,SKU-0001,SEA,2025-07-13,34.0,False,False,2025-07-21T00:00:00+00:00,valid,"{""expected_uncensored"": 23.5607, ""family"": ""regular"", ""generator"": ""synthetic-1.0"", ""seed"": 42, ""shock_multiplier"": 1.0}"
1813219edcf8567155eac89e,sample-v1,SKU-0001,SEA,2025-07-14,26.0,False,False,2025-07-21T00:00:00+00:00,valid,"{""expected_uncensored"": 26.0, ""family"": ""regular"", ""generator"": ""synthetic-1.0"", ""seed"": 42, ""shock_multiplier"": 1.0}"
bdeb5ecef213cd0476863b16,sample-v1,SKU-0001,SEA,2025-07-15,34.0,False,False,2025-07-21T00:00:00+00:00,valid,"{""expected_uncensored"": 28.4393, ""family"": ""regular"", ""generator"": ""synthetic-1.0"", ""seed"": 42, ""shock_multiplier"": 1.0}"
8d3adc82dedb31afb67c149f,sample-v1,SKU-0001,SEA,2025-07-16,32.0,False,False,2025-07-21T00:00:00+00:00,valid,"{""expected_uncensored"": 29.0418, ""family"": ""regular"", ""generator"": ""synthetic-1.0"", ""seed"": 42, ""shock_multiplier"": 1.0}"
0da9ac0c5843c57ec97847b0,sample-v1,SKU-0001,SEA,2025-07-17,25.0,False,False,2025-07-21T00:00:00+00:00,valid,"{""expected_uncensored"": 27.3537, ""family"": ""regular"", ""generator"": ""synthetic-1.0"", ""seed"": 42, ""shock_multiplier"": 1.0}"
a121a51392ea53917a68ae02,sample-v1,SKU-0001,SEA,2025-07-18,14.0,False,False,2025-07-21T00:00:00+00:00,valid,"{""expected_uncensored"": 24.6463, ""family"": ""regular"", ""generator"": ""synthetic-1.0"", ""seed"": 42, ""shock_multiplier"": 1.0}"
d0ddc617b7460174a107fad9,sample-v1,SKU-0001,SEA,2025-07-19,24.0,False,False,2025-07-21T00:00:00+00:00,valid,"{""expected_uncensored"": 22.9582, ""family"": ""regular"", ""generator"": ""synthetic-1.0"", ""seed"": 42, ""shock_multiplier"": 1.0}"
595724abe17073bb97357303,sample-v1,SKU-0001,SEA,2025-07-20,16.0,False,False,2025-07-21T00:00:00+00:00,valid,"{""expected_uncensored"": 23.5607, ""family"": ""regular"", ""generator"": ""synthetic-1.0"", ""seed"": 42, ""shock_multiplier"": 1.0}"
a3f89272d039852899cdc8c9,sample-v1,SKU-0002,CHI,2025-01-06,10.0,False,False,2025-07-21T00:00:00+00:00,valid,"{""expected_uncensored"": 13.3, ""family"": ""seasonal"", ""generator"": ""synthetic-1.0"", ""seed"": 42, ""shock_multiplier"": 1.0}"
69190a4d5e1aa7fba1e88972,sample-v1,SKU-0002,CHI,2025-01-07,23.0,False,False,2025-07-21T00:00:00+00:00,valid,"{""expected_uncensored"": 18.2912, ""family"": ""seasonal"", ""generator"": ""synthetic-1.0"", ""seed"": 42, ""shock_multiplier"": 1.0}"
10ad2185a4f483dbb84d7cbe,sample-v1,SKU-0002,CHI,2025-01-08,24.0,False,False,2025-07-21T00:00:00+00:00,valid,"{""expected_uncensored"": 19.5239, ""family"": ""seasonal"", ""generator"": ""synthetic-1.0"", ""seed"": 42, ""shock_multiplier"": 1.0}"
dbe6231c5854a1b3aa480f25,sample-v1,SKU-0002,CHI,2025-01-09,12.0,False,False,2025-07-21T00:00:00+00:00,valid,"{""expected_uncensored"": 16.0699, ""family"": ""seasonal"", ""generator"": ""synthetic-1.0"", ""seed"": 42, ""shock_multiplier"": 1.0}"
6b341afbc2f81e5072a8f9e9,sample-v1,SKU-0002,CHI,2025-01-10,15.0,True,False,2025-07-21T00:00:00+00:00,valid,"{""expected_uncensored"": 17.3746, ""family"": ""seasonal"", ""generator"": ""synthetic-1.0"", ""seed"": 42, ""shock_multiplier"": 1.0}"
72a30ee105b6e88360b49971,sample-v1,SKU-0002,CHI,2025-01-11,17.0,True,False,2025-07-21T00:00:00+00:00,valid,"{""expected_uncensored"": 11.6755, ""family"": ""seasonal"", ""generator"": ""synthetic-1.0"", ""seed"": 42, ""shock_multiplier"": 1.0}"
001f375f2cfd96097863f727,sample-v1,SKU-0002,CHI,2025-01-12,18.0,True,False,2025-07-21T00:00:00+00:00,valid,"{""expected_uncensored"": 13.7095, ""family"": ""seasonal"", ""generator"": ""synthetic-1.0"", ""seed"": 42, ""shock_multiplier"": 1.0}"
66f7c26563945279d4889ec2,sample-v1,SKU-0002,CHI,2025-01-13,21.0,True,False,2025-07-21T00:00:00+00:00,valid,"{""expected_uncensored"": 21.945, ""family"": ""seasonal"", ""generator"": ""synthetic-1.0"", ""seed"": 42, ""shock_multiplier"": 1.0}"
60b625573968143bf38868ed,sample-v1,SKU-0002,CHI,2025-01-14,31.0,True,False,2025-07-21T00:00:00+00:00,valid,"{""expected_uncensored"": 30.1805, ""family"": ""seasonal"", ""generator"": ""synthetic-1.0"", ""seed"": 42, ""shock_multiplier"": 1.0}"
42467c46c72318efc55cb7c2,sample-v1,SKU-0002,CHI,2025-01-15,39.0,True,False,2025-07-21T00:00:00+00:00,valid,"{""expected_uncensored"": 32.2145, ""family"": ""seasonal"", ""generator"": ""synthetic-1.0"", ""seed"": 42, ""shock_multiplier"": 1.0}"
060ec506e296e2f8545bfedd,sample-v1,SKU-0002,CHI,2025-01-16,22.0,True,False,2025-07-21T00:00:00+00:00,valid,"{""expected_uncensored"": 26.5154, ""family"": ""seasonal"", ""generator"": ""synthetic-1.0"", ""seed"": 42, ""shock_multiplier"": 1.0}"
cc59f885297bfe2ebaa48c4f,sample-v1,SKU-0002,CHI,2025-01-17,9.0,False,False,2025-07-21T00:00:00+00:00,valid,"{""expected_uncensored"": 10.5301, ""family"": ""seasonal"", ""generator"": ""synthetic-1.0"", ""seed"": 42, ""shock_multiplier"": 1.0}"
7abdcbe5e760aefd1be4183d,sample-v1,SKU-0002,CHI,2025-01-18,4.0,False,False,2025-07-21T00:00:00+00:00,valid,"{""expected_uncensored"": 7.0761, ""family"": ""seasonal"", ""generator"": ""synthetic-1.0"", ""seed"": 42, ""shock_multiplier"": 1.0}"
5172e969e1217060d8e70a05,sample-v1,SKU-0002,CHI,2025-01-19,8.0,False,False,2025-07-21T00:00:00+00:00,valid,"{""expected_uncensored"": 8.3088, ""family"": ""seasonal"", ""generator"": ""synthetic-1.0"", ""seed"": 42, ""shock_multiplier"": 1.0}"
b37d305a7db41b93a19883f1,sample-v1,SKU-0002,CHI,2025-01-20,5.0,False,False,2025-07-21T00:00:00+00:00,valid,"{""expected_uncensored"": 13.3, ""family"": ""seasonal"", ""generator"": ""synthetic-1.0"", ""seed"": 42, ""shock_multiplier"": 1.0}"
e56971c0e314e7ba33de6016,sample-v1,SKU-0002,CHI,2025-01-21,22.0,False,False,2025-07-21T00:00:00+00:00,valid,"{""expected_uncensored"": 18.2912, ""family"": ""seasonal"", ""generator"": ""synthetic-1.0"", ""seed"": 42, ""shock_multiplier"": 1.0}"
117a3c44bab64e81c4d1bf57,sample-v1,SKU-0002,CHI,2025-01-22,25.0,False,False,2025-07-21T00:00:00+00:00,valid,"{""expected_uncensored"": 19.5239, ""family"": ""seasonal"", ""generator"": ""synthetic-1.0"", ""seed"": 42, ""shock_multiplier"": 1.0}"
82e8d0533752a69b6f6d5fb3,sample-v1,SKU-0002,CHI,2025-01-23,15.0,False,False,2025-07-21T00:00:00+00:00,valid,"{""expected_uncensored"": 16.0699, ""family"": ""seasonal"", ""generator"": ""synthetic-1.0"", ""seed"": 42, ""shock_multiplier"": 1.0}"
8d54581413d4e2ea64f11c6f,sample-v1,SKU-0002,CHI,2025-01-24,6.0,False,False,2025-07-21T00:00:00+00:00,valid,"{""expected_uncensored"": 10.5301, ""family"": ""seasonal"", ""generator"": ""synthetic-1.0"", ""seed"": 42, ""shock_multiplier"": 1.0}"
f405f802b1a7e283f4a807a6,sample-v1,SKU-0002,CHI,2025-01-25,8.0,False,False,2025-07-21T00:00:00+00:00,valid,"{""expected_uncensored"": 7.0761, ""family"": ""seasonal"", ""generator"": ""synthetic-1.0"", ""seed"": 42, ""shock_multiplier"": 1.0}"
1b6e542ce7b520e54ee0affc,sample-v1,SKU-0002,CHI,2025-01-26,9.0,False,False,2025-07-21T00:00:00+00:00,valid,"{""expected_uncensored"": 8.3088, ""family"": ""seasonal"", ""generator"": ""synthetic-1.0"", ""seed"": 42, ""shock_multiplier"": 1.0}"
29ffbed07c8a6baecf2adde5,sample-v1,SKU-0002,CHI,2025-01-27,13.0,False,False,2025-07-21T00:00:00+00:00,valid,"{""expected_uncensored"": 13.3, ""family"": ""seasonal"", ""generator"": ""synthetic-1.0"", ""seed"": 42, ""shock_multiplier"": 1.0}"
521685b23a873b67cf33914c,sample-v1,SKU-0002,CHI,2025-01-28,17.0,False,False,2025-07-21T00:00:00+00:00,valid,"{""expected_uncensored"": 18.2912, ""family"": ""seasonal"", ""generator"": ""synthetic-1.0"", ""seed"": 42, ""shock_multiplier"": 1.0}"
1f15984f03553134d9476961,sample-v1,SKU-0002,CHI,2025-01-29,23.0,False,False,2025-07-21T00:00:00+00:00,valid,"{""expected_uncensored"": 19.5239, ""family"": ""seasonal"", ""generator"": ""synthetic-1.0"", ""seed"": 42, ""shock_multiplier"": 1.0}"
9da6163e8f8e31f73fa52885,sample-v1,SKU-0002,CHI,2025-01-30,15.0,False,False,2025-07-21T00:00:00+00:00,valid,"{""expected_uncensored"": 16.0699, ""family"": ""seasonal"", ""generator"": ""synthetic-1.0"", ""seed"": 42, ""shock_multiplier"": 1.0}"
b670ddcc8797b8668b4b94da,sample-v1,SKU-0002,CHI,2025-01-31,10.0,False,False,2025-07-21T00:00:00+00:00,valid,"{""expected_uncensored"": 10.5301, ""family"": ""seasonal"", ""generator"": ""synthetic-1.0"", ""seed"": 42, ""shock_multiplier"": 1.0}"
dbf72e708a9f9f3929929229,sample-v1,SKU-0002,CHI,2025-02-01,5.0,False,False,2025-07-21T00:00:00+00:00,valid,"{""expected_uncensored"": 7.0761, ""family"": ""seasonal"", ""generator"": ""synthetic-1.0"", ""seed"": 42, ""shock_multiplier"": 1.0}"
0146a577c1368cd83a388b65,sample-v1,SKU-0002,CHI,2025-02-02,13.0,False,False,2025-07-21T00:00:00+00:00,valid,"{""expected_uncensored"": 8.3088, ""family"": ""seasonal"", ""generator"": ""synthetic-1.0"", ""seed"": 42, ""shock_multiplier"": 1.0}"
9b22aeeeafb80cc5af6b624a,sample-v1,SKU-0002,CHI,2025-02-03,13.0,False,False,2025-07-21T00:00:00+00:00,valid,"{""expected_uncensored"": 13.3, ""family"": ""seasonal"", ""generator"": ""synthetic-1.0"", ""seed"": 42, ""shock_multiplier"": 1.0}"
42ca32f4e07d47370e981b40,sample-v1,SKU-0002,CHI,2025-02-04,18.0,False,False,2025-07-21T00:00:00+00:00,valid,"{""expected_uncensored"": 18.2912, ""family"": ""seasonal"", ""generator"": ""synthetic-1.0"", ""seed"": 42, ""shock_multiplier"": 1.0}"
c3ad84486bd5f37069702dc0,sample-v1,SKU-0002,CHI,2025-02-05,16.0,False,False,2025-07-21T00:00:00+00:00,valid,"{""expected_uncensored"": 19.5239, ""family"": ""seasonal"", ""generator"": ""synthetic-1.0"", ""seed"": 42, ""shock_multiplier"": 1.0}"
fdab14dc840d40a03d29b3c1,sample-v1,SKU-0002,CHI,2025-02-06,21.0,False,False,2025-07-21T00:00:00+00:00,valid,"{""expected_uncensored"": 16.0699, ""family"": ""seasonal"", ""generator"": ""synthetic-1.0"", ""seed"": 42, ""shock_multiplier"": 1.0}"
ec83d01a83dd048163315af6,sample-v1,SKU-0002,CHI,2025-02-07,10.0,False,False,2025-07-21T00:00:00+00:00,valid,"{""expected_uncensored"": 10.5301, ""family"": ""seasonal"", ""generator"": ""synthetic-1.0"", ""seed"": 42, ""shock_multiplier"": 1.0}"
db62a6bb1f711cd5664a916d,sample-v1,SKU-0002,CHI,2025-02-08,5.0,False,False,2025-07-21T00:00:00+00:00,valid,"{""expected_uncensored"": 7.0761, ""family"": ""seasonal"", ""generator"": ""synthetic-1.0"", ""seed"": 42, ""shock_multiplier"": 1.0}"
2657637de27b74339e77de9c,sample-v1,SKU-0002,CHI,2025-02-09,11.0,False,False,2025-07-21T00:00:00+00:00,valid,"{""expected_uncensored"": 8.3088, ""family"": ""seasonal"", ""generator"": ""synthetic-1.0"", ""seed"": 42, ""shock_multiplier"": 1.0}"
efed02aec7fb283cf801bf79,sample-v1,SKU-0002,CHI,2025-02-10,12.0,False,False,2025-07-21T00:00:00+00:00,valid,"{""expected_uncensored"": 13.3, ""family"": ""seasonal"", ""generator"": ""synthetic-1.0"", ""seed"": 42, ""shock_multiplier"": 1.0}"
f7e7ea89e1dbed0701e9f301,sample-v1,SKU-0002,CHI,2025-02-11,23.0,False,False,2025-07-21T00:00:00+00:00,valid,"{""expected_uncensored"": 18.2912, ""family"": ""seasonal"", ""generator"": ""synthetic-1.0"", ""seed"": 42, ""shock_multiplier"": 1.0}"
3be1e07e02f359feadf20d68,sample-v1,SKU-0002,CHI,2025-02-12,17.0,False,False,2025-07-21T00:00:00+00:00,valid,"{""expected_uncensored"": 19.5239, ""family"": ""seasonal"", ""generator"": ""synthetic-1.0"", ""seed"": 42, ""shock_multiplier"": 1.0}"
2b12974dce5718acfd605ea9,sample-v1,SKU-0002,CHI,2025-02-13,20.0,False,False,2025-07-21T00:00:00+00:00,valid,"{""expected_uncensored"": 16.0699, ""family"": ""seasonal"", ""generator"": ""synthetic-1.0"", ""seed"": 42, ""shock_multiplier"": 1.0}"
6f801c733de568916991451a,sample-v1,SKU-0002,CHI,2025-02-14,9.0,False,False,2025-07-21T00:00:00+00:00,valid,"{""expected_uncensored"": 10.5301, ""family"": ""seasonal"", ""generator"": ""synthetic-1.0"", ""seed"": 42, ""shock_multiplier"": 1.0}"
d4acb3e0243a55c071927ba3,sample-v1,SKU-0002,CHI,2025-02-15,8.0,False,False,2025-07-21T00:00:00+00:00,valid,"{""expected_uncensored"": 7.0761, ""family"": ""seasonal"", ""generator"": ""synthetic-1.0"", ""seed"": 42, ""shock_multiplier"": 1.0}"
1918ab5cb291f2ee1232e2e3,sample-v1,SKU-0002,CHI,2025-02-16,9.0,False,False,2025-07-21T00:00:00+00:00,valid,"{""expected_uncensored"": 8.3088, ""family"": ""seasonal"", ""generator"": ""synthetic-1.0"", ""seed"": 42, ""shock_multiplier"": 1.0}"
bbd88465f68fa83a815d8ad8,sample-v1,SKU-0002,CHI,2025-02-17,21.0,False,False,2025-07-21T00:00:00+00:00,valid,"{""expected_uncensored"": 13.3, ""family"": ""seasonal"", ""generator"": ""synthetic-1.0"", ""seed"": 42, ""shock_multiplier"": 1.0}"
02af4cd0da1f34e610dc00bf,sample-v1,SKU-0002,CHI,2025-02-18,15.0,False,False,2025-07-21T00:00:00+00:00,valid,"{""expected_uncensored"": 18.2912, ""family"": ""seasonal"", ""generator"": ""synthetic-1.0"", ""seed"": 42, ""shock_multiplier"": 1.0}"
d8717448db0525435b1df96d,sample-v1,SKU-0002,CHI,2025-02-19,15.0,False,False,2025-07-21T00:00:00+00:00,valid,"{""expected_uncensored"": 19.5239, ""family"": ""seasonal"", ""generator"": ""synthetic-1.0"", ""seed"": 42, ""shock_multiplier"": 1.0}"
9445698d29c67b7634ea6c57,sample-v1,SKU-0002,CHI,2025-02-20,14.0,False,False,2025-07-21T00:00:00+00:00,valid,"{""expected_uncensored"": 16.0699, ""family"": ""seasonal"", ""generator"": ""synthetic-1.0"", ""seed"": 42, ""shock_multiplier"": 1.0}"
d1d6cae27fd1d85508886015,sample-v1,SKU-0002,CHI,2025-02-21,11.0,False,False,2025-07-21T00:00:00+00:00,valid,"{""expected_uncensored"": 10.5301, ""family"": ""seasonal"", ""generator"": ""synthetic-1.0"", ""seed"": 42, ""shock_multiplier"": 1.0}"
9d4cd8df86b5e867c0f08b1f,sample-v1,SKU-0002,CHI,2025-02-22,6.0,False,False,2025-07-21T00:00:00+00:00,valid,"{""expected_uncensored"": 7.0761, ""family"": ""seasonal"", ""generator"": ""synthetic-1.0"", ""seed"": 42, ""shock_multiplier"": 1.0}"
7cc54f54a4d5769fcf341811,sample-v1,SKU-0002,CHI,2025-02-23,4.0,False,False,2025-07-21T00:00:00+00:00,valid,"{""expected_uncensored"": 8.3088, ""family"": ""seasonal"", ""generator"": ""synthetic-1.0"", ""seed"": 42, ""shock_multiplier"": 1.0}"
274c21c5a8bdf0e4ffe7a3c9,sample-v1,SKU-0002,CHI,2025-02-24,19.0,False,False,2025-07-21T00:00:00+00:00,valid,"{""expected_uncensored"": 13.3, ""family"": ""seasonal"", ""generator"": ""synthetic-1.0"", ""seed"": 42, ""shock_multiplier"": 1.0}"
3f08af327b5e24bbf4009407,sample-v1,SKU-0002,CHI,2025-02-25,11.0,False,False,2025-07-21T00:00:00+00:00,valid,"{""expected_uncensored"": 18.2912, ""family"": ""seasonal"", ""generator"": ""synthetic-1.0"", ""seed"": 42, ""shock_multiplier"": 1.0}"
8f8138a0f52c7f865626ec3e,sample-v1,SKU-0002,CHI,2025-02-26,13.0,False,False,2025-07-21T00:00:00+00:00,valid,"{""expected_uncensored"": 19.5239, ""family"": ""seasonal"", ""generator"": ""synthetic-1.0"", ""seed"": 42, ""shock_multiplier"": 1.0}"
327ba47f83cc90e912aa39ab,sample-v1,SKU-0002,CHI,2025-02-27,20.0,False,False,2025-07-21T00:00:00+00:00,valid,"{""expected_uncensored"": 16.0699, ""family"": ""seasonal"", ""generator"": ""synthetic-1.0"", ""seed"": 42, ""shock_multiplier"": 1.0}"
013567722a391dcb8ba2324a,sample-v1,SKU-0002,CHI,2025-02-28,5.0,False,False,2025-07-21T00:00:00+00:00,valid,"{""expected_uncensored"": 10.5301, ""family"": ""seasonal"", ""generator"": ""synthetic-1.0"", ""seed"": 42, ""shock_multiplier"": 1.0}"
c5a543ab99605be41852e8b5,sample-v1,SKU-0002,CHI,2025-03-01,7.0,False,False,2025-07-21T00:00:00+00:00,valid,"{""expected_uncensored"": 7.0761, ""family"": ""seasonal"", ""generator"": ""synthetic-1.0"", ""seed"": 42, ""shock_multiplier"": 1.0}"
aeda9ce3fad949a0b5702016,sample-v1,SKU-0002,CHI,2025-03-02,7.0,False,False,2025-07-21T00:00:00+00:00,valid,"{""expected_uncensored"": 8.3088, ""family"": ""seasonal"", ""generator"": ""synthetic-1.0"", ""seed"": 42, ""shock_multiplier"": 1.0}"
181ecb368f74e233db84f169,sample-v1,SKU-0002,CHI,2025-03-03,19.0,False,False,2025-07-21T00:00:00+00:00,valid,"{""expected_uncensored"": 13.3, ""family"": ""seasonal"", ""generator"": ""synthetic-1.0"", ""seed"": 42, ""shock_multiplier"": 1.0}"
cd1c3458e2c4f0aa21f815d5,sample-v1,SKU-0002,CHI,2025-03-04,17.0,False,False,2025-07-21T00:00:00+00:00,valid,"{""expected_uncensored"": 18.2912, ""family"": ""seasonal"", ""generator"": ""synthetic-1.0"", ""seed"": 42, ""shock_multiplier"": 1.0}"
dcc39a5d275cb2517a663750,sample-v1,SKU-0002,CHI,2025-03-05,28.0,False,False,2025-07-21T00:00:00+00:00,valid,"{""expected_uncensored"": 19.5239, ""family"": ""seasonal"", ""generator"": ""synthetic-1.0"", ""seed"": 42, ""shock_multiplier"": 1.0}"
08dc8171692b30e0ae1465bf,sample-v1,SKU-0002,CHI,2025-03-06,17.0,False,False,2025-07-21T00:00:00+00:00,valid,"{""expected_uncensored"": 16.0699, ""family"": ""seasonal"", ""generator"": ""synthetic-1.0"", ""seed"": 42, ""shock_multiplier"": 1.0}"
1b0a8bbae8d117719250c457,sample-v1,SKU-0002,CHI,2025-03-07,13.0,False,False,2025-07-21T00:00:00+00:00,valid,"{""expected_uncensored"": 10.5301, ""family"": ""seasonal"", ""generator"": ""synthetic-1.0"", ""seed"": 42, ""shock_multiplier"": 1.0}"
9844f43a159b791dc823ab5c,sample-v1,SKU-0002,CHI,2025-03-08,3.0,False,False,2025-07-21T00:00:00+00:00,valid,"{""expected_uncensored"": 7.0761, ""family"": ""seasonal"", ""generator"": ""synthetic-1.0"", ""seed"": 42, ""shock_multiplier"": 1.0}"
f7acc075d5992ea7db8f1004,sample-v1,SKU-0002,CHI,2025-03-09,13.0,False,False,2025-07-21T00:00:00+00:00,valid,"{""expected_uncensored"": 8.3088, ""family"": ""seasonal"", ""generator"": ""synthetic-1.0"", ""seed"": 42, ""shock_multiplier"": 1.0}"
592ba84363b3426fc24e54ab,sample-v1,SKU-0002,CHI,2025-03-10,19.0,False,False,2025-07-21T00:00:00+00:00,valid,"{""expected_uncensored"": 13.3, ""family"": ""seasonal"", ""generator"": ""synthetic-1.0"", ""seed"": 42, ""shock_multiplier"": 1.0}"
cfab82ab15cb67fe24d629ef,sample-v1,SKU-0002,CHI,2025-03-11,19.0,False,False,2025-07-21T00:00:00+00:00,valid,"{""expected_uncensored"": 18.2912, ""family"": ""seasonal"", ""generator"": ""synthetic-1.0"", ""seed"": 42, ""shock_multiplier"": 1.0}"
d7baed73680265a801ab5b11,sample-v1,SKU-0002,CHI,2025-03-12,19.0,False,False,2025-07-21T00:00:00+00:00,valid,"{""expected_uncensored"": 19.5239, ""family"": ""seasonal"", ""generator"": ""synthetic-1.0"", ""seed"": 42, ""shock_multiplier"": 1.0}"
5521a4b853a7ef3adfc50b66,sample-v1,SKU-0002,CHI,2025-03-13,26.0,False,False,2025-07-21T00:00:00+00:00,valid,"{""expected_uncensored"": 16.0699, ""family"": ""seasonal"", ""generator"": ""synthetic-1.0"", ""seed"": 42, ""shock_multiplier"": 1.0}"
b9e177908ff379b02818acdb,sample-v1,SKU-0002,CHI,2025-03-14,12.0,True,False,2025-07-21T00:00:00+00:00,valid,"{""expected_uncensored"": 17.3746, ""family"": ""seasonal"", ""generator"": ""synthetic-1.0"", ""seed"": 42, ""shock_multiplier"": 1.0}"
842cc53ca944855d630431c3,sample-v1,SKU-0002,CHI,2025-03-15,6.0,True,False,2025-07-21T00:00:00+00:00,valid,"{""expected_uncensored"": 11.6755, ""family"": ""seasonal"", ""generator"": ""synthetic-1.0"", ""seed"": 42, ""shock_multiplier"": 1.0}"
2d96d27d357681655a8c5c36,sample-v1,SKU-0002,CHI,2025-03-16,12.0,True,False,2025-07-21T00:00:00+00:00,valid,"{""expected_uncensored"": 13.7095, ""family"": ""seasonal"", ""generator"": ""synthetic-1.0"", ""seed"": 42, ""shock_multiplier"": 1.0}"
63b52bbcca2c5e5f4ae8a845,sample-v1,SKU-0002,CHI,2025-03-17,11.0,True,False,2025-07-21T00:00:00+00:00,valid,"{""expected_uncensored"": 21.945, ""family"": ""seasonal"", ""generator"": ""synthetic-1.0"", ""seed"": 42, ""shock_multiplier"": 1.0}"
9c3420a14b87e511b10b4901,sample-v1,SKU-0002,CHI,2025-03-18,26.0,True,False,2025-07-21T00:00:00+00:00,valid,"{""expected_uncensored"": 30.1805, ""family"": ""seasonal"", ""generator"": ""synthetic-1.0"", ""seed"": 42, ""shock_multiplier"": 1.0}"
3820b1ddeeae018bdc5dc19c,sample-v1,SKU-0002,CHI,2025-03-19,30.0,True,False,2025-07-21T00:00:00+00:00,valid,"{""expected_uncensored"": 32.2145, ""family"": ""seasonal"", ""generator"": ""synthetic-1.0"", ""seed"": 42, ""shock_multiplier"": 1.0}"
df160e010e4e20d702c45d7c,sample-v1,SKU-0002,CHI,2025-03-20,21.0,True,False,2025-07-21T00:00:00+00:00,valid,"{""expected_uncensored"": 26.5154, ""family"": ""seasonal"", ""generator"": ""synthetic-1.0"", ""seed"": 42, ""shock_multiplier"": 1.0}"
b9ef83263f8f5ebb0c7757d7,sample-v1,SKU-0002,CHI,2025-03-21,6.0,False,False,2025-07-21T00:00:00+00:00,valid,"{""expected_uncensored"": 10.5301, ""family"": ""seasonal"", ""generator"": ""synthetic-1.0"", ""seed"": 42, ""shock_multiplier"": 1.0}"
617790f8bd6edd5e25b64979,sample-v1,SKU-0002,CHI,2025-03-22,9.0,False,False,2025-07-21T00:00:00+00:00,valid,"{""expected_uncensored"": 7.0761, ""family"": ""seasonal"", ""generator"": ""synthetic-1.0"", ""seed"": 42, ""shock_multiplier"": 1.0}"
0d4652b2e34f82d316195317,sample-v1,SKU-0002,CHI,2025-03-23,9.0,False,False,2025-07-21T00:00:00+00:00,valid,"{""expected_uncensored"": 8.3088, ""family"": ""seasonal"", ""generator"": ""synthetic-1.0"", ""seed"": 42, ""shock_multiplier"": 1.0}"
2dd801ce6fa79f401281df7a,sample-v1,SKU-0002,CHI,2025-03-24,10.0,False,False,2025-07-21T00:00:00+00:00,valid,"{""expected_uncensored"": 13.3, ""family"": ""seasonal"", ""generator"": ""synthetic-1.0"", ""seed"": 42, ""shock_multiplier"": 1.0}"
f6df81b1761dcc7bb30cb608,sample-v1,SKU-0002,CHI,2025-03-25,18.0,False,False,2025-07-21T00:00:00+00:00,valid,"{""expected_uncensored"": 18.2912, ""family"": ""seasonal"", ""generator"": ""synthetic-1.0"", ""seed"": 42, ""shock_multiplier"": 1.0}"
017daeab5233f4b9f1983c57,sample-v1,SKU-0002,CHI,2025-03-26,29.0,False,False,2025-07-21T00:00:00+00:00,valid,"{""expected_uncensored"": 19.5239, ""family"": ""seasonal"", ""generator"": ""synthetic-1.0"", ""seed"": 42, ""shock_multiplier"": 1.0}"
9dc80dd631b6b98cd043b293,sample-v1,SKU-0002,CHI,2025-03-27,8.0,False,False,2025-07-21T00:00:00+00:00,valid,"{""expected_uncensored"": 16.0699, ""family"": ""seasonal"", ""generator"": ""synthetic-1.0"", ""seed"": 42, ""shock_multiplier"": 1.0}"
c8263a7fa221d3d8310e89fe,sample-v1,SKU-0002,CHI,2025-03-28,12.0,False,False,2025-07-21T00:00:00+00:00,valid,"{""expected_uncensored"": 10.5301, ""family"": ""seasonal"", ""generator"": ""synthetic-1.0"", ""seed"": 42, ""shock_multiplier"": 1.0}"
b850aedf418667ebe85de506,sample-v1,SKU-0002,CHI,2025-03-29,8.0,False,False,2025-07-21T00:00:00+00:00,valid,"{""expected_uncensored"": 7.0761, ""family"": ""seasonal"", ""generator"": ""synthetic-1.0"", ""seed"": 42, ""shock_multiplier"": 1.0}"
516191a6f1d3d0e831a0f26a,sample-v1,SKU-0002,CHI,2025-03-30,7.0,False,False,2025-07-21T00:00:00+00:00,valid,"{""expected_uncensored"": 8.3088, ""family"": ""seasonal"", ""generator"": ""synthetic-1.0"", ""seed"": 42, ""shock_multiplier"": 1.0}"
c86d794925d16ffff7a1a49d,sample-v1,SKU-0002,CHI,2025-03-31,7.0,False,False,2025-07-21T00:00:00+00:00,valid,"{""expected_uncensored"": 13.3, ""family"": ""seasonal"", ""generator"": ""synthetic-1.0"", ""seed"": 42, ""shock_multiplier"": 1.0}"
ac97967bbfdc01f63a5228b6,sample-v1,SKU-0002,CHI,2025-04-01,21.0,False,False,2025-07-21T00:00:00+00:00,valid,"{""expected_uncensored"": 18.2912, ""family"": ""seasonal"", ""generator"": ""synthetic-1.0"", ""seed"": 42, ""shock_multiplier"": 1.0}"
5c2df281f558f0c6266e0a15,sample-v1,SKU-0002,CHI,2025-04-02,19.0,False,False,2025-07-21T00:00:00+00:00,valid,"{""expected_uncensored"": 19.5239, ""family"": ""seasonal"", ""generator"": ""synthetic-1.0"", ""seed"": 42, ""shock_multiplier"": 1.0}"
92abccda63cf72dfdf1dfbd7,sample-v1,SKU-0002,CHI,2025-04-03,18.0,False,False,2025-07-21T00:00:00+00:00,valid,"{""expected_uncensored"": 16.0699, ""family"": ""seasonal"", ""generator"": ""synthetic-1.0"", ""seed"": 42, ""shock_multiplier"": 1.0}"
951a2bc939bcb53f0d3e3c30,sample-v1,SKU-0002,CHI,2025-04-04,10.0,False,False,2025-07-21T00:00:00+00:00,valid,"{""expected_uncensored"": 10.5301, ""family"": ""seasonal"", ""generator"": ""synthetic-1.0"", ""seed"": 42, ""shock_multiplier"": 1.0}"
8833021b0186ff779b1596ba,sample-v1,SKU-0002,CHI,2025-04-05,5.0,False,False,2025-07-21T00:00:00+00:00,valid,"{""expected_uncensored"": 7.0761, ""family"": ""seasonal"", ""generator"": ""synthetic-1.0"", ""seed"": 42, ""shock_multiplier"": 1.0}"
f2920376d1acb60d8489ab5c,sample-v1,SKU-0002,CHI,2025-04-06,9.0,False,False,2025-07-21T00:00:00+00:00,valid,"{""expected_uncensored"": 8.3088, ""family"": ""seasonal"", ""generator"": ""synthetic-1.0"", ""seed"": 42, ""shock_multiplier"": 1.0}"
2b60b4d059c08e3b7827cdcd,sample-v1,SKU-0002,CHI,2025-04-07,14.0,False,False,2025-07-21T00:00:00+00:00,valid,"{""expected_uncensored"": 13.3, ""family"": ""seasonal"", ""generator"": ""synthetic-1.0"", ""seed"": 42, ""shock_multiplier"": 1.0}"
4c533922346fedb8dacba9f7,sample-v1,SKU-0002,CHI,2025-04-08,22.0,False,False,2025-07-21T00:00:00+00:00,valid,"{""expected_uncensored"": 18.2912, ""family"": ""seasonal"", ""generator"": ""synthetic-1.0"", ""seed"": 42, ""shock_multiplier"": 1.0}"
eecb673c71f4d4c4fc631b73,sample-v1,SKU-0002,CHI,2025-04-09,16.0,False,False,2025-07-21T00:00:00+00:00,valid,"{""expected_uncensored"": 19.5239, ""family"": ""seasonal"", ""generator"": ""synthetic-1.0"", ""seed"": 42, ""shock_multiplier"": 1.0}"
a6d3ef716f437f33d865a3b1,sample-v1,SKU-0002,CHI,2025-04-10,11.0,False,False,2025-07-21T00:00:00+00:00,valid,"{""expected_uncensored"": 16.0699, ""family"": ""seasonal"", ""generator"": ""synthetic-1.0"", ""seed"": 42, ""shock_multiplier"": 1.0}"
149d6da1e43c1acc52dc0d11,sample-v1,SKU-0002,CHI,2025-04-11,20.0,False,False,2025-07-21T00:00:00+00:00,valid,"{""expected_uncensored"": 10.5301, ""family"": ""seasonal"", ""generator"": ""synthetic-1.0"", ""seed"": 42, ""shock_multiplier"": 1.0}"
66eb9644bfeccc9b3da2e5a8,sample-v1,SKU-0002,CHI,2025-04-12,9.0,False,False,2025-07-21T00:00:00+00:00,valid,"{""expected_uncensored"": 7.0761, ""family"": ""seasonal"", ""generator"": ""synthetic-1.0"", ""seed"": 42, ""shock_multiplier"": 1.0}"
1bca1132abc573da374ddac0,sample-v1,SKU-0002,CHI,2025-04-13,14.0,False,False,2025-07-21T00:00:00+00:00,valid,"{""expected_uncensored"": 8.3088, ""family"": ""seasonal"", ""generator"": ""synthetic-1.0"", ""seed"": 42, ""shock_multiplier"": 1.0}"
5cf08fea2028e972020a7689,sample-v1,SKU-0002,CHI,2025-04-14,12.0,False,False,2025-07-21T00:00:00+00:00,valid,"{""expected_uncensored"": 13.3, ""family"": ""seasonal"", ""generator"": ""synthetic-1.0"", ""seed"": 42, ""shock_multiplier"": 1.0}"
cb87ddb3f7c1e600b014ede4,sample-v1,SKU-0002,CHI,2025-04-15,14.0,False,False,2025-07-21T00:00:00+00:00,valid,"{""expected_uncensored"": 18.2912, ""family"": ""seasonal"", ""generator"": ""synthetic-1.0"", ""seed"": 42, ""shock_multiplier"": 1.0}"
1bd09521d1324025cb79dd13,sample-v1,SKU-0002,CHI,2025-04-16,22.0,False,False,2025-07-21T00:00:00+00:00,valid,"{""expected_uncensored"": 19.5239, ""family"": ""seasonal"", ""generator"": ""synthetic-1.0"", ""seed"": 42, ""shock_multiplier"": 1.0}"
651993a2317a353b9abc2df0,sample-v1,SKU-0002,CHI,2025-04-17,13.0,False,False,2025-07-21T00:00:00+00:00,valid,"{""expected_uncensored"": 16.0699, ""family"": ""seasonal"", ""generator"": ""synthetic-1.0"", ""seed"": 42, ""shock_multiplier"": 1.0}"
61663d2fd718e7bc3809af45,sample-v1,SKU-0002,CHI,2025-04-18,15.0,False,False,2025-07-21T00:00:00+00:00,valid,"{""expected_uncensored"": 10.5301, ""family"": ""seasonal"", ""generator"": ""synthetic-1.0"", ""seed"": 42, ""shock_multiplier"": 1.0}"
c1e4e18ab6072efb14f31e22,sample-v1,SKU-0002,CHI,2025-04-19,6.0,False,False,2025-07-21T00:00:00+00:00,valid,"{""expected_uncensored"": 7.0761, ""family"": ""seasonal"", ""generator"": ""synthetic-1.0"", ""seed"": 42, ""shock_multiplier"": 1.0}"
c51b26dbe810918c691f578c,sample-v1,SKU-0002,CHI,2025-04-20,2.0,False,False,2025-07-21T00:00:00+00:00,valid,"{""expected_uncensored"": 8.3088, ""family"": ""seasonal"", ""generator"": ""synthetic-1.0"", ""seed"": 42, ""shock_multiplier"": 1.0}"
7f82475ec7b9ff6b33e56c64,sample-v1,SKU-0002,CHI,2025-04-21,18.0,False,False,2025-07-21T00:00:00+00:00,valid,"{""expected_uncensored"": 13.3, ""family"": ""seasonal"", ""generator"": ""synthetic-1.0"", ""seed"": 42, ""shock_multiplier"": 1.0}"
27fc6e925ff240c3e5daa865,sample-v1,SKU-0002,CHI,2025-04-22,16.0,False,False,2025-07-21T00:00:00+00:00,valid,"{""expected_uncensored"": 18.2912, ""family"": ""seasonal"", ""generator"": ""synthetic-1.0"", ""seed"": 42, ""shock_multiplier"": 1.0}"
ee8407297e012fe79e24dd1b,sample-v1,SKU-0002,CHI,2025-04-23,20.0,False,False,2025-07-21T00:00:00+00:00,valid,"{""expected_uncensored"": 19.5239, ""family"": ""seasonal"", ""generator"": ""synthetic-1.0"", ""seed"": 42, ""shock_multiplier"": 1.0}"
b2cd006caf5ba874d9822ceb,sample-v1,SKU-0002,CHI,2025-04-24,22.0,False,False,2025-07-21T00:00:00+00:00,valid,"{""expected_uncensored"": 16.0699, ""family"": ""seasonal"", ""generator"": ""synthetic-1.0"", ""seed"": 42, ""shock_multiplier"": 1.0}"
b562fe3c204d295f96ac2d31,sample-v1,SKU-0002,CHI,2025-04-25,13.0,False,False,2025-07-21T00:00:00+00:00,valid,"{""expected_uncensored"": 10.5301, ""family"": ""seasonal"", ""generator"": ""synthetic-1.0"", ""seed"": 42, ""shock_multiplier"": 1.0}"
0eef0dfd2e1e8d7194975039,sample-v1,SKU-0002,CHI,2025-04-26,6.0,False,False,2025-07-21T00:00:00+00:00,valid,"{""expected_uncensored"": 7.0761, ""family"": ""seasonal"", ""generator"": ""synthetic-1.0"", ""seed"": 42, ""shock_multiplier"": 1.0}"
667df6f7e5a97523eff50f92,sample-v1,SKU-0002,CHI,2025-04-27,8.0,False,False,2025-07-21T00:00:00+00:00,valid,"{""expected_uncensored"": 8.3088, ""family"": ""seasonal"", ""generator"": ""synthetic-1.0"", ""seed"": 42, ""shock_multiplier"": 1.0}"
1e012072fd26434297987d95,sample-v1,SKU-0002,CHI,2025-04-28,17.0,False,False,2025-07-21T00:00:00+00:00,valid,"{""expected_uncensored"": 13.3, ""family"": ""seasonal"", ""generator"": ""synthetic-1.0"", ""seed"": 42, ""shock_multiplier"": 1.0}"
27aecb45723ce17e96fd11fe,sample-v1,SKU-0002,CHI,2025-04-29,14.0,False,False,2025-07-21T00:00:00+00:00,valid,"{""expected_uncensored"": 18.2912, ""family"": ""seasonal"", ""generator"": ""synthetic-1.0"", ""seed"": 42, ""shock_multiplier"": 1.0}"
4f4da929d80dea7435d33f2a,sample-v1,SKU-0002,CHI,2025-04-30,20.0,False,False,2025-07-21T00:00:00+00:00,valid,"{""expected_uncensored"": 19.5239, ""family"": ""seasonal"", ""generator"": ""synthetic-1.0"", ""seed"": 42, ""shock_multiplier"": 1.0}"
e58cc555df0b6deded65a62b,sample-v1,SKU-0002,CHI,2025-05-01,15.0,False,False,2025-07-21T00:00:00+00:00,valid,"{""expected_uncensored"": 16.0699, ""family"": ""seasonal"", ""generator"": ""synthetic-1.0"", ""seed"": 42, ""shock_multiplier"": 1.0}"
3cfcfa73825d5d294b830023,sample-v1,SKU-0002,CHI,2025-05-02,9.0,False,False,2025-07-21T00:00:00+00:00,valid,"{""expected_uncensored"": 10.5301, ""family"": ""seasonal"", ""generator"": ""synthetic-1.0"", ""seed"": 42, ""shock_multiplier"": 1.0}"
19323f02f7ba0e2d0efc386d,sample-v1,SKU-0002,CHI,2025-05-03,4.0,False,False,2025-07-21T00:00:00+00:00,valid,"{""expected_uncensored"": 7.0761, ""family"": ""seasonal"", ""generator"": ""synthetic-1.0"", ""seed"": 42, ""shock_multiplier"": 1.0}"
a795fed01803a6d2478a6bb9,sample-v1,SKU-0002,CHI,2025-05-04,9.0,False,False,2025-07-21T00:00:00+00:00,valid,"{""expected_uncensored"": 8.3088, ""family"": ""seasonal"", ""generator"": ""synthetic-1.0"", ""seed"": 42, ""shock_multiplier"": 1.0}"
cad4dde4c2c18bdae5e0cb45,sample-v1,SKU-0002,CHI,2025-05-05,6.0,False,False,2025-07-21T00:00:00+00:00,valid,"{""expected_uncensored"": 13.3, ""family"": ""seasonal"", ""generator"": ""synthetic-1.0"", ""seed"": 42, ""shock_multiplier"": 1.0}"
06c80c4c2d840e22d4445a5b,sample-v1,SKU-0002,CHI,2025-05-06,14.0,False,False,2025-07-21T00:00:00+00:00,valid,"{""expected_uncensored"": 18.2912, ""family"": ""seasonal"", ""generator"": ""synthetic-1.0"", ""seed"": 42, ""shock_multiplier"": 1.0}"
a33514fd4c8bcb8d359c9e6a,sample-v1,SKU-0002,CHI,2025-05-07,20.0,False,False,2025-07-21T00:00:00+00:00,valid,"{""expected_uncensored"": 19.5239, ""family"": ""seasonal"", ""generator"": ""synthetic-1.0"", ""seed"": 42, ""shock_multiplier"": 1.0}"
98ce5b916971c7e21679dd1c,sample-v1,SKU-0002,CHI,2025-05-08,17.0,False,False,2025-07-21T00:00:00+00:00,valid,"{""expected_uncensored"": 16.0699, ""family"": ""seasonal"", ""generator"": ""synthetic-1.0"", ""seed"": 42, ""shock_multiplier"": 1.0}"
34f3cd3434c90a856be9579f,sample-v1,SKU-0002,CHI,2025-05-09,9.0,False,False,2025-07-21T00:00:00+00:00,valid,"{""expected_uncensored"": 10.5301, ""family"": ""seasonal"", ""generator"": ""synthetic-1.0"", ""seed"": 42, ""shock_multiplier"": 1.0}"
c1de048209d301cab975fdea,sample-v1,SKU-0002,CHI,2025-05-10,3.0,False,False,2025-07-21T00:00:00+00:00,valid,"{""expected_uncensored"": 7.0761, ""family"": ""seasonal"", ""generator"": ""synthetic-1.0"", ""seed"": 42, ""shock_multiplier"": 1.0}"
f470713994f4cca5cfcc0655,sample-v1,SKU-0002,CHI,2025-05-11,9.0,False,False,2025-07-21T00:00:00+00:00,valid,"{""expected_uncensored"": 8.3088, ""family"": ""seasonal"", ""generator"": ""synthetic-1.0"", ""seed"": 42, ""shock_multiplier"": 1.0}"
b7a86a41a4cab70e6e4b6a33,sample-v1,SKU-0002,CHI,2025-05-12,12.0,False,False,2025-07-21T00:00:00+00:00,valid,"{""expected_uncensored"": 13.3, ""family"": ""seasonal"", ""generator"": ""synthetic-1.0"", ""seed"": 42, ""shock_multiplier"": 1.0}"
3d2e44d7d6befd7495214871,sample-v1,SKU-0002,CHI,2025-05-13,13.0,False,False,2025-07-21T00:00:00+00:00,valid,"{""expected_uncensored"": 18.2912, ""family"": ""seasonal"", ""generator"": ""synthetic-1.0"", ""seed"": 42, ""shock_multiplier"": 1.0}"
22d22be31cd9eb7123152ea3,sample-v1,SKU-0002,CHI,2025-05-14,11.0,False,False,2025-07-21T00:00:00+00:00,valid,"{""expected_uncensored"": 19.5239, ""family"": ""seasonal"", ""generator"": ""synthetic-1.0"", ""seed"": 42, ""shock_multiplier"": 1.0}"
2fcd3d0b2d3ff80b05f20c85,sample-v1,SKU-0002,CHI,2025-05-15,12.0,False,False,2025-07-21T00:00:00+00:00,valid,"{""expected_uncensored"": 16.0699, ""family"": ""seasonal"", ""generator"": ""synthetic-1.0"", ""seed"": 42, ""shock_multiplier"": 1.0}"
f524bc033bd8ca32702dd12c,sample-v1,SKU-0002,CHI,2025-05-16,12.0,True,False,2025-07-21T00:00:00+00:00,valid,"{""expected_uncensored"": 17.3746, ""family"": ""seasonal"", ""generator"": ""synthetic-1.0"", ""seed"": 42, ""shock_multiplier"": 1.0}"
6ff4b1574278f956b5305067,sample-v1,SKU-0002,CHI,2025-05-17,13.0,True,False,2025-07-21T00:00:00+00:00,valid,"{""expected_uncensored"": 11.6755, ""family"": ""seasonal"", ""generator"": ""synthetic-1.0"", ""seed"": 42, ""shock_multiplier"": 1.0}"
075ced972f9e93f138283e7f,sample-v1,SKU-0002,CHI,2025-05-18,20.0,True,False,2025-07-21T00:00:00+00:00,valid,"{""expected_uncensored"": 13.7095, ""family"": ""seasonal"", ""generator"": ""synthetic-1.0"", ""seed"": 42, ""shock_multiplier"": 1.0}"
97aa41c1c0cabe4a7ec4b95b,sample-v1,SKU-0002,CHI,2025-05-19,17.0,True,False,2025-07-21T00:00:00+00:00,valid,"{""expected_uncensored"": 21.945, ""family"": ""seasonal"", ""generator"": ""synthetic-1.0"", ""seed"": 42, ""shock_multiplier"": 1.0}"
d9ce1677de3fffdd8b796633,sample-v1,SKU-0002,CHI,2025-05-20,32.0,True,False,2025-07-21T00:00:00+00:00,valid,"{""expected_uncensored"": 30.1805, ""family"": ""seasonal"", ""generator"": ""synthetic-1.0"", ""seed"": 42, ""shock_multiplier"": 1.0}"
950c0dbd275ac14e4de4bab6,sample-v1,SKU-0002,CHI,2025-05-21,23.0,True,False,2025-07-21T00:00:00+00:00,valid,"{""expected_uncensored"": 32.2145, ""family"": ""seasonal"", ""generator"": ""synthetic-1.0"", ""seed"": 42, ""shock_multiplier"": 1.0}"
a980f3f240697fab9a5e8c9e,sample-v1,SKU-0002,CHI,2025-05-22,23.0,True,False,2025-07-21T00:00:00+00:00,valid,"{""expected_uncensored"": 26.5154, ""family"": ""seasonal"", ""generator"": ""synthetic-1.0"", ""seed"": 42, ""shock_multiplier"": 1.0}"
681ce4d1228d5cc4edc76a07,sample-v1,SKU-0002,CHI,2025-05-23,12.0,False,False,2025-07-21T00:00:00+00:00,valid,"{""expected_uncensored"": 10.5301, ""family"": ""seasonal"", ""generator"": ""synthetic-1.0"", ""seed"": 42, ""shock_multiplier"": 1.0}"
a22425eae95705758d4ba836,sample-v1,SKU-0002,CHI,2025-05-24,9.0,False,False,2025-07-21T00:00:00+00:00,valid,"{""expected_uncensored"": 7.0761, ""family"": ""seasonal"", ""generator"": ""synthetic-1.0"", ""seed"": 42, ""shock_multiplier"": 1.0}"
6c5cbca9864c0c72c0599386,sample-v1,SKU-0002,CHI,2025-05-25,8.0,False,False,2025-07-21T00:00:00+00:00,valid,"{""expected_uncensored"": 8.3088, ""family"": ""seasonal"", ""generator"": ""synthetic-1.0"", ""seed"": 42, ""shock_multiplier"": 1.0}"
0d1d07b7ced4ae0b7850f522,sample-v1,SKU-0002,CHI,2025-05-26,12.0,False,False,2025-07-21T00:00:00+00:00,valid,"{""expected_uncensored"": 13.3, ""family"": ""seasonal"", ""generator"": ""synthetic-1.0"", ""seed"": 42, ""shock_multiplier"": 1.0}"
553868249af814d0a9f1d302,sample-v1,SKU-0002,CHI,2025-05-27,17.0,False,False,2025-07-21T00:00:00+00:00,valid,"{""expected_uncensored"": 18.2912, ""family"": ""seasonal"", ""generator"": ""synthetic-1.0"", ""seed"": 42, ""shock_multiplier"": 1.0}"
6700b83ec1355d8546d960f0,sample-v1,SKU-0002,CHI,2025-05-28,22.0,False,False,2025-07-21T00:00:00+00:00,valid,"{""expected_uncensored"": 19.5239, ""family"": ""seasonal"", ""generator"": ""synthetic-1.0"", ""seed"": 42, ""shock_multiplier"": 1.0}"
384d74ceae77270c52913cc1,sample-v1,SKU-0002,CHI,2025-05-29,11.0,False,False,2025-07-21T00:00:00+00:00,valid,"{""expected_uncensored"": 16.0699, ""family"": ""seasonal"", ""generator"": ""synthetic-1.0"", ""seed"": 42, ""shock_multiplier"": 1.0}"
0d7c2da4e2ae9d561ded33da,sample-v1,SKU-0002,CHI,2025-05-30,9.0,False,False,2025-07-21T00:00:00+00:00,valid,"{""expected_uncensored"": 10.5301, ""family"": ""seasonal"", ""generator"": ""synthetic-1.0"", ""seed"": 42, ""shock_multiplier"": 1.0}"
21790656c9cc546449b9801b,sample-v1,SKU-0002,CHI,2025-05-31,7.0,False,False,2025-07-21T00:00:00+00:00,valid,"{""expected_uncensored"": 7.0761, ""family"": ""seasonal"", ""generator"": ""synthetic-1.0"", ""seed"": 42, ""shock_multiplier"": 1.0}"
de113da9ef9e0e997b5f0624,sample-v1,SKU-0002,CHI,2025-06-01,8.0,False,False,2025-07-21T00:00:00+00:00,valid,"{""expected_uncensored"": 8.3088, ""family"": ""seasonal"", ""generator"": ""synthetic-1.0"", ""seed"": 42, ""shock_multiplier"": 1.0}"
a6557647a5994694cdd8b52f,sample-v1,SKU-0002,CHI,2025-06-02,14.0,False,False,2025-07-21T00:00:00+00:00,valid,"{""expected_uncensored"": 13.3, ""family"": ""seasonal"", ""generator"": ""synthetic-1.0"", ""seed"": 42, ""shock_multiplier"": 1.0}"
4cd304bfdb677be636d73316,sample-v1,SKU-0002,CHI,2025-06-03,14.0,False,False,2025-07-21T00:00:00+00:00,valid,"{""expected_uncensored"": 18.2912, ""family"": ""seasonal"", ""generator"": ""synthetic-1.0"", ""seed"": 42, ""shock_multiplier"": 1.0}"
59b3fefcf3b69b815c4213ae,sample-v1,SKU-0002,CHI,2025-06-04,21.0,False,False,2025-07-21T00:00:00+00:00,valid,"{""expected_uncensored"": 19.5239, ""family"": ""seasonal"", ""generator"": ""synthetic-1.0"", ""seed"": 42, ""shock_multiplier"": 1.0}"
b3e3759f09963e0b14a656ec,sample-v1,SKU-0002,CHI,2025-06-05,21.0,False,False,2025-07-21T00:00:00+00:00,valid,"{""expected_uncensored"": 16.0699, ""family"": ""seasonal"", ""generator"": ""synthetic-1.0"", ""seed"": 42, ""shock_multiplier"": 1.0}"
a6b7d817b6987e9485fbd3ae,sample-v1,SKU-0002,CHI,2025-06-06,11.0,False,False,2025-07-21T00:00:00+00:00,valid,"{""expected_uncensored"": 10.5301, ""family"": ""seasonal"", ""generator"": ""synthetic-1.0"", ""seed"": 42, ""shock_multiplier"": 1.0}"
917040789eeaffa3581a85f4,sample-v1,SKU-0002,CHI,2025-06-07,7.0,False,False,2025-07-21T00:00:00+00:00,valid,"{""expected_uncensored"": 7.0761, ""family"": ""seasonal"", ""generator"": ""synthetic-1.0"", ""seed"": 42, ""shock_multiplier"": 1.0}"
d861e4df28147a96c49e5973,sample-v1,SKU-0002,CHI,2025-06-08,7.0,False,False,2025-07-21T00:00:00+00:00,valid,"{""expected_uncensored"": 8.3088, ""family"": ""seasonal"", ""generator"": ""synthetic-1.0"", ""seed"": 42, ""shock_multiplier"": 1.0}"
91f6a0bc344b5037d5693706,sample-v1,SKU-0002,CHI,2025-06-09,8.0,False,False,2025-07-21T00:00:00+00:00,valid,"{""expected_uncensored"": 13.3, ""family"": ""seasonal"", ""generator"": ""synthetic-1.0"", ""seed"": 42, ""shock_multiplier"": 1.0}"
ae69ee088481698e68d87984,sample-v1,SKU-0002,CHI,2025-06-10,16.0,False,False,2025-07-21T00:00:00+00:00,valid,"{""expected_uncensored"": 18.2912, ""family"": ""seasonal"", ""generator"": ""synthetic-1.0"", ""seed"": 42, ""shock_multiplier"": 1.0}"
a48d9ccfa7d2211593b56ba8,sample-v1,SKU-0002,CHI,2025-06-11,14.0,False,False,2025-07-21T00:00:00+00:00,valid,"{""expected_uncensored"": 19.5239, ""family"": ""seasonal"", ""generator"": ""synthetic-1.0"", ""seed"": 42, ""shock_multiplier"": 1.0}"
20fe5e04e3f3eb82abe12205,sample-v1,SKU-0002,CHI,2025-06-12,15.0,False,False,2025-07-21T00:00:00+00:00,valid,"{""expected_uncensored"": 16.0699, ""family"": ""seasonal"", ""generator"": ""synthetic-1.0"", ""seed"": 42, ""shock_multiplier"": 1.0}"
2fb14df142dcfde03ae4465b,sample-v1,SKU-0002,CHI,2025-06-13,9.0,False,False,2025-07-21T00:00:00+00:00,valid,"{""expected_uncensored"": 10.5301, ""family"": ""seasonal"", ""generator"": ""synthetic-1.0"", ""seed"": 42, ""shock_multiplier"": 1.0}"
20a47ad86690ffc33f9f89f6,sample-v1,SKU-0002,CHI,2025-06-14,7.0,False,False,2025-07-21T00:00:00+00:00,valid,"{""expected_uncensored"": 7.0761, ""family"": ""seasonal"", ""generator"": ""synthetic-1.0"", ""seed"": 42, ""shock_multiplier"": 1.0}"
0de7da29c036a8706393e3b4,sample-v1,SKU-0002,CHI,2025-06-15,9.0,False,False,2025-07-21T00:00:00+00:00,valid,"{""expected_uncensored"": 8.3088, ""family"": ""seasonal"", ""generator"": ""synthetic-1.0"", ""seed"": 42, ""shock_multiplier"": 1.0}"
6b00c044f2ad27ede3c082dd,sample-v1,SKU-0002,CHI,2025-06-16,12.0,False,False,2025-07-21T00:00:00+00:00,valid,"{""expected_uncensored"": 13.3, ""family"": ""seasonal"", ""generator"": ""synthetic-1.0"", ""seed"": 42, ""shock_multiplier"": 1.0}"
6801a3455d689cfc65aa3144,sample-v1,SKU-0002,CHI,2025-06-17,12.0,False,False,2025-07-21T00:00:00+00:00,valid,"{""expected_uncensored"": 18.2912, ""family"": ""seasonal"", ""generator"": ""synthetic-1.0"", ""seed"": 42, ""shock_multiplier"": 1.0}"
99ccc7c032a30958c9687da0,sample-v1,SKU-0002,CHI,2025-06-18,13.0,False,False,2025-07-21T00:00:00+00:00,valid,"{""expected_uncensored"": 19.5239, ""family"": ""seasonal"", ""generator"": ""synthetic-1.0"", ""seed"": 42, ""shock_multiplier"": 1.0}"
2e2cf44f3b37a1a3844e00e4,sample-v1,SKU-0002,CHI,2025-06-19,20.0,False,False,2025-07-21T00:00:00+00:00,valid,"{""expected_uncensored"": 16.0699, ""family"": ""seasonal"", ""generator"": ""synthetic-1.0"", ""seed"": 42, ""shock_multiplier"": 1.0}"
d34ecf1ff12c0a88251d6be4,sample-v1,SKU-0002,CHI,2025-06-20,11.0,False,False,2025-07-21T00:00:00+00:00,valid,"{""expected_uncensored"": 10.5301, ""family"": ""seasonal"", ""generator"": ""synthetic-1.0"", ""seed"": 42, ""shock_multiplier"": 1.0}"
2e04857c0947fbedf40c4558,sample-v1,SKU-0002,CHI,2025-06-21,6.0,False,False,2025-07-21T00:00:00+00:00,valid,"{""expected_uncensored"": 7.0761, ""family"": ""seasonal"", ""generator"": ""synthetic-1.0"", ""seed"": 42, ""shock_multiplier"": 1.0}"
7c862c353ebee0c9e9fa2b3d,sample-v1,SKU-0002,CHI,2025-06-22,6.0,False,False,2025-07-21T00:00:00+00:00,valid,"{""expected_uncensored"": 8.3088, ""family"": ""seasonal"", ""generator"": ""synthetic-1.0"", ""seed"": 42, ""shock_multiplier"": 1.0}"
2fc60e0e87c05767ebf4be2c,sample-v1,SKU-0002,CHI,2025-06-23,10.0,False,False,2025-07-21T00:00:00+00:00,valid,"{""expected_uncensored"": 13.3, ""family"": ""seasonal"", ""generator"": ""synthetic-1.0"", ""seed"": 42, ""shock_multiplier"": 1.0}"
09f8bb77dad2730c2b37fa54,sample-v1,SKU-0002,CHI,2025-06-24,21.0,False,False,2025-07-21T00:00:00+00:00,valid,"{""expected_uncensored"": 18.2912, ""family"": ""seasonal"", ""generator"": ""synthetic-1.0"", ""seed"": 42, ""shock_multiplier"": 1.0}"
e5b883a3daa9d4df4dac7e43,sample-v1,SKU-0002,CHI,2025-06-25,18.0,False,False,2025-07-21T00:00:00+00:00,valid,"{""expected_uncensored"": 19.5239, ""family"": ""seasonal"", ""generator"": ""synthetic-1.0"", ""seed"": 42, ""shock_multiplier"": 1.0}"
d960c61e09df107862e822b3,sample-v1,SKU-0002,CHI,2025-06-26,23.0,False,False,2025-07-21T00:00:00+00:00,valid,"{""expected_uncensored"": 16.0699, ""family"": ""seasonal"", ""generator"": ""synthetic-1.0"", ""seed"": 42, ""shock_multiplier"": 1.0}"
56500b20075fb853e27740d7,sample-v1,SKU-0002,CHI,2025-06-27,6.0,False,False,2025-07-21T00:00:00+00:00,valid,"{""expected_uncensored"": 10.5301, ""family"": ""seasonal"", ""generator"": ""synthetic-1.0"", ""seed"": 42, ""shock_multiplier"": 1.0}"
85b5f516ffff1fa094e392c9,sample-v1,SKU-0002,CHI,2025-06-28,10.0,False,False,2025-07-21T00:00:00+00:00,valid,"{""expected_uncensored"": 7.0761, ""family"": ""seasonal"", ""generator"": ""synthetic-1.0"", ""seed"": 42, ""shock_multiplier"": 1.0}"
3a6067d05241ba63b15b4e7a,sample-v1,SKU-0002,CHI,2025-06-29,11.0,False,False,2025-07-21T00:00:00+00:00,valid,"{""expected_uncensored"": 8.3088, ""family"": ""seasonal"", ""generator"": ""synthetic-1.0"", ""seed"": 42, ""shock_multiplier"": 1.0}"
5fd3dbd624e0c5203834a61b,sample-v1,SKU-0002,CHI,2025-06-30,12.0,False,False,2025-07-21T00:00:00+00:00,valid,"{""expected_uncensored"": 13.3, ""family"": ""seasonal"", ""generator"": ""synthetic-1.0"", ""seed"": 42, ""shock_multiplier"": 1.0}"
8cbd9c490b6b22a88f251787,sample-v1,SKU-0002,CHI,2025-07-01,18.0,False,False,2025-07-21T00:00:00+00:00,valid,"{""expected_uncensored"": 18.2912, ""family"": ""seasonal"", ""generator"": ""synthetic-1.0"", ""seed"": 42, ""shock_multiplier"": 1.0}"
ab56f4a2a738fb665ba027c5,sample-v1,SKU-0002,CHI,2025-07-02,23.0,False,False,2025-07-21T00:00:00+00:00,valid,"{""expected_uncensored"": 19.5239, ""family"": ""seasonal"", ""generator"": ""synthetic-1.0"", ""seed"": 42, ""shock_multiplier"": 1.0}"
5a7fc6138a74fe8b70596040,sample-v1,SKU-0002,CHI,2025-07-03,10.0,False,False,2025-07-21T00:00:00+00:00,valid,"{""expected_uncensored"": 16.0699, ""family"": ""seasonal"", ""generator"": ""synthetic-1.0"", ""seed"": 42, ""shock_multiplier"": 1.0}"
449700bd5afe6d3743475bf7,sample-v1,SKU-0002,CHI,2025-07-04,13.0,False,False,2025-07-21T00:00:00+00:00,valid,"{""expected_uncensored"": 10.5301, ""family"": ""seasonal"", ""generator"": ""synthetic-1.0"", ""seed"": 42, ""shock_multiplier"": 1.0}"
882f59657304b83e30001d25,sample-v1,SKU-0002,CHI,2025-07-05,5.0,False,False,2025-07-21T00:00:00+00:00,valid,"{""expected_uncensored"": 7.0761, ""family"": ""seasonal"", ""generator"": ""synthetic-1.0"", ""seed"": 42, ""shock_multiplier"": 1.0}"
c28262549a1fce507a97446b,sample-v1,SKU-0002,CHI,2025-07-06,7.0,False,False,2025-07-21T00:00:00+00:00,valid,"{""expected_uncensored"": 8.3088, ""family"": ""seasonal"", ""generator"": ""synthetic-1.0"", ""seed"": 42, ""shock_multiplier"": 1.0}"
6903ab1558a441ba4ab955d3,sample-v1,SKU-0002,CHI,2025-07-07,14.0,False,False,2025-07-21T00:00:00+00:00,valid,"{""expected_uncensored"": 13.3, ""family"": ""seasonal"", ""generator"": ""synthetic-1.0"", ""seed"": 42, ""shock_multiplier"": 1.0}"
1e48ef7f6dbcd7a9b5617431,sample-v1,SKU-0002,CHI,2025-07-08,20.0,False,False,2025-07-21T00:00:00+00:00,valid,"{""expected_uncensored"": 18.2912, ""family"": ""seasonal"", ""generator"": ""synthetic-1.0"", ""seed"": 42, ""shock_multiplier"": 1.0}"
a635d1cea63952c7e5ead688,sample-v1,SKU-0002,CHI,2025-07-09,20.0,False,False,2025-07-21T00:00:00+00:00,valid,"{""expected_uncensored"": 19.5239, ""family"": ""seasonal"", ""generator"": ""synthetic-1.0"", ""seed"": 42, ""shock_multiplier"": 1.0}"
3639ce2a5127d68aa130763f,sample-v1,SKU-0002,CHI,2025-07-10,14.0,False,False,2025-07-21T00:00:00+00:00,valid,"{""expected_uncensored"": 16.0699, ""family"": ""seasonal"", ""generator"": ""synthetic-1.0"", ""seed"": 42, ""shock_multiplier"": 1.0}"
c4481e383cd9abfef3f4bdd5,sample-v1,SKU-0002,CHI,2025-07-11,8.0,False,False,2025-07-21T00:00:00+00:00,valid,"{""expected_uncensored"": 10.5301, ""family"": ""seasonal"", ""generator"": ""synthetic-1.0"", ""seed"": 42, ""shock_multiplier"": 1.0}"
9e1d04cb93991cbb633fa572,sample-v1,SKU-0002,CHI,2025-07-12,6.0,False,False,2025-07-21T00:00:00+00:00,valid,"{""expected_uncensored"": 7.0761, ""family"": ""seasonal"", ""generator"": ""synthetic-1.0"", ""seed"": 42, ""shock_multiplier"": 1.0}"
ea043376c21ee752477a2124,sample-v1,SKU-0002,CHI,2025-07-13,6.0,False,False,2025-07-21T00:00:00+00:00,valid,"{""expected_uncensored"": 8.3088, ""family"": ""seasonal"", ""generator"": ""synthetic-1.0"", ""seed"": 42, ""shock_multiplier"": 1.0}"
2fb72bc4301ffba4c7146fcf,sample-v1,SKU-0002,CHI,2025-07-14,15.0,False,False,2025-07-21T00:00:00+00:00,valid,"{""expected_uncensored"": 13.3, ""family"": ""seasonal"", ""generator"": ""synthetic-1.0"", ""seed"": 42, ""shock_multiplier"": 1.0}"
1bd9abd1cf92740246efc36e,sample-v1,SKU-0002,CHI,2025-07-15,13.0,False,False,2025-07-21T00:00:00+00:00,valid,"{""expected_uncensored"": 18.2912, ""family"": ""seasonal"", ""generator"": ""synthetic-1.0"", ""seed"": 42, ""shock_multiplier"": 1.0}"
21b2fa5aa95c7e51e8b212d5,sample-v1,SKU-0002,CHI,2025-07-16,17.0,False,False,2025-07-21T00:00:00+00:00,valid,"{""expected_uncensored"": 19.5239, ""family"": ""seasonal"", ""generator"": ""synthetic-1.0"", ""seed"": 42, ""shock_multiplier"": 1.0}"
f59604a83901078145f6639c,sample-v1,SKU-0002,CHI,2025-07-17,11.0,False,False,2025-07-21T00:00:00+00:00,valid,"{""expected_uncensored"": 16.0699, ""family"": ""seasonal"", ""generator"": ""synthetic-1.0"", ""seed"": 42, ""shock_multiplier"": 1.0}"
e382c6bdb5000f5e6ddcf50e,sample-v1,SKU-0002,CHI,2025-07-18,16.0,True,False,2025-07-21T00:00:00+00:00,valid,"{""expected_uncensored"": 17.3746, ""family"": ""seasonal"", ""generator"": ""synthetic-1.0"", ""seed"": 42, ""shock_multiplier"": 1.0}"
78d5645bb21c8ea4bc125bc4,sample-v1,SKU-0002,CHI,2025-07-19,10.0,True,False,2025-07-21T00:00:00+00:00,valid,"{""expected_uncensored"": 11.6755, ""family"": ""seasonal"", ""generator"": ""synthetic-1.0"", ""seed"": 42, ""shock_multiplier"": 1.0}"
f08e8bc3ec6a02de81bdaf9b,sample-v1,SKU-0002,CHI,2025-07-20,14.0,True,False,2025-07-21T00:00:00+00:00,valid,"{""expected_uncensored"": 13.7095, ""family"": ""seasonal"", ""generator"": ""synthetic-1.0"", ""seed"": 42, ""shock_multiplier"": 1.0}"
976f100b10ddcd1ec1a62204,sample-v1,SKU-0002,DAL,2025-01-06,21.0,False,False,2025-07-21T00:00:00+00:00,valid,"{""expected_uncensored"": 20.3, ""family"": ""seasonal"", ""generator"": ""synthetic-1.0"", ""seed"": 42, ""shock_multiplier"": 1.0}"
c2f593751601f9efe6ad3100,sample-v1,SKU-0002,DAL,2025-01-07,33.0,False,False,2025-07-21T00:00:00+00:00,valid,"{""expected_uncensored"": 27.9182, ""family"": ""seasonal"", ""generator"": ""synthetic-1.0"", ""seed"": 42, ""shock_multiplier"": 1.0}"
3cd63618992a1fe616e0554c,sample-v1,SKU-0002,DAL,2025-01-08,36.0,False,False,2025-07-21T00:00:00+00:00,valid,"{""expected_uncensored"": 29.7997, ""family"": ""seasonal"", ""generator"": ""synthetic-1.0"", ""seed"": 42, ""shock_multiplier"": 1.0}"
d2c3f451fe1ca96d67726631,sample-v1,SKU-0002,DAL,2025-01-09,22.0,False,False,2025-07-21T00:00:00+00:00,valid,"{""expected_uncensored"": 24.5278, ""family"": ""seasonal"", ""generator"": ""synthetic-1.0"", ""seed"": 42, ""shock_multiplier"": 1.0}"
02df714bbc8e8df332a59b55,sample-v1,SKU-0002,DAL,2025-01-10,30.0,True,False,2025-07-21T00:00:00+00:00,valid,"{""expected_uncensored"": 26.5192, ""family"": ""seasonal"", ""generator"": ""synthetic-1.0"", ""seed"": 42, ""shock_multiplier"": 1.0}"
a67ee708ff24b6651d1e5773,sample-v1,SKU-0002,DAL,2025-01-11,18.0,True,False,2025-07-21T00:00:00+00:00,valid,"{""expected_uncensored"": 17.8205, ""family"": ""seasonal"", ""generator"": ""synthetic-1.0"", ""seed"": 42, ""shock_multiplier"": 1.0}"
183eb25c5978f35a0df5fc6d,sample-v1,SKU-0002,DAL,2025-01-12,26.0,True,False,2025-07-21T00:00:00+00:00,valid,"{""expected_uncensored"": 20.925, ""family"": ""seasonal"", ""generator"": ""synthetic-1.0"", ""seed"": 42, ""shock_multiplier"": 1.0}"
9c7f94c14a6f387bc3999351,sample-v1,SKU-0002,DAL,2025-01-13,31.0,True,False,2025-07-21T00:00:00+00:00,valid,"{""expected_uncensored"": 33.495, ""family"": ""seasonal"", ""generator"": ""synthetic-1.0"", ""seed"": 42, ""shock_multiplier"": 1.0}"
249de01e515b76415cab9bb1,sample-v1,SKU-0002,DAL,2025-01-14,39.0,True,False,2025-07-21T00:00:00+00:00,valid,"{""expected_uncensored"": 46.065, ""family"": ""seasonal"", ""generator"": ""synthetic-1.0"", ""seed"": 42, ""shock_multiplier"": 1.0}"
bd12b1768d72f72b3819c599,sample-v1,SKU-0002,DAL,2025-01-15,48.0,True,False,2025-07-21T00:00:00+00:00,valid,"{""expected_uncensored"": 49.1695, ""family"": ""seasonal"", ""generator"": ""synthetic-1.0"", ""seed"": 42, ""shock_multiplier"": 1.0}"
58bc31ce321c4301c96621a3,sample-v1,SKU-0002,DAL,2025-01-16,37.0,True,False,2025-07-21T00:00:00+00:00,valid,"{""expected_uncensored"": 40.4708, ""family"": ""seasonal"", ""generator"": ""synthetic-1.0"", ""seed"": 42, ""shock_multiplier"": 1.0}"
ade6ff768978d875ee9fdda8,sample-v1,SKU-0002,DAL,2025-01-17,23.0,False,False,2025-07-21T00:00:00+00:00,valid,"{""expected_uncensored"": 16.0722, ""family"": ""seasonal"", ""generator"": ""synthetic-1.0"", ""seed"": 42, ""shock_multiplier"": 1.0}"
7ededa456e3dcd58b6ed8131,sample-v1,SKU-0002,DAL,2025-01-18,11.0,False,False,2025-07-21T00:00:00+00:00,valid,"{""expected_uncensored"": 10.8003, ""family"": ""seasonal"", ""generator"": ""synthetic-1.0"", ""seed"": 42, ""shock_multiplier"": 1.0}"
a2669eb1fc3f5a69e3197078,sample-v1,SKU-0002,DAL,2025-01-19,8.0,False,False,2025-07-21T00:00:00+00:00,valid,"{""expected_uncensored"": 12.6818, ""family"": ""seasonal"", ""generator"": ""synthetic-1.0"", ""seed"": 42, ""shock_multiplier"": 1.0}"
8d366308fa53adee3dff3f54,sample-v1,SKU-0002,DAL,2025-01-20,24.0,False,False,2025-07-21T00:00:00+00:00,valid,"{""expected_uncensored"": 20.3, ""family"": ""seasonal"", ""generator"": ""synthetic-1.0"", ""seed"": 42, ""shock_multiplier"": 1.0}"
c827200ede1925abda7c214c,sample-v1,SKU-0002,DAL,2025-01-21,34.0,False,False,2025-07-21T00:00:00+00:00,valid,"{""expected_uncensored"": 27.9182, ""family"": ""seasonal"", ""generator"": ""synthetic-1.0"", ""seed"": 42, ""shock_multiplier"": 1.0}"
ed864cf19a8707d570138a9f,sample-v1,SKU-0002,DAL,2025-01-22,23.0,False,False,2025-07-21T00:00:00+00:00,valid,"{""expected_uncensored"": 29.7997, ""family"": ""seasonal"", ""generator"": ""synthetic-1.0"", ""seed"": 42, ""shock_multiplier"": 1.0}"
d21c441ebc5699e6f2d81d27,sample-v1,SKU-0002,DAL,2025-01-23,24.0,False,False,2025-07-21T00:00:00+00:00,valid,"{""expected_uncensored"": 24.5278, ""family"": ""seasonal"", ""generator"": ""synthetic-1.0"", ""seed"": 42, ""shock_multiplier"": 1.0}"
cd9e38d1ac40864296f2d922,sample-v1,SKU-0002,DAL,2025-01-24,23.0,False,False,2025-07-21T00:00:00+00:00,valid,"{""expected_uncensored"": 16.0722, ""family"": ""seasonal"", ""generator"": ""synthetic-1.0"", ""seed"": 42, ""shock_multiplier"": 1.0}"
f5a4d6cabd80535631b4ae78,sample-v1,SKU-0002,DAL,2025-01-25,11.0,False,False,2025-07-21T00:00:00+00:00,valid,"{""expected_uncensored"": 10.8003, ""family"": ""seasonal"", ""generator"": ""synthetic-1.0"", ""seed"": 42, ""shock_multiplier"": 1.0}"
8d643136e03a33134670913a,sample-v1,SKU-0002,DAL,2025-01-26,12.0,False,False,2025-07-21T00:00:00+00:00,valid,"{""expected_uncensored"": 12.6818, ""family"": ""seasonal"", ""generator"": ""synthetic-1.0"", ""seed"": 42, ""shock_multiplier"": 1.0}"
2b48a6104fee9335d7347be5,sample-v1,SKU-0002,DAL,2025-01-27,16.0,False,False,2025-07-21T00:00:00+00:00,valid,"{""expected_uncensored"": 20.3, ""family"": ""seasonal"", ""generator"": ""synthetic-1.0"", ""seed"": 42, ""shock_multiplier"": 1.0}"
1e5911507136500697c724e5,sample-v1,SKU-0002,DAL,2025-01-28,26.0,False,False,2025-07-21T00:00:00+00:00,valid,"{""expected_uncensored"": 27.9182, ""family"": ""seasonal"", ""generator"": ""synthetic-1.0"", ""seed"": 42, ""shock_multiplier"": 1.0}"
bca76ea382e6cb0cc5cba23a,sample-v1,SKU-0002,DAL,2025-01-29,33.0,False,False,2025-07-21T00:00:00+00:00,valid,"{""expected_uncensored"": 29.7997, ""family"": ""seasonal"", ""generator"": ""synthetic-1.0"", ""seed"": 42, ""shock_multiplier"": 1.0}"
34160612331dac9457570743,sample-v1,SKU-0002,DAL,2025-01-30,19.0,False,False,2025-07-21T00:00:00+00:00,valid,"{""expected_uncensored"": 24.5278, ""family"": ""seasonal"", ""generator"": ""synthetic-1.0"", ""seed"": 42, ""shock_multiplier"": 1.0}"
e71f4b2a0f2dc84b2d34af94,sample-v1,SKU-0002,DAL,2025-01-31,11.0,False,False,2025-07-21T00:00:00+00:00,valid,"{""expected_uncensored"": 16.0722, ""family"": ""seasonal"", ""generator"": ""synthetic-1.0"", ""seed"": 42, ""shock_multiplier"": 1.0}"
92f1cfd586f3472615990f90,sample-v1,SKU-0002,DAL,2025-02-01,16.0,False,False,2025-07-21T00:00:00+00:00,valid,"{""expected_uncensored"": 10.8003, ""family"": ""seasonal"", ""generator"": ""synthetic-1.0"", ""seed"": 42, ""shock_multiplier"": 1.0}"
f92df36edabba68557ec8713,sample-v1,SKU-0002,DAL,2025-02-02,9.0,False,False,2025-07-21T00:00:00+00:00,valid,"{""expected_uncensored"": 12.6818, ""family"": ""seasonal"", ""generator"": ""synthetic-1.0"", ""seed"": 42, ""shock_multiplier"": 1.0}"
fb4ec3f8696c160b806ea962,sample-v1,SKU-0002,DAL,2025-02-03,12.0,False,False,2025-07-21T00:00:00+00:00,valid,"{""expected_uncensored"": 20.3, ""family"": ""seasonal"", ""generator"": ""synthetic-1.0"", ""seed"": 42, ""shock_multiplier"": 1.0}"
f27f046b0ebf953202d34fb8,sample-v1,SKU-0002,DAL,2025-02-04,27.0,False,False,2025-07-21T00:00:00+00:00,valid,"{""expected_uncensored"": 27.9182, ""family"": ""seasonal"", ""generator"": ""synthetic-1.0"", ""seed"": 42, ""shock_multiplier"": 1.0}"
bb6dfd352298366e04889adc,sample-v1,SKU-0002,DAL,2025-02-05,23.0,False,False,2025-07-21T00:00:00+00:00,valid,"{""expected_uncensored"": 29.7997, ""family"": ""seasonal"", ""generator"": ""synthetic-1.0"", ""seed"": 42, ""shock_multiplier"": 1.0}"
fd39b36f994298207c5916d6,sample-v1,SKU-0002,DAL,2025-02-06,20.0,False,False,2025-07-21T00:00:00+00:00,valid,"{""expected_uncensored"": 24.5278, ""family"": ""seasonal"", ""generator"": ""synthetic-1.0"", ""seed"": 42, ""shock_multiplier"": 1.0}"
b3e190e2e90f3c5581d8f8a6,sample-v1,SKU-0002,DAL,2025-02-07,21.0,False,False,2025-07-21T00:00:00+00:00,valid,"{""expected_uncensored"": 16.0722, ""family"": ""seasonal"", ""generator"": ""synthetic-1.0"", ""seed"": 42, ""shock_multiplier"": 1.0}"
580ab97abc90455f889edda8,sample-v1,SKU-0002,DAL,2025-02-08,7.0,False,False,2025-07-21T00:00:00+00:00,valid,"{""expected_uncensored"": 10.8003, ""family"": ""seasonal"", ""generator"": ""synthetic-1.0"", ""seed"": 42, ""shock_multiplier"": 1.0}"
ea8b5c50b60899e645ba6a9c,sample-v1,SKU-0002,DAL,2025-02-09,14.0,False,False,2025-07-21T00:00:00+00:00,valid,"{""expected_uncensored"": 12.6818, ""family"": ""seasonal"", ""generator"": ""synthetic-1.0"", ""seed"": 42, ""shock_multiplier"": 1.0}"
2c11a0c0706de3ccb1f118b2,sample-v1,SKU-0002,DAL,2025-02-10,21.0,False,False,2025-07-21T00:00:00+00:00,valid,"{""expected_uncensored"": 20.3, ""family"": ""seasonal"", ""generator"": ""synthetic-1.0"", ""seed"": 42, ""shock_multiplier"": 1.0}"
aa01626acc8025dfb38ac5ee,sample-v1,SKU-0002,DAL,2025-02-11,26.0,False,False,2025-07-21T00:00:00+00:00,valid,"{""expected_uncensored"": 27.9182, ""family"": ""seasonal"", ""generator"": ""synthetic-1.0"", ""seed"": 42, ""shock_multiplier"": 1.0}"
2771bf626278773a469ed44d,sample-v1,SKU-0002,DAL,2025-02-12,31.0,False,False,2025-07-21T00:00:00+00:00,valid,"{""expected_uncensored"": 29.7997, ""family"": ""seasonal"", ""generator"": ""synthetic-1.0"", ""seed"": 42, ""shock_multiplier"": 1.0}"
accaa207456b9fa12730822f,sample-v1,SKU-0002,DAL,2025-02-13,28.0,False,False,2025-07-21T00:00:00+00:00,valid,"{""expected_uncensored"": 24.5278, ""family"": ""seasonal"", ""generator"": ""synthetic-1.0"", ""seed"": 42, ""shock_multiplier"": 1.0}"
1408b65e024472f2daf5163d,sample-v1,SKU-0002,DAL,2025-02-14,10.0,False,False,2025-07-21T00:00:00+00:00,valid,"{""expected_uncensored"": 16.0722, ""family"": ""seasonal"", ""generator"": ""synthetic-1.0"", ""seed"": 42, ""shock_multiplier"": 1.0}"
93c29487b01448788d88bd18,sample-v1,SKU-0002,DAL,2025-02-15,13.0,False,False,2025-07-21T00:00:00+00:00,valid,"{""expected_uncensored"": 10.8003, ""family"": ""seasonal"", ""generator"": ""synthetic-1.0"", ""seed"": 42, ""shock_multiplier"": 1.0}"
2752e3daaaa4bf78f371e7e8,sample-v1,SKU-0002,DAL,2025-02-16,13.0,False,False,2025-07-21T00:00:00+00:00,valid,"{""expected_uncensored"": 12.6818, ""family"": ""seasonal"", ""generator"": ""synthetic-1.0"", ""seed"": 42, ""shock_multiplier"": 1.0}"
4a76789b1b7c490f22c22b63,sample-v1,SKU-0002,DAL,2025-02-17,21.0,False,False,2025-07-21T00:00:00+00:00,valid,"{""expected_uncensored"": 20.3, ""family"": ""seasonal"", ""generator"": ""synthetic-1.0"", ""seed"": 42, ""shock_multiplier"": 1.0}"
f83cf7c1fda067a341b889f2,sample-v1,SKU-0002,DAL,2025-02-18,22.0,False,False,2025-07-21T00:00:00+00:00,valid,"{""expected_uncensored"": 27.9182, ""family"": ""seasonal"", ""generator"": ""synthetic-1.0"", ""seed"": 42, ""shock_multiplier"": 1.0}"
93d8be1d2ad4527181182dd1,sample-v1,SKU-0002,DAL,2025-02-19,29.0,False,False,2025-07-21T00:00:00+00:00,valid,"{""expected_uncensored"": 29.7997, ""family"": ""seasonal"", ""generator"": ""synthetic-1.0"", ""seed"": 42, ""shock_multiplier"": 1.0}"
da4e6af56af090a00bf41174,sample-v1,SKU-0002,DAL,2025-02-20,26.0,False,False,2025-07-21T00:00:00+00:00,valid,"{""expected_uncensored"": 24.5278, ""family"": ""seasonal"", ""generator"": ""synthetic-1.0"", ""seed"": 42, ""shock_multiplier"": 1.0}"
5a0e851d57eed9005d6f7dd3,sample-v1,SKU-0002,DAL,2025-02-21,22.0,False,False,2025-07-21T00:00:00+00:00,valid,"{""expected_uncensored"": 16.0722, ""family"": ""seasonal"", ""generator"": ""synthetic-1.0"", ""seed"": 42, ""shock_multiplier"": 1.0}"
6edbf6401f78556f3f075b73,sample-v1,SKU-0002,DAL,2025-02-22,8.0,False,False,2025-07-21T00:00:00+00:00,valid,"{""expected_uncensored"": 10.8003, ""family"": ""seasonal"", ""generator"": ""synthetic-1.0"", ""seed"": 42, ""shock_multiplier"": 1.0}"
b7c02d3b3fbb16305a1f5ff7,sample-v1,SKU-0002,DAL,2025-02-23,14.0,False,False,2025-07-21T00:00:00+00:00,valid,"{""expected_uncensored"": 12.6818, ""family"": ""seasonal"", ""generator"": ""synthetic-1.0"", ""seed"": 42, ""shock_multiplier"": 1.0}"
56d05d65afab72a858821738,sample-v1,SKU-0002,DAL,2025-02-24,16.0,False,False,2025-07-21T00:00:00+00:00,valid,"{""expected_uncensored"": 20.3, ""family"": ""seasonal"", ""generator"": ""synthetic-1.0"", ""seed"": 42, ""shock_multiplier"": 1.0}"
7db8d057086e080e90b35b90,sample-v1,SKU-0002,DAL,2025-02-25,20.0,False,False,2025-07-21T00:00:00+00:00,valid,"{""expected_uncensored"": 27.9182, ""family"": ""seasonal"", ""generator"": ""synthetic-1.0"", ""seed"": 42, ""shock_multiplier"": 1.0}"
abc63d18a8bf8593b1a78d07,sample-v1,SKU-0002,DAL,2025-02-26,27.0,False,False,2025-07-21T00:00:00+00:00,valid,"{""expected_uncensored"": 29.7997, ""family"": ""seasonal"", ""generator"": ""synthetic-1.0"", ""seed"": 42, ""shock_multiplier"": 1.0}"
d8a667667184c4feaccce304,sample-v1,SKU-0002,DAL,2025-02-27,23.0,False,False,2025-07-21T00:00:00+00:00,valid,"{""expected_uncensored"": 24.5278, ""family"": ""seasonal"", ""generator"": ""synthetic-1.0"", ""seed"": 42, ""shock_multiplier"": 1.0}"
0490b48d03a0347dd7ca6684,sample-v1,SKU-0002,DAL,2025-02-28,13.0,False,False,2025-07-21T00:00:00+00:00,valid,"{""expected_uncensored"": 16.0722, ""family"": ""seasonal"", ""generator"": ""synthetic-1.0"", ""seed"": 42, ""shock_multiplier"": 1.0}"
ca64d39541a5440006d708bf,sample-v1,SKU-0002,DAL,2025-03-01,11.0,False,False,2025-07-21T00:00:00+00:00,valid,"{""expected_uncensored"": 10.8003, ""family"": ""seasonal"", ""generator"": ""synthetic-1.0"", ""seed"": 42, ""shock_multiplier"": 1.0}"
58c8f532be6817eb08132c03,sample-v1,SKU-0002,DAL,2025-03-02,15.0,False,False,2025-07-21T00:00:00+00:00,valid,"{""expected_uncensored"": 12.6818, ""family"": ""seasonal"", ""generator"": ""synthetic-1.0"", ""seed"": 42, ""shock_multiplier"": 1.0}"
7ff44a41abd0d4ab7c6295f0,sample-v1,SKU-0002,DAL,2025-03-03,22.0,False,False,2025-07-21T00:00:00+00:00,valid,"{""expected_uncensored"": 20.3, ""family"": ""seasonal"", ""generator"": ""synthetic-1.0"", ""seed"": 42, ""shock_multiplier"": 1.0}"
dcbb78df3c54dc3fdc5345ce,sample-v1,SKU-0002,DAL,2025-03-04,30.0,False,False,2025-07-21T00:00:00+00:00,valid,"{""expected_uncensored"": 27.9182, ""family"": ""seasonal"", ""generator"": ""synthetic-1.0"", ""seed"": 42, ""shock_multiplier"": 1.0}"
43878db270f4025010da2919,sample-v1,SKU-0002,DAL,2025-03-05,24.0,False,False,2025-07-21T00:00:00+00:00,valid,"{""expected_uncensored"": 29.7997, ""family"": ""seasonal"", ""generator"": ""synthetic-1.0"", ""seed"": 42, ""shock_multiplier"": 1.0}"
861e9091c2df48b0a973fa14,sample-v1,SKU-0002,DAL,2025-03-06,15.0,False,False,2025-07-21T00:00:00+00:00,valid,"{""expected_uncensored"": 24.5278, ""family"": ""seasonal"", ""generator"": ""synthetic-1.0"", ""seed"": 42, ""shock_multiplier"": 1.0}"
8f97d8ae544c93c442080700,sample-v1,SKU-0002,DAL,2025-03-07,11.0,False,False,2025-07-21T00:00:00+00:00,valid,"{""expected_uncensored"": 16.0722, ""family"": ""seasonal"", ""generator"": ""synthetic-1.0"", ""seed"": 42, ""shock_multiplier"": 1.0}"
6f572da0505a96b19ef79f43,sample-v1,SKU-0002,DAL,2025-03-08,15.0,False,False,2025-07-21T00:00:00+00:00,valid,"{""expected_uncensored"": 10.8003, ""family"": ""seasonal"", ""generator"": ""synthetic-1.0"", ""seed"": 42, ""shock_multiplier"": 1.0}"
d2fb2c14b94a42e38f52d785,sample-v1,SKU-0002,DAL,2025-03-09,9.0,False,False,2025-07-21T00:00:00+00:00,valid,"{""expected_uncensored"": 12.6818, ""family"": ""seasonal"", ""generator"": ""synthetic-1.0"", ""seed"": 42, ""shock_multiplier"": 1.0}"
6b37e8126b471553ebbb4729,sample-v1,SKU-0002,DAL,2025-03-10,22.0,False,False,2025-07-21T00:00:00+00:00,valid,"{""expected_uncensored"": 20.3, ""family"": ""seasonal"", ""generator"": ""synthetic-1.0"", ""seed"": 42, ""shock_multiplier"": 1.0}"
1711a42a6383c9f50af4b390,sample-v1,SKU-0002,DAL,2025-03-11,30.0,False,False,2025-07-21T00:00:00+00:00,valid,"{""expected_uncensored"": 27.9182, ""family"": ""seasonal"", ""generator"": ""synthetic-1.0"", ""seed"": 42, ""shock_multiplier"": 1.0}"
578e32489b68ed32acb821b9,sample-v1,SKU-0002,DAL,2025-03-12,27.0,False,False,2025-07-21T00:00:00+00:00,valid,"{""expected_uncensored"": 29.7997, ""family"": ""seasonal"", ""generator"": ""synthetic-1.0"", ""seed"": 42, ""shock_multiplier"": 1.0}"
348e1208adc927868cfedb84,sample-v1,SKU-0002,DAL,2025-03-13,26.0,False,False,2025-07-21T00:00:00+00:00,valid,"{""expected_uncensored"": 24.5278, ""family"": ""seasonal"", ""generator"": ""synthetic-1.0"", ""seed"": 42, ""shock_multiplier"": 1.0}"
3bc0b9c7e464201108e6ee7e,sample-v1,SKU-0002,DAL,2025-03-14,23.0,True,False,2025-07-21T00:00:00+00:00,valid,"{""expected_uncensored"": 26.5192, ""family"": ""seasonal"", ""generator"": ""synthetic-1.0"", ""seed"": 42, ""shock_multiplier"": 1.0}"
08d95d29269b800f20868934,sample-v1,SKU-0002,DAL,2025-03-15,16.0,True,False,2025-07-21T00:00:00+00:00,valid,"{""expected_uncensored"": 17.8205, ""family"": ""seasonal"", ""generator"": ""synthetic-1.0"", ""seed"": 42, ""shock_multiplier"": 1.0}"
0731f82a76ff6b0325dcd235,sample-v1,SKU-0002,DAL,2025-03-16,25.0,True,False,2025-07-21T00:00:00+00:00,valid,"{""expected_uncensored"": 20.925, ""family"": ""seasonal"", ""generator"": ""synthetic-1.0"", ""seed"": 42, ""shock_multiplier"": 1.0}"
a6f3e490443ab766c657d205,sample-v1,SKU-0002,DAL,2025-03-17,33.0,True,False,2025-07-21T00:00:00+00:00,valid,"{""expected_uncensored"": 33.495, ""family"": ""seasonal"", ""generator"": ""synthetic-1.0"", ""seed"": 42, ""shock_multiplier"": 1.0}"
0227bc3e281608e38bbd10c5,sample-v1,SKU-0002,DAL,2025-03-18,63.0,True,False,2025-07-21T00:00:00+00:00,valid,"{""expected_uncensored"": 46.065, ""family"": ""seasonal"", ""generator"": ""synthetic-1.0"", ""seed"": 42, ""shock_multiplier"": 1.0}"
b38b0bf50794d86b8db98607,sample-v1,SKU-0002,DAL,2025-03-19,43.0,True,False,2025-07-21T00:00:00+00:00,valid,"{""expected_uncensored"": 49.1695, ""family"": ""seasonal"", ""generator"": ""synthetic-1.0"", ""seed"": 42, ""shock_multiplier"": 1.0}"
77e4fd3272d0bf28d91daf19,sample-v1,SKU-0002,DAL,2025-03-20,31.0,True,False,2025-07-21T00:00:00+00:00,valid,"{""expected_uncensored"": 40.4708, ""family"": ""seasonal"", ""generator"": ""synthetic-1.0"", ""seed"": 42, ""shock_multiplier"": 1.0}"
1da96f2c441b94a3b4706a8d,sample-v1,SKU-0002,DAL,2025-03-21,15.0,False,False,2025-07-21T00:00:00+00:00,valid,"{""expected_uncensored"": 16.0722, ""family"": ""seasonal"", ""generator"": ""synthetic-1.0"", ""seed"": 42, ""shock_multiplier"": 1.0}"
a642329aff5f81af0fff2922,sample-v1,SKU-0002,DAL,2025-03-22,8.0,False,False,2025-07-21T00:00:00+00:00,valid,"{""expected_uncensored"": 10.8003, ""family"": ""seasonal"", ""generator"": ""synthetic-1.0"", ""seed"": 42, ""shock_multiplier"": 1.0}"
a6d124538fb6f9bd7093a6d1,sample-v1,SKU-0002,DAL,2025-03-23,14.0,False,False,2025-07-21T00:00:00+00:00,valid,"{""expected_uncensored"": 12.6818, ""family"": ""seasonal"", ""generator"": ""synthetic-1.0"", ""seed"": 42, ""shock_multiplier"": 1.0}"
0e2630aad5adc11774588d52,sample-v1,SKU-0002,DAL,2025-03-24,20.0,False,False,2025-07-21T00:00:00+00:00,valid,"{""expected_uncensored"": 20.3, ""family"": ""seasonal"", ""generator"": ""synthetic-1.0"", ""seed"": 42, ""shock_multiplier"": 1.0}"
30f268a93818b0a0df61f031,sample-v1,SKU-0002,DAL,2025-03-25,24.0,False,False,2025-07-21T00:00:00+00:00,valid,"{""expected_uncensored"": 27.9182, ""family"": ""seasonal"", ""generator"": ""synthetic-1.0"", ""seed"": 42, ""shock_multiplier"": 1.0}"
517a56d4ecd0774fac077f57,sample-v1,SKU-0002,DAL,2025-03-26,28.0,False,False,2025-07-21T00:00:00+00:00,valid,"{""expected_uncensored"": 29.7997, ""family"": ""seasonal"", ""generator"": ""synthetic-1.0"", ""seed"": 42, ""shock_multiplier"": 1.0}"
d70be0ed434eeed0d1fed353,sample-v1,SKU-0002,DAL,2025-03-27,26.0,False,False,2025-07-21T00:00:00+00:00,valid,"{""expected_uncensored"": 24.5278, ""family"": ""seasonal"", ""generator"": ""synthetic-1.0"", ""seed"": 42, ""shock_multiplier"": 1.0}"
38fde28790e2cfdfbb581b64,sample-v1,SKU-0002,DAL,2025-03-28,17.0,False,False,2025-07-21T00:00:00+00:00,valid,"{""expected_uncensored"": 16.0722, ""family"": ""seasonal"", ""generator"": ""synthetic-1.0"", ""seed"": 42, ""shock_multiplier"": 1.0}"
024eeaa0d84048329c568b18,sample-v1,SKU-0002,DAL,2025-03-29,14.0,False,False,2025-07-21T00:00:00+00:00,valid,"{""expected_uncensored"": 10.8003, ""family"": ""seasonal"", ""generator"": ""synthetic-1.0"", ""seed"": 42, ""shock_multiplier"": 1.0}"
7c8265587750215a118e3ebf,sample-v1,SKU-0002,DAL,2025-03-30,11.0,False,False,2025-07-21T00:00:00+00:00,valid,"{""expected_uncensored"": 12.6818, ""family"": ""seasonal"", ""generator"": ""synthetic-1.0"", ""seed"": 42, ""shock_multiplier"": 1.0}"
e1a554b91d251bc59c3d572f,sample-v1,SKU-0002,DAL,2025-03-31,24.0,False,False,2025-07-21T00:00:00+00:00,valid,"{""expected_uncensored"": 20.3, ""family"": ""seasonal"", ""generator"": ""synthetic-1.0"", ""seed"": 42, ""shock_multiplier"": 1.0}"
967e68acca87c9196624ba11,sample-v1,SKU-0002,DAL,2025-04-01,24.0,False,False,2025-07-21T00:00:00+00:00,valid,"{""expected_uncensored"": 27.9182, ""family"": ""seasonal"", ""generator"": ""synthetic-1.0"", ""seed"": 42, ""shock_multiplier"": 1.0}"
fa71e1074838b0257730c365,sample-v1,SKU-0002,DAL,2025-04-02,21.0,False,False,2025-07-21T00:00:00+00:00,valid,"{""expected_uncensored"": 29.7997, ""family"": ""seasonal"", ""generator"": ""synthetic-1.0"", ""seed"": 42, ""shock_multiplier"": 1.0}"
2caf291e1cfdc4a8ac76f1f9,sample-v1,SKU-0002,DAL,2025-04-03,22.0,False,False,2025-07-21T00:00:00+00:00,valid,"{""expected_uncensored"": 24.5278, ""family"": ""seasonal"", ""generator"": ""synthetic-1.0"", ""seed"": 42, ""shock_multiplier"": 1.0}"
cf7583c8e072d66f0aaded32,sample-v1,SKU-0002,DAL,2025-04-04,10.0,False,False,2025-07-21T00:00:00+00:00,valid,"{""expected_uncensored"": 16.0722, ""family"": ""seasonal"", ""generator"": ""synthetic-1.0"", ""seed"": 42, ""shock_multiplier"": 1.0}"
b6c4880899ceb5582ae56b47,sample-v1,SKU-0002,DAL,2025-04-05,9.0,False,False,2025-07-21T00:00:00+00:00,valid,"{""expected_uncensored"": 10.8003, ""family"": ""seasonal"", ""generator"": ""synthetic-1.0"", ""seed"": 42, ""shock_multiplier"": 1.0}"
bd1fca7c7d5786462cdabede,sample-v1,SKU-0002,DAL,2025-04-06,14.0,False,False,2025-07-21T00:00:00+00:00,valid,"{""expected_uncensored"": 12.6818, ""family"": ""seasonal"", ""generator"": ""synthetic-1.0"", ""seed"": 42, ""shock_multiplier"": 1.0}"
a47bf332d2876d43d26c6c78,sample-v1,SKU-0002,DAL,2025-04-07,24.0,False,False,2025-07-21T00:00:00+00:00,valid,"{""expected_uncensored"": 20.3, ""family"": ""seasonal"", ""generator"": ""synthetic-1.0"", ""seed"": 42, ""shock_multiplier"": 1.0}"
1649743dd844489f505ebda5,sample-v1,SKU-0002,DAL,2025-04-08,28.0,False,False,2025-07-21T00:00:00+00:00,valid,"{""expected_uncensored"": 27.9182, ""family"": ""seasonal"", ""generator"": ""synthetic-1.0"", ""seed"": 42, ""shock_multiplier"": 1.0}"
d80e22ed4a344f8a005d8a80,sample-v1,SKU-0002,DAL,2025-04-09,46.0,False,False,2025-07-21T00:00:00+00:00,valid,"{""expected_uncensored"": 29.7997, ""family"": ""seasonal"", ""generator"": ""synthetic-1.0"", ""seed"": 42, ""shock_multiplier"": 1.0}"
dce06cde363494839d74cd44,sample-v1,SKU-0002,DAL,2025-04-10,21.0,False,False,2025-07-21T00:00:00+00:00,valid,"{""expected_uncensored"": 24.5278, ""family"": ""seasonal"", ""generator"": ""synthetic-1.0"", ""seed"": 42, ""shock_multiplier"": 1.0}"
baa954de62e38425c8981d76,sample-v1,SKU-0002,DAL,2025-04-11,11.0,False,False,2025-07-21T00:00:00+00:00,valid,"{""expected_uncensored"": 16.0722, ""family"": ""seasonal"", ""generator"": ""synthetic-1.0"", ""seed"": 42, ""shock_multiplier"": 1.0}"
dd9be6c5c205f3d4d50f15e0,sample-v1,SKU-0002,DAL,2025-04-12,13.0,False,False,2025-07-21T00:00:00+00:00,valid,"{""expected_uncensored"": 10.8003, ""family"": ""seasonal"", ""generator"": ""synthetic-1.0"", ""seed"": 42, ""shock_multiplier"": 1.0}"
0d9ce33300e3021221199c50,sample-v1,SKU-0002,DAL,2025-04-13,10.0,False,False,2025-07-21T00:00:00+00:00,valid,"{""expected_uncensored"": 12.6818, ""family"": ""seasonal"", ""generator"": ""synthetic-1.0"", ""seed"": 42, ""shock_multiplier"": 1.0}"
96e58f57a6ccfb4f8a5a69e0,sample-v1,SKU-0002,DAL,2025-04-14,22.0,False,False,2025-07-21T00:00:00+00:00,valid,"{""expected_uncensored"": 20.3, ""family"": ""seasonal"", ""generator"": ""synthetic-1.0"", ""seed"": 42, ""shock_multiplier"": 1.0}"
d144b499037bf22ecfcd7776,sample-v1,SKU-0002,DAL,2025-04-15,28.0,False,False,2025-07-21T00:00:00+00:00,valid,"{""expected_uncensored"": 27.9182, ""family"": ""seasonal"", ""generator"": ""synthetic-1.0"", ""seed"": 42, ""shock_multiplier"": 1.0}"
a84ec5831f988bc420a42d4c,sample-v1,SKU-0002,DAL,2025-04-16,26.0,False,False,2025-07-21T00:00:00+00:00,valid,"{""expected_uncensored"": 29.7997, ""family"": ""seasonal"", ""generator"": ""synthetic-1.0"", ""seed"": 42, ""shock_multiplier"": 1.0}"
2d44fc898b34527ef523cc85,sample-v1,SKU-0002,DAL,2025-04-17,22.0,False,False,2025-07-21T00:00:00+00:00,valid,"{""expected_uncensored"": 24.5278, ""family"": ""seasonal"", ""generator"": ""synthetic-1.0"", ""seed"": 42, ""shock_multiplier"": 1.0}"
c805949b556adb56cdf74f58,sample-v1,SKU-0002,DAL,2025-04-18,14.0,False,False,2025-07-21T00:00:00+00:00,valid,"{""expected_uncensored"": 16.0722, ""family"": ""seasonal"", ""generator"": ""synthetic-1.0"", ""seed"": 42, ""shock_multiplier"": 1.0}"
722e09159b8e297d7d38245f,sample-v1,SKU-0002,DAL,2025-04-19,7.0,False,False,2025-07-21T00:00:00+00:00,valid,"{""expected_uncensored"": 10.8003, ""family"": ""seasonal"", ""generator"": ""synthetic-1.0"", ""seed"": 42, ""shock_multiplier"": 1.0}"
791cfdffa827e659a703928c,sample-v1,SKU-0002,DAL,2025-04-20,6.0,False,False,2025-07-21T00:00:00+00:00,valid,"{""expected_uncensored"": 12.6818, ""family"": ""seasonal"", ""generator"": ""synthetic-1.0"", ""seed"": 42, ""shock_multiplier"": 1.0}"
76787a7b24d9b453b4d73813,sample-v1,SKU-0002,DAL,2025-04-21,30.0,False,False,2025-07-21T00:00:00+00:00,valid,"{""expected_uncensored"": 20.3, ""family"": ""seasonal"", ""generator"": ""synthetic-1.0"", ""seed"": 42, ""shock_multiplier"": 1.0}"
fb28927c212614764a334e40,sample-v1,SKU-0002,DAL,2025-04-22,27.0,False,False,2025-07-21T00:00:00+00:00,valid,"{""expected_uncensored"": 27.9182, ""family"": ""seasonal"", ""generator"": ""synthetic-1.0"", ""seed"": 42, ""shock_multiplier"": 1.0}"
d795d540af0225eaf90d6330,sample-v1,SKU-0002,DAL,2025-04-23,34.0,False,False,2025-07-21T00:00:00+00:00,valid,"{""expected_uncensored"": 29.7997, ""family"": ""seasonal"", ""generator"": ""synthetic-1.0"", ""seed"": 42, ""shock_multiplier"": 1.0}"
f1088d8f0d5848f5ee9dc693,sample-v1,SKU-0002,DAL,2025-04-24,21.0,False,False,2025-07-21T00:00:00+00:00,valid,"{""expected_uncensored"": 24.5278, ""family"": ""seasonal"", ""generator"": ""synthetic-1.0"", ""seed"": 42, ""shock_multiplier"": 1.0}"
d642f35c267b37ee1c79fb96,sample-v1,SKU-0002,DAL,2025-04-25,10.0,False,False,2025-07-21T00:00:00+00:00,valid,"{""expected_uncensored"": 16.0722, ""family"": ""seasonal"", ""generator"": ""synthetic-1.0"", ""seed"": 42, ""shock_multiplier"": 1.0}"
a3259b7a31fc66efd714406e,sample-v1,SKU-0002,DAL,2025-04-26,14.0,False,False,2025-07-21T00:00:00+00:00,valid,"{""expected_uncensored"": 10.8003, ""family"": ""seasonal"", ""generator"": ""synthetic-1.0"", ""seed"": 42, ""shock_multiplier"": 1.0}"
346d3e362a2ce4e00fad12a8,sample-v1,SKU-0002,DAL,2025-04-27,9.0,False,False,2025-07-21T00:00:00+00:00,valid,"{""expected_uncensored"": 12.6818, ""family"": ""seasonal"", ""generator"": ""synthetic-1.0"", ""seed"": 42, ""shock_multiplier"": 1.0}"
ca38f91079da9fb59d0789fc,sample-v1,SKU-0002,DAL,2025-04-28,18.0,False,False,2025-07-21T00:00:00+00:00,valid,"{""expected_uncensored"": 20.3, ""family"": ""seasonal"", ""generator"": ""synthetic-1.0"", ""seed"": 42, ""shock_multiplier"": 1.0}"
de38e9aadedbbc7f0f8b855a,sample-v1,SKU-0002,DAL,2025-04-29,27.0,False,False,2025-07-21T00:00:00+00:00,valid,"{""expected_uncensored"": 27.9182, ""family"": ""seasonal"", ""generator"": ""synthetic-1.0"", ""seed"": 42, ""shock_multiplier"": 1.0}"
d98a71d16650a1f86d01138f,sample-v1,SKU-0002,DAL,2025-04-30,26.0,False,False,2025-07-21T00:00:00+00:00,valid,"{""expected_uncensored"": 29.7997, ""family"": ""seasonal"", ""generator"": ""synthetic-1.0"", ""seed"": 42, ""shock_multiplier"": 1.0}"
5d6a6bb69eb13d3b755b2e0d,sample-v1,SKU-0002,DAL,2025-05-01,21.0,False,False,2025-07-21T00:00:00+00:00,valid,"{""expected_uncensored"": 24.5278, ""family"": ""seasonal"", ""generator"": ""synthetic-1.0"", ""seed"": 42, ""shock_multiplier"": 1.0}"
5b12df8dd8ba02467e1da666,sample-v1,SKU-0002,DAL,2025-05-02,15.0,False,False,2025-07-21T00:00:00+00:00,valid,"{""expected_uncensored"": 16.0722, ""family"": ""seasonal"", ""generator"": ""synthetic-1.0"", ""seed"": 42, ""shock_multiplier"": 1.0}"
f7b0c05df3d2fc96c6a2b13d,sample-v1,SKU-0002,DAL,2025-05-03,11.0,False,False,2025-07-21T00:00:00+00:00,valid,"{""expected_uncensored"": 10.8003, ""family"": ""seasonal"", ""generator"": ""synthetic-1.0"", ""seed"": 42, ""shock_multiplier"": 1.0}"
c97ff287d08710a7cdec7b8d,sample-v1,SKU-0002,DAL,2025-05-04,17.0,False,False,2025-07-21T00:00:00+00:00,valid,"{""expected_uncensored"": 12.6818, ""family"": ""seasonal"", ""generator"": ""synthetic-1.0"", ""seed"": 42, ""shock_multiplier"": 1.0}"
ea96d2bedb01b8f71cf128eb,sample-v1,SKU-0002,DAL,2025-05-05,19.0,False,False,2025-07-21T00:00:00+00:00,valid,"{""expected_uncensored"": 20.3, ""family"": ""seasonal"", ""generator"": ""synthetic-1.0"", ""seed"": 42, ""shock_multiplier"": 1.0}"
11dbe1930e4ebfda09eed5e6,sample-v1,SKU-0002,DAL,2025-05-06,26.0,False,False,2025-07-21T00:00:00+00:00,valid,"{""expected_uncensored"": 27.9182, ""family"": ""seasonal"", ""generator"": ""synthetic-1.0"", ""seed"": 42, ""shock_multiplier"": 1.0}"
08c02726520a6c31bf5e7c3e,sample-v1,SKU-0002,DAL,2025-05-07,34.0,False,False,2025-07-21T00:00:00+00:00,valid,"{""expected_uncensored"": 29.7997, ""family"": ""seasonal"", ""generator"": ""synthetic-1.0"", ""seed"": 42, ""shock_multiplier"": 1.0}"
60ee76b37a01b0d5299b760c,sample-v1,SKU-0002,DAL,2025-05-08,20.0,False,False,2025-07-21T00:00:00+00:00,valid,"{""expected_uncensored"": 24.5278, ""family"": ""seasonal"", ""generator"": ""synthetic-1.0"", ""seed"": 42, ""shock_multiplier"": 1.0}"
afc2418c3ba38e560aae2158,sample-v1,SKU-0002,DAL,2025-05-09,24.0,False,False,2025-07-21T00:00:00+00:00,valid,"{""expected_uncensored"": 16.0722, ""family"": ""seasonal"", ""generator"": ""synthetic-1.0"", ""seed"": 42, ""shock_multiplier"": 1.0}"
58abc1c2a6a13f7e04a1b92a,sample-v1,SKU-0002,DAL,2025-05-10,10.0,False,False,2025-07-21T00:00:00+00:00,valid,"{""expected_uncensored"": 10.8003, ""family"": ""seasonal"", ""generator"": ""synthetic-1.0"", ""seed"": 42, ""shock_multiplier"": 1.0}"
aead6433b5fc10a77250f5ed,sample-v1,SKU-0002,DAL,2025-05-11,12.0,False,False,2025-07-21T00:00:00+00:00,valid,"{""expected_uncensored"": 12.6818, ""family"": ""seasonal"", ""generator"": ""synthetic-1.0"", ""seed"": 42, ""shock_multiplier"": 1.0}"
90ec6c8376bc4a03b7319a79,sample-v1,SKU-0002,DAL,2025-05-12,30.0,False,False,2025-07-21T00:00:00+00:00,valid,"{""expected_uncensored"": 20.3, ""family"": ""seasonal"", ""generator"": ""synthetic-1.0"", ""seed"": 42, ""shock_multiplier"": 1.0}"
e31f084f6375637f507f35b2,sample-v1,SKU-0002,DAL,2025-05-13,21.0,False,False,2025-07-21T00:00:00+00:00,valid,"{""expected_uncensored"": 27.9182, ""family"": ""seasonal"", ""generator"": ""synthetic-1.0"", ""seed"": 42, ""shock_multiplier"": 1.0}"
b2ae24b6708430325b1400af,sample-v1,SKU-0002,DAL,2025-05-14,25.0,False,False,2025-07-21T00:00:00+00:00,valid,"{""expected_uncensored"": 29.7997, ""family"": ""seasonal"", ""generator"": ""synthetic-1.0"", ""seed"": 42, ""shock_multiplier"": 1.0}"
dabac6bf41c97e717739749f,sample-v1,SKU-0002,DAL,2025-05-15,31.0,False,False,2025-07-21T00:00:00+00:00,valid,"{""expected_uncensored"": 24.5278, ""family"": ""seasonal"", ""generator"": ""synthetic-1.0"", ""seed"": 42, ""shock_multiplier"": 1.0}"
341cefde8f9e317d0a35a391,sample-v1,SKU-0002,DAL,2025-05-16,37.0,True,False,2025-07-21T00:00:00+00:00,valid,"{""expected_uncensored"": 26.5192, ""family"": ""seasonal"", ""generator"": ""synthetic-1.0"", ""seed"": 42, ""shock_multiplier"": 1.0}"
3923b3827259639ebc8622fe,sample-v1,SKU-0002,DAL,2025-05-17,17.0,True,False,2025-07-21T00:00:00+00:00,valid,"{""expected_uncensored"": 17.8205, ""family"": ""seasonal"", ""generator"": ""synthetic-1.0"", ""seed"": 42, ""shock_multiplier"": 1.0}"
556c866b248003d83a02bdab,sample-v1,SKU-0002,DAL,2025-05-18,20.0,True,False,2025-07-21T00:00:00+00:00,valid,"{""expected_uncensored"": 20.925, ""family"": ""seasonal"", ""generator"": ""synthetic-1.0"", ""seed"": 42, ""shock_multiplier"": 1.0}"
a40cc53c658856732fc066c4,sample-v1,SKU-0002,DAL,2025-05-19,28.0,True,False,2025-07-21T00:00:00+00:00,valid,"{""expected_uncensored"": 33.495, ""family"": ""seasonal"", ""generator"": ""synthetic-1.0"", ""seed"": 42, ""shock_multiplier"": 1.0}"
1af3f6aa1bf0af58cb40cef6,sample-v1,SKU-0002,DAL,2025-05-20,41.0,True,False,2025-07-21T00:00:00+00:00,valid,"{""expected_uncensored"": 46.065, ""family"": ""seasonal"", ""generator"": ""synthetic-1.0"", ""seed"": 42, ""shock_multiplier"": 1.0}"
c59c9501a62ae8b50daa9716,sample-v1,SKU-0002,DAL,2025-05-21,34.0,True,False,2025-07-21T00:00:00+00:00,valid,"{""expected_uncensored"": 49.1695, ""family"": ""seasonal"", ""generator"": ""synthetic-1.0"", ""seed"": 42, ""shock_multiplier"": 1.0}"
5d47d238994d197e4bdb5427,sample-v1,SKU-0002,DAL,2025-05-22,49.0,True,False,2025-07-21T00:00:00+00:00,valid,"{""expected_uncensored"": 40.4708, ""family"": ""seasonal"", ""generator"": ""synthetic-1.0"", ""seed"": 42, ""shock_multiplier"": 1.0}"
9698ab01e97f9d0b399607b5,sample-v1,SKU-0002,DAL,2025-05-23,10.0,False,False,2025-07-21T00:00:00+00:00,valid,"{""expected_uncensored"": 16.0722, ""family"": ""seasonal"", ""generator"": ""synthetic-1.0"", ""seed"": 42, ""shock_multiplier"": 1.0}"
50d3f0af107fc6d42ae37f74,sample-v1,SKU-0002,DAL,2025-05-24,14.0,False,False,2025-07-21T00:00:00+00:00,valid,"{""expected_uncensored"": 10.8003, ""family"": ""seasonal"", ""generator"": ""synthetic-1.0"", ""seed"": 42, ""shock_multiplier"": 1.0}"
8bface6547bfaa3d63eec0c8,sample-v1,SKU-0002,DAL,2025-05-25,12.0,False,False,2025-07-21T00:00:00+00:00,valid,"{""expected_uncensored"": 12.6818, ""family"": ""seasonal"", ""generator"": ""synthetic-1.0"", ""seed"": 42, ""shock_multiplier"": 1.0}"
fc658b9b97f9e6adf752e130,sample-v1,SKU-0002,DAL,2025-05-26,16.0,False,False,2025-07-21T00:00:00+00:00,valid,"{""expected_uncensored"": 20.3, ""family"": ""seasonal"", ""generator"": ""synthetic-1.0"", ""seed"": 42, ""shock_multiplier"": 1.0}"
e33d086181e166e06f135015,sample-v1,SKU-0002,DAL,2025-05-27,18.0,False,False,2025-07-21T00:00:00+00:00,valid,"{""expected_uncensored"": 27.9182, ""family"": ""seasonal"", ""generator"": ""synthetic-1.0"", ""seed"": 42, ""shock_multiplier"": 1.0}"
afe11f110e72664a0f29a8a6,sample-v1,SKU-0002,DAL,2025-05-28,31.0,False,False,2025-07-21T00:00:00+00:00,valid,"{""expected_uncensored"": 29.7997, ""family"": ""seasonal"", ""generator"": ""synthetic-1.0"", ""seed"": 42, ""shock_multiplier"": 1.0}"
fde67d7f586f6e21680b71b9,sample-v1,SKU-0002,DAL,2025-05-29,30.0,False,False,2025-07-21T00:00:00+00:00,valid,"{""expected_uncensored"": 24.5278, ""family"": ""seasonal"", ""generator"": ""synthetic-1.0"", ""seed"": 42, ""shock_multiplier"": 1.0}"
0a055cc423fc7dd2b58b51e0,sample-v1,SKU-0002,DAL,2025-05-30,4.0,False,False,2025-07-21T00:00:00+00:00,valid,"{""expected_uncensored"": 16.0722, ""family"": ""seasonal"", ""generator"": ""synthetic-1.0"", ""seed"": 42, ""shock_multiplier"": 1.0}"
56e950cb43005cf1b057be23,sample-v1,SKU-0002,DAL,2025-05-31,5.0,False,False,2025-07-21T00:00:00+00:00,valid,"{""expected_uncensored"": 10.8003, ""family"": ""seasonal"", ""generator"": ""synthetic-1.0"", ""seed"": 42, ""shock_multiplier"": 1.0}"
a761dafee7df0d1c062092d6,sample-v1,SKU-0002,DAL,2025-06-01,15.0,False,False,2025-07-21T00:00:00+00:00,valid,"{""expected_uncensored"": 12.6818, ""family"": ""seasonal"", ""generator"": ""synthetic-1.0"", ""seed"": 42, ""shock_multiplier"": 1.0}"
dd22be8747ccf071d79fdc89,sample-v1,SKU-0002,DAL,2025-06-02,14.0,False,False,2025-07-21T00:00:00+00:00,valid,"{""expected_uncensored"": 20.3, ""family"": ""seasonal"", ""generator"": ""synthetic-1.0"", ""seed"": 42, ""shock_multiplier"": 1.0}"
fe9a965980b64ba66d7925cb,sample-v1,SKU-0002,DAL,2025-06-03,35.0,False,False,2025-07-21T00:00:00+00:00,valid,"{""expected_uncensored"": 27.9182, ""family"": ""seasonal"", ""generator"": ""synthetic-1.0"", ""seed"": 42, ""shock_multiplier"": 1.0}"
72b09623c5c5b2e9d29d1c93,sample-v1,SKU-0002,DAL,2025-06-04,35.0,False,False,2025-07-21T00:00:00+00:00,valid,"{""expected_uncensored"": 29.7997, ""family"": ""seasonal"", ""generator"": ""synthetic-1.0"", ""seed"": 42, ""shock_multiplier"": 1.0}"
b79d9dcd53d1112bce5f9393,sample-v1,SKU-0002,DAL,2025-06-05,23.0,False,False,2025-07-21T00:00:00+00:00,valid,"{""expected_uncensored"": 24.5278, ""family"": ""seasonal"", ""generator"": ""synthetic-1.0"", ""seed"": 42, ""shock_multiplier"": 1.0}"
2ea85052b43b579d4467f68e,sample-v1,SKU-0002,DAL,2025-06-06,16.0,False,False,2025-07-21T00:00:00+00:00,valid,"{""expected_uncensored"": 16.0722, ""family"": ""seasonal"", ""generator"": ""synthetic-1.0"", ""seed"": 42, ""shock_multiplier"": 1.0}"
1a8444e7d6a8d14c253397c2,sample-v1,SKU-0002,DAL,2025-06-07,11.0,False,False,2025-07-21T00:00:00+00:00,valid,"{""expected_uncensored"": 10.8003, ""family"": ""seasonal"", ""generator"": ""synthetic-1.0"", ""seed"": 42, ""shock_multiplier"": 1.0}"
fe1f28c79214ef076013870b,sample-v1,SKU-0002,DAL,2025-06-08,9.0,False,False,2025-07-21T00:00:00+00:00,valid,"{""expected_uncensored"": 12.6818, ""family"": ""seasonal"", ""generator"": ""synthetic-1.0"", ""seed"": 42, ""shock_multiplier"": 1.0}"
cd860fa048ad9c270390fcd3,sample-v1,SKU-0002,DAL,2025-06-09,15.0,False,False,2025-07-21T00:00:00+00:00,valid,"{""expected_uncensored"": 20.3, ""family"": ""seasonal"", ""generator"": ""synthetic-1.0"", ""seed"": 42, ""shock_multiplier"": 1.0}"
87f8c1f378baf075b2a41ac6,sample-v1,SKU-0002,DAL,2025-06-10,23.0,False,False,2025-07-21T00:00:00+00:00,valid,"{""expected_uncensored"": 27.9182, ""family"": ""seasonal"", ""generator"": ""synthetic-1.0"", ""seed"": 42, ""shock_multiplier"": 1.0}"
b6141517a12ad148b87bc476,sample-v1,SKU-0002,DAL,2025-06-11,43.0,False,False,2025-07-21T00:00:00+00:00,valid,"{""expected_uncensored"": 29.7997, ""family"": ""seasonal"", ""generator"": ""synthetic-1.0"", ""seed"": 42, ""shock_multiplier"": 1.0}"
102a803f340b625d2678e613,sample-v1,SKU-0002,DAL,2025-06-12,24.0,False,False,2025-07-21T00:00:00+00:00,valid,"{""expected_uncensored"": 24.5278, ""family"": ""seasonal"", ""generator"": ""synthetic-1.0"", ""seed"": 42, ""shock_multiplier"": 1.0}"
5b5627ea03589a0d1718d77a,sample-v1,SKU-0002,DAL,2025-06-13,15.0,False,False,2025-07-21T00:00:00+00:00,valid,"{""expected_uncensored"": 16.0722, ""family"": ""seasonal"", ""generator"": ""synthetic-1.0"", ""seed"": 42, ""shock_multiplier"": 1.0}"
b0c6e5a2b596e3464825d324,sample-v1,SKU-0002,DAL,2025-06-14,13.0,False,False,2025-07-21T00:00:00+00:00,valid,"{""expected_uncensored"": 10.8003, ""family"": ""seasonal"", ""generator"": ""synthetic-1.0"", ""seed"": 42, ""shock_multiplier"": 1.0}"
6b177bae3386306decb3c74d,sample-v1,SKU-0002,DAL,2025-06-15,12.0,False,False,2025-07-21T00:00:00+00:00,valid,"{""expected_uncensored"": 12.6818, ""family"": ""seasonal"", ""generator"": ""synthetic-1.0"", ""seed"": 42, ""shock_multiplier"": 1.0}"
93d9915c31b497a85f52085b,sample-v1,SKU-0002,DAL,2025-06-16,31.0,False,False,2025-07-21T00:00:00+00:00,valid,"{""expected_uncensored"": 20.3, ""family"": ""seasonal"", ""generator"": ""synthetic-1.0"", ""seed"": 42, ""shock_multiplier"": 1.0}"
e9e9df38d582e44602fe3c7f,sample-v1,SKU-0002,DAL,2025-06-17,23.0,False,False,2025-07-21T00:00:00+00:00,valid,"{""expected_uncensored"": 27.9182, ""family"": ""seasonal"", ""generator"": ""synthetic-1.0"", ""seed"": 42, ""shock_multiplier"": 1.0}"
16c3f3fc2d40eb2354bcd7eb,sample-v1,SKU-0002,DAL,2025-06-18,33.0,False,False,2025-07-21T00:00:00+00:00,valid,"{""expected_uncensored"": 29.7997, ""family"": ""seasonal"", ""generator"": ""synthetic-1.0"", ""seed"": 42, ""shock_multiplier"": 1.0}"
84bcefda51e682558f3c8a03,sample-v1,SKU-0002,DAL,2025-06-19,28.0,False,False,2025-07-21T00:00:00+00:00,valid,"{""expected_uncensored"": 24.5278, ""family"": ""seasonal"", ""generator"": ""synthetic-1.0"", ""seed"": 42, ""shock_multiplier"": 1.0}"
ef81ed7ef19be2bce798b81a,sample-v1,SKU-0002,DAL,2025-06-20,19.0,False,False,2025-07-21T00:00:00+00:00,valid,"{""expected_uncensored"": 16.0722, ""family"": ""seasonal"", ""generator"": ""synthetic-1.0"", ""seed"": 42, ""shock_multiplier"": 1.0}"
18a15d31649ec3b2d62b393f,sample-v1,SKU-0002,DAL,2025-06-21,12.0,False,False,2025-07-21T00:00:00+00:00,valid,"{""expected_uncensored"": 10.8003, ""family"": ""seasonal"", ""generator"": ""synthetic-1.0"", ""seed"": 42, ""shock_multiplier"": 1.0}"
fc5d0cd1826e3cf5bfb66bc8,sample-v1,SKU-0002,DAL,2025-06-22,14.0,False,False,2025-07-21T00:00:00+00:00,valid,"{""expected_uncensored"": 12.6818, ""family"": ""seasonal"", ""generator"": ""synthetic-1.0"", ""seed"": 42, ""shock_multiplier"": 1.0}"
d6628534793486b8b1009265,sample-v1,SKU-0002,DAL,2025-06-23,18.0,False,False,2025-07-21T00:00:00+00:00,valid,"{""expected_uncensored"": 20.3, ""family"": ""seasonal"", ""generator"": ""synthetic-1.0"", ""seed"": 42, ""shock_multiplier"": 1.0}"
0e7d0e2d124e8cb8d27d12cb,sample-v1,SKU-0002,DAL,2025-06-24,19.0,False,False,2025-07-21T00:00:00+00:00,valid,"{""expected_uncensored"": 27.9182, ""family"": ""seasonal"", ""generator"": ""synthetic-1.0"", ""seed"": 42, ""shock_multiplier"": 1.0}"
f897ba65bf30aa2101fe4d0a,sample-v1,SKU-0002,DAL,2025-06-25,40.0,False,False,2025-07-21T00:00:00+00:00,valid,"{""expected_uncensored"": 29.7997, ""family"": ""seasonal"", ""generator"": ""synthetic-1.0"", ""seed"": 42, ""shock_multiplier"": 1.0}"
86c3818a521a9586de77b35a,sample-v1,SKU-0002,DAL,2025-06-26,25.0,False,False,2025-07-21T00:00:00+00:00,valid,"{""expected_uncensored"": 24.5278, ""family"": ""seasonal"", ""generator"": ""synthetic-1.0"", ""seed"": 42, ""shock_multiplier"": 1.0}"
4fe00bd59664ad8bb2b30c17,sample-v1,SKU-0002,DAL,2025-06-27,14.0,False,False,2025-07-21T00:00:00+00:00,valid,"{""expected_uncensored"": 16.0722, ""family"": ""seasonal"", ""generator"": ""synthetic-1.0"", ""seed"": 42, ""shock_multiplier"": 1.0}"
5d09dd72c2044bfe67b02458,sample-v1,SKU-0002,DAL,2025-06-28,9.0,False,False,2025-07-21T00:00:00+00:00,valid,"{""expected_uncensored"": 10.8003, ""family"": ""seasonal"", ""generator"": ""synthetic-1.0"", ""seed"": 42, ""shock_multiplier"": 1.0}"
fb121410f044c363cb00faf6,sample-v1,SKU-0002,DAL,2025-06-29,14.0,False,False,2025-07-21T00:00:00+00:00,valid,"{""expected_uncensored"": 12.6818, ""family"": ""seasonal"", ""generator"": ""synthetic-1.0"", ""seed"": 42, ""shock_multiplier"": 1.0}"
4b9f9547b9573f4c9153fdce,sample-v1,SKU-0002,DAL,2025-06-30,24.0,False,False,2025-07-21T00:00:00+00:00,valid,"{""expected_uncensored"": 20.3, ""family"": ""seasonal"", ""generator"": ""synthetic-1.0"", ""seed"": 42, ""shock_multiplier"": 1.0}"
2d4c20e584a35fcf8f8d2b86,sample-v1,SKU-0002,DAL,2025-07-01,20.0,False,False,2025-07-21T00:00:00+00:00,valid,"{""expected_uncensored"": 27.9182, ""family"": ""seasonal"", ""generator"": ""synthetic-1.0"", ""seed"": 42, ""shock_multiplier"": 1.0}"
77e49a6059a881f79abc4d34,sample-v1,SKU-0002,DAL,2025-07-02,19.0,False,False,2025-07-21T00:00:00+00:00,valid,"{""expected_uncensored"": 29.7997, ""family"": ""seasonal"", ""generator"": ""synthetic-1.0"", ""seed"": 42, ""shock_multiplier"": 1.0}"
508b2bf55049133994f8fa31,sample-v1,SKU-0002,DAL,2025-07-03,20.0,False,False,2025-07-21T00:00:00+00:00,valid,"{""expected_uncensored"": 24.5278, ""family"": ""seasonal"", ""generator"": ""synthetic-1.0"", ""seed"": 42, ""shock_multiplier"": 1.0}"
8fa766ec6ef2b98168af6ecc,sample-v1,SKU-0002,DAL,2025-07-04,15.0,False,False,2025-07-21T00:00:00+00:00,valid,"{""expected_uncensored"": 16.0722, ""family"": ""seasonal"", ""generator"": ""synthetic-1.0"", ""seed"": 42, ""shock_multiplier"": 1.0}"
075d0b99bb65bde42ab3caef,sample-v1,SKU-0002,DAL,2025-07-05,10.0,False,False,2025-07-21T00:00:00+00:00,valid,"{""expected_uncensored"": 10.8003, ""family"": ""seasonal"", ""generator"": ""synthetic-1.0"", ""seed"": 42, ""shock_multiplier"": 1.0}"
7b5d670493d00d00b30dcf6b,sample-v1,SKU-0002,DAL,2025-07-06,15.0,False,False,2025-07-21T00:00:00+00:00,valid,"{""expected_uncensored"": 12.6818, ""family"": ""seasonal"", ""generator"": ""synthetic-1.0"", ""seed"": 42, ""shock_multiplier"": 1.0}"
87549809474b59c0357ed487,sample-v1,SKU-0002,DAL,2025-07-07,19.0,False,False,2025-07-21T00:00:00+00:00,valid,"{""expected_uncensored"": 20.3, ""family"": ""seasonal"", ""generator"": ""synthetic-1.0"", ""seed"": 42, ""shock_multiplier"": 1.0}"
45cb5426b3d190dd42ade0c1,sample-v1,SKU-0002,DAL,2025-07-08,27.0,False,False,2025-07-21T00:00:00+00:00,valid,"{""expected_uncensored"": 27.9182, ""family"": ""seasonal"", ""generator"": ""synthetic-1.0"", ""seed"": 42, ""shock_multiplier"": 1.0}"
5277f70b796e81cb8fe3110c,sample-v1,SKU-0002,DAL,2025-07-09,36.0,False,False,2025-07-21T00:00:00+00:00,valid,"{""expected_uncensored"": 29.7997, ""family"": ""seasonal"", ""generator"": ""synthetic-1.0"", ""seed"": 42, ""shock_multiplier"": 1.0}"
b15c31f57c4e6360a8cbfe5e,sample-v1,SKU-0002,DAL,2025-07-10,20.0,False,False,2025-07-21T00:00:00+00:00,valid,"{""expected_uncensored"": 24.5278, ""family"": ""seasonal"", ""generator"": ""synthetic-1.0"", ""seed"": 42, ""shock_multiplier"": 1.0}"
4ba55305fb3fda0b8bc3febf,sample-v1,SKU-0002,DAL,2025-07-11,13.0,False,False,2025-07-21T00:00:00+00:00,valid,"{""expected_uncensored"": 16.0722, ""family"": ""seasonal"", ""generator"": ""synthetic-1.0"", ""seed"": 42, ""shock_multiplier"": 1.0}"
767c948fc514acf510326171,sample-v1,SKU-0002,DAL,2025-07-12,6.0,False,False,2025-07-21T00:00:00+00:00,valid,"{""expected_uncensored"": 10.8003, ""family"": ""seasonal"", ""generator"": ""synthetic-1.0"", ""seed"": 42, ""shock_multiplier"": 1.0}"
f4f19eae0ffa1dcb4bcc961a,sample-v1,SKU-0002,DAL,2025-07-13,9.0,False,False,2025-07-21T00:00:00+00:00,valid,"{""expected_uncensored"": 12.6818, ""family"": ""seasonal"", ""generator"": ""synthetic-1.0"", ""seed"": 42, ""shock_multiplier"": 1.0}"
eee23baa4fd37f0deb5fe4c0,sample-v1,SKU-0002,DAL,2025-07-14,26.0,False,False,2025-07-21T00:00:00+00:00,valid,"{""expected_uncensored"": 20.3, ""family"": ""seasonal"", ""generator"": ""synthetic-1.0"", ""seed"": 42, ""shock_multiplier"": 1.0}"
aed85f4ae8d8bbc315147509,sample-v1,SKU-0002,DAL,2025-07-15,39.0,False,False,2025-07-21T00:00:00+00:00,valid,"{""expected_uncensored"": 27.9182, ""family"": ""seasonal"", ""generator"": ""synthetic-1.0"", ""seed"": 42, ""shock_multiplier"": 1.0}"
318dddc6f2d214e4703df755,sample-v1,SKU-0002,DAL,2025-07-16,25.0,False,False,2025-07-21T00:00:00+00:00,valid,"{""expected_uncensored"": 29.7997, ""family"": ""seasonal"", ""generator"": ""synthetic-1.0"", ""seed"": 42, ""shock_multiplier"": 1.0}"
b84e339a7bfdb65e8e51dd6c,sample-v1,SKU-0002,DAL,2025-07-17,20.0,False,False,2025-07-21T00:00:00+00:00,valid,"{""expected_uncensored"": 24.5278, ""family"": ""seasonal"", ""generator"": ""synthetic-1.0"", ""seed"": 42, ""shock_multiplier"": 1.0}"
a30063038319d95df8140e4a,sample-v1,SKU-0002,DAL,2025-07-18,23.0,True,False,2025-07-21T00:00:00+00:00,valid,"{""expected_uncensored"": 26.5192, ""family"": ""seasonal"", ""generator"": ""synthetic-1.0"", ""seed"": 42, ""shock_multiplier"": 1.0}"
d5a8dd084440123f3bedd815,sample-v1,SKU-0002,DAL,2025-07-19,10.0,True,False,2025-07-21T00:00:00+00:00,valid,"{""expected_uncensored"": 17.8205, ""family"": ""seasonal"", ""generator"": ""synthetic-1.0"", ""seed"": 42, ""shock_multiplier"": 1.0}"
e6231b0cfb567dbbb87003a4,sample-v1,SKU-0002,DAL,2025-07-20,18.0,True,False,2025-07-21T00:00:00+00:00,valid,"{""expected_uncensored"": 20.925, ""family"": ""seasonal"", ""generator"": ""synthetic-1.0"", ""seed"": 42, ""shock_multiplier"": 1.0}"
38b40d99b531ebc4578644b2,sample-v1,SKU-0002,SEA,2025-01-06,29.0,False,False,2025-07-21T00:00:00+00:00,valid,"{""expected_uncensored"": 27.3, ""family"": ""seasonal"", ""generator"": ""synthetic-1.0"", ""seed"": 42, ""shock_multiplier"": 1.0}"
6005c9db3ca205ed19df10b0,sample-v1,SKU-0002,SEA,2025-01-07,42.0,False,False,2025-07-21T00:00:00+00:00,valid,"{""expected_uncensored"": 37.5451, ""family"": ""seasonal"", ""generator"": ""synthetic-1.0"", ""seed"": 42, ""shock_multiplier"": 1.0}"
16c93e3e46474d88766f1bd3,sample-v1,SKU-0002,SEA,2025-01-08,40.0,False,False,2025-07-21T00:00:00+00:00,valid,"{""expected_uncensored"": 40.0755, ""family"": ""seasonal"", ""generator"": ""synthetic-1.0"", ""seed"": 42, ""shock_multiplier"": 1.0}"
6773d7a36ce78a69b67dbf99,sample-v1,SKU-0002,SEA,2025-01-09,33.0,False,False,2025-07-21T00:00:00+00:00,valid,"{""expected_uncensored"": 32.9856, ""family"": ""seasonal"", ""generator"": ""synthetic-1.0"", ""seed"": 42, ""shock_multiplier"": 1.0}"
cee6d779a89f00c5f37d1d2a,sample-v1,SKU-0002,SEA,2025-01-10,44.0,True,False,2025-07-21T00:00:00+00:00,valid,"{""expected_uncensored"": 35.6637, ""family"": ""seasonal"", ""generator"": ""synthetic-1.0"", ""seed"": 42, ""shock_multiplier"": 1.0}"
3a1b1a212e51cfa45433ce6e,sample-v1,SKU-0002,SEA,2025-01-11,23.0,True,False,2025-07-21T00:00:00+00:00,valid,"{""expected_uncensored"": 23.9655, ""family"": ""seasonal"", ""generator"": ""synthetic-1.0"", ""seed"": 42, ""shock_multiplier"": 1.0}"
ed41c5e486b4676896bf42ab,sample-v1,SKU-0002,SEA,2025-01-12,23.0,True,False,2025-07-21T00:00:00+00:00,valid,"{""expected_uncensored"": 28.1406, ""family"": ""seasonal"", ""generator"": ""synthetic-1.0"", ""seed"": 42, ""shock_multiplier"": 1.0}"
04335bf63555a4e3829a8461,sample-v1,SKU-0002,SEA,2025-01-13,39.0,True,False,2025-07-21T00:00:00+00:00,valid,"{""expected_uncensored"": 45.045, ""family"": ""seasonal"", ""generator"": ""synthetic-1.0"", ""seed"": 42, ""shock_multiplier"": 1.0}"
8a961a5ca81a9bf28f1338b5,sample-v1,SKU-0002,SEA,2025-01-14,57.0,True,False,2025-07-21T00:00:00+00:00,valid,"{""expected_uncensored"": 61.9494, ""family"": ""seasonal"", ""generator"": ""synthetic-1.0"", ""seed"": 42, ""shock_multiplier"": 1.0}"
6f783c9508fe987c9a6c12d2,sample-v1,SKU-0002,SEA,2025-01-15,53.0,True,False,2025-07-21T00:00:00+00:00,valid,"{""expected_uncensored"": 66.1245, ""family"": ""seasonal"", ""generator"": ""synthetic-1.0"", ""seed"": 42, ""shock_multiplier"": 1.0}"
d8713f0c424d08a8bfa8c304,sample-v1,SKU-0002,SEA,2025-01-16,45.0,True,False,2025-07-21T00:00:00+00:00,valid,"{""expected_uncensored"": 54.4263, ""family"": ""seasonal"", ""generator"": ""synthetic-1.0"", ""seed"": 42, ""shock_multiplier"": 1.0}"
a52619ed03fdf983adb9caac,sample-v1,SKU-0002,SEA,2025-01-17,16.0,False,False,2025-07-21T00:00:00+00:00,valid,"{""expected_uncensored"": 21.6144, ""family"": ""seasonal"", ""generator"": ""synthetic-1.0"", ""seed"": 42, ""shock_multiplier"": 1.0}"
4561aa9b34faef727610650d,sample-v1,SKU-0002,SEA,2025-01-18,13.0,False,False,2025-07-21T00:00:00+00:00,valid,"{""expected_uncensored"": 14.5245, ""family"": ""seasonal"", ""generator"": ""synthetic-1.0"", ""seed"": 42, ""shock_multiplier"": 1.0}"
a9f6501345e77ef9d1267f9d,sample-v1,SKU-0002,SEA,2025-01-19,16.0,False,False,2025-07-21T00:00:00+00:00,valid,"{""expected_uncensored"": 17.0549, ""family"": ""seasonal"", ""generator"": ""synthetic-1.0"", ""seed"": 42, ""shock_multiplier"": 1.0}"
88157f8e121883b65e929e6f,sample-v1,SKU-0002,SEA,2025-01-20,22.0,False,False,2025-07-21T00:00:00+00:00,valid,"{""expected_uncensored"": 27.3, ""family"": ""seasonal"", ""generator"": ""synthetic-1.0"", ""seed"": 42, ""shock_multiplier"": 1.0}"
5c1d45164b6e6e2365791ffe,sample-v1,SKU-0002,SEA,2025-01-21,35.0,False,False,2025-07-21T00:00:00+00:00,valid,"{""expected_uncensored"": 37.5451, ""family"": ""seasonal"", ""generator"": ""synthetic-1.0"", ""seed"": 42, ""shock_multiplier"": 1.0}"
41fd7ab11e3b705b918002c3,sample-v1,SKU-0002,SEA,2025-01-22,40.0,False,False,2025-07-21T00:00:00+00:00,valid,"{""expected_uncensored"": 40.0755, ""family"": ""seasonal"", ""generator"": ""synthetic-1.0"", ""seed"": 42, ""shock_multiplier"": 1.0}"
efb95f2ba2079c566b7ba251,sample-v1,SKU-0002,SEA,2025-01-23,35.0,False,False,2025-07-21T00:00:00+00:00,valid,"{""expected_uncensored"": 32.9856, ""family"": ""seasonal"", ""generator"": ""synthetic-1.0"", ""seed"": 42, ""shock_multiplier"": 1.0}"
1119ffdc8d9e8ed499d74d5f,sample-v1,SKU-0002,SEA,2025-01-24,27.0,False,False,2025-07-21T00:00:00+00:00,valid,"{""expected_uncensored"": 21.6144, ""family"": ""seasonal"", ""generator"": ""synthetic-1.0"", ""seed"": 42, ""shock_multiplier"": 1.0}"
c8316c17a0de84037cda0dda,sample-v1,SKU-0002,SEA,2025-01-25,15.0,False,False,2025-07-21T00:00:00+00:00,valid,"{""expected_uncensored"": 14.5245, ""family"": ""seasonal"", ""generator"": ""synthetic-1.0"", ""seed"": 42, ""shock_multiplier"": 1.0}"
a79a058a0497d2ad14399007,sample-v1,SKU-0002,SEA,2025-01-26,17.0,False,False,2025-07-21T00:00:00+00:00,valid,"{""expected_uncensored"": 17.0549, ""family"": ""seasonal"", ""generator"": ""synthetic-1.0"", ""seed"": 42, ""shock_multiplier"": 1.0}"
606154f3c713a4a4d622e784,sample-v1,SKU-0002,SEA,2025-01-27,28.0,False,False,2025-07-21T00:00:00+00:00,valid,"{""expected_uncensored"": 27.3, ""family"": ""seasonal"", ""generator"": ""synthetic-1.0"", ""seed"": 42, ""shock_multiplier"": 1.0}"
c450eee5b1c40e5d4947a4a5,sample-v1,SKU-0002,SEA,2025-01-28,31.0,False,False,2025-07-21T00:00:00+00:00,valid,"{""expected_uncensored"": 37.5451, ""family"": ""seasonal"", ""generator"": ""synthetic-1.0"", ""seed"": 42, ""shock_multiplier"": 1.0}"
2109ef83c53789b021d2fae4,sample-v1,SKU-0002,SEA,2025-01-29,43.0,False,False,2025-07-21T00:00:00+00:00,valid,"{""expected_uncensored"": 40.0755, ""family"": ""seasonal"", ""generator"": ""synthetic-1.0"", ""seed"": 42, ""shock_multiplier"": 1.0}"
13bc56c1dccc0021f331363e,sample-v1,SKU-0002,SEA,2025-01-30,31.0,False,False,2025-07-21T00:00:00+00:00,valid,"{""expected_uncensored"": 32.9856, ""family"": ""seasonal"", ""generator"": ""synthetic-1.0"", ""seed"": 42, ""shock_multiplier"": 1.0}"
87852ae9b0b9d36d0e57b657,sample-v1,SKU-0002,SEA,2025-01-31,22.0,False,False,2025-07-21T00:00:00+00:00,valid,"{""expected_uncensored"": 21.6144, ""family"": ""seasonal"", ""generator"": ""synthetic-1.0"", ""seed"": 42, ""shock_multiplier"": 1.0}"
d0f9d6ff28650a24dc572018,sample-v1,SKU-0002,SEA,2025-02-01,10.0,False,False,2025-07-21T00:00:00+00:00,valid,"{""expected_uncensored"": 14.5245, ""family"": ""seasonal"", ""generator"": ""synthetic-1.0"", ""seed"": 42, ""shock_multiplier"": 1.0}"
fd05c1faa662a2dcac495725,sample-v1,SKU-0002,SEA,2025-02-02,22.0,False,False,2025-07-21T00:00:00+00:00,valid,"{""expected_uncensored"": 17.0549, ""family"": ""seasonal"", ""generator"": ""synthetic-1.0"", ""seed"": 42, ""shock_multiplier"": 1.0}"
04349ed24d80fe41086c5b78,sample-v1,SKU-0002,SEA,2025-02-03,30.0,False,False,2025-07-21T00:00:00+00:00,valid,"{""expected_uncensored"": 27.3, ""family"": ""seasonal"", ""generator"": ""synthetic-1.0"", ""seed"": 42, ""shock_multiplier"": 1.0}"
638236353a7e1ef49a4c1904,sample-v1,SKU-0002,SEA,2025-02-04,33.0,False,False,2025-07-21T00:00:00+00:00,valid,"{""expected_uncensored"": 37.5451, ""family"": ""seasonal"", ""generator"": ""synthetic-1.0"", ""seed"": 42, ""shock_multiplier"": 1.0}"
47113c8fd04b4b0a969164b2,sample-v1,SKU-0002,SEA,2025-02-05,35.0,False,False,2025-07-21T00:00:00+00:00,valid,"{""expected_uncensored"": 40.0755, ""family"": ""seasonal"", ""generator"": ""synthetic-1.0"", ""seed"": 42, ""shock_multiplier"": 1.0}"
81900e5d1080ec212f43a82d,sample-v1,SKU-0002,SEA,2025-02-06,29.0,False,False,2025-07-21T00:00:00+00:00,valid,"{""expected_uncensored"": 32.9856, ""family"": ""seasonal"", ""generator"": ""synthetic-1.0"", ""seed"": 42, ""shock_multiplier"": 1.0}"
e826173c4ae8a2cd207a8400,sample-v1,SKU-0002,SEA,2025-02-07,20.0,False,False,2025-07-21T00:00:00+00:00,valid,"{""expected_uncensored"": 21.6144, ""family"": ""seasonal"", ""generator"": ""synthetic-1.0"", ""seed"": 42, ""shock_multiplier"": 1.0}"
58438521d53237dd259a2c72,sample-v1,SKU-0002,SEA,2025-02-08,24.0,False,False,2025-07-21T00:00:00+00:00,valid,"{""expected_uncensored"": 14.5245, ""family"": ""seasonal"", ""generator"": ""synthetic-1.0"", ""seed"": 42, ""shock_multiplier"": 1.0}"
09f5c7dbf0cc207bdb2af899,sample-v1,SKU-0002,SEA,2025-02-09,14.0,False,False,2025-07-21T00:00:00+00:00,valid,"{""expected_uncensored"": 17.0549, ""family"": ""seasonal"", ""generator"": ""synthetic-1.0"", ""seed"": 42, ""shock_multiplier"": 1.0}"
10f94b3e8a108333abd02eb1,sample-v1,SKU-0002,SEA,2025-02-10,33.0,False,False,2025-07-21T00:00:00+00:00,valid,"{""expected_uncensored"": 27.3, ""family"": ""seasonal"", ""generator"": ""synthetic-1.0"", ""seed"": 42, ""shock_multiplier"": 1.0}"
8badc6d5343d8328735a1e4e,sample-v1,SKU-0002,SEA,2025-02-11,33.0,False,False,2025-07-21T00:00:00+00:00,valid,"{""expected_uncensored"": 37.5451, ""family"": ""seasonal"", ""generator"": ""synthetic-1.0"", ""seed"": 42, ""shock_multiplier"": 1.0}"
e944275e861ecab03f7d9338,sample-v1,SKU-0002,SEA,2025-02-12,42.0,False,False,2025-07-21T00:00:00+00:00,valid,"{""expected_uncensored"": 40.0755, ""family"": ""seasonal"", ""generator"": ""synthetic-1.0"", ""seed"": 42, ""shock_multiplier"": 1.0}"
f655f191f15a4265a9c8c748,sample-v1,SKU-0002,SEA,2025-02-13,43.0,False,False,2025-07-21T00:00:00+00:00,valid,"{""expected_uncensored"": 32.9856, ""family"": ""seasonal"", ""generator"": ""synthetic-1.0"", ""seed"": 42, ""shock_multiplier"": 1.0}"
4434d1eabb4030e43a552f4a,sample-v1,SKU-0002,SEA,2025-02-14,18.0,False,False,2025-07-21T00:00:00+00:00,valid,"{""expected_uncensored"": 21.6144, ""family"": ""seasonal"", ""generator"": ""synthetic-1.0"", ""seed"": 42, ""shock_multiplier"": 1.0}"
6ebd33f196afd8d8d5b9708e,sample-v1,SKU-0002,SEA,2025-02-15,12.0,False,False,2025-07-21T00:00:00+00:00,valid,"{""expected_uncensored"": 14.5245, ""family"": ""seasonal"", ""generator"": ""synthetic-1.0"", ""seed"": 42, ""shock_multiplier"": 1.0}"
73a2150d8856f2a7944f65ed,sample-v1,SKU-0002,SEA,2025-02-16,14.0,False,False,2025-07-21T00:00:00+00:00,valid,"{""expected_uncensored"": 17.0549, ""family"": ""seasonal"", ""generator"": ""synthetic-1.0"", ""seed"": 42, ""shock_multiplier"": 1.0}"
911e0ef7db3c0595ee8d3170,sample-v1,SKU-0002,SEA,2025-02-17,36.0,False,False,2025-07-21T00:00:00+00:00,valid,"{""expected_uncensored"": 27.3, ""family"": ""seasonal"", ""generator"": ""synthetic-1.0"", ""seed"": 42, ""shock_multiplier"": 1.0}"
cae1cdc68296a3c377279232,sample-v1,SKU-0002,SEA,2025-02-18,39.0,False,False,2025-07-21T00:00:00+00:00,valid,"{""expected_uncensored"": 37.5451, ""family"": ""seasonal"", ""generator"": ""synthetic-1.0"", ""seed"": 42, ""shock_multiplier"": 1.0}"
c653e57e69dfebf493ba29e7,sample-v1,SKU-0002,SEA,2025-02-19,40.0,False,False,2025-07-21T00:00:00+00:00,valid,"{""expected_uncensored"": 40.0755, ""family"": ""seasonal"", ""generator"": ""synthetic-1.0"", ""seed"": 42, ""shock_multiplier"": 1.0}"
f7aa454be9486e2927f65874,sample-v1,SKU-0002,SEA,2025-02-20,30.0,False,False,2025-07-21T00:00:00+00:00,valid,"{""expected_uncensored"": 32.9856, ""family"": ""seasonal"", ""generator"": ""synthetic-1.0"", ""seed"": 42, ""shock_multiplier"": 1.0}"
7de0d763c6dad5b1a329aca1,sample-v1,SKU-0002,SEA,2025-02-21,28.0,False,False,2025-07-21T00:00:00+00:00,valid,"{""expected_uncensored"": 21.6144, ""family"": ""seasonal"", ""generator"": ""synthetic-1.0"", ""seed"": 42, ""shock_multiplier"": 1.0}"
69fe6166fbfb243b3b9f9321,sample-v1,SKU-0002,SEA,2025-02-22,16.0,False,False,2025-07-21T00:00:00+00:00,valid,"{""expected_uncensored"": 14.5245, ""family"": ""seasonal"", ""generator"": ""synthetic-1.0"", ""seed"": 42, ""shock_multiplier"": 1.0}"
f6ab6bc4853790a591bcfc4b,sample-v1,SKU-0002,SEA,2025-02-23,10.0,False,False,2025-07-21T00:00:00+00:00,valid,"{""expected_uncensored"": 17.0549, ""family"": ""seasonal"", ""generator"": ""synthetic-1.0"", ""seed"": 42, ""shock_multiplier"": 1.0}"
5f5b19a75e312616ccc34ec9,sample-v1,SKU-0002,SEA,2025-02-24,24.0,False,False,2025-07-21T00:00:00+00:00,valid,"{""expected_uncensored"": 27.3, ""family"": ""seasonal"", ""generator"": ""synthetic-1.0"", ""seed"": 42, ""shock_multiplier"": 1.0}"
4ad116712b4fc3475d46e189,sample-v1,SKU-0002,SEA,2025-02-25,50.0,False,False,2025-07-21T00:00:00+00:00,valid,"{""expected_uncensored"": 37.5451, ""family"": ""seasonal"", ""generator"": ""synthetic-1.0"", ""seed"": 42, ""shock_multiplier"": 1.0}"
860ca16c56229b77cc2e3e55,sample-v1,SKU-0002,SEA,2025-02-26,46.0,False,False,2025-07-21T00:00:00+00:00,valid,"{""expected_uncensored"": 40.0755, ""family"": ""seasonal"", ""generator"": ""synthetic-1.0"", ""seed"": 42, ""shock_multiplier"": 1.0}"
6ab9d39344e1ed6cef0253d1,sample-v1,SKU-0002,SEA,2025-02-27,37.0,False,False,2025-07-21T00:00:00+00:00,valid,"{""expected_uncensored"": 32.9856, ""family"": ""seasonal"", ""generator"": ""synthetic-1.0"", ""seed"": 42, ""shock_multiplier"": 1.0}"
d82d360529c8debf1ab8a694,sample-v1,SKU-0002,SEA,2025-02-28,19.0,False,False,2025-07-21T00:00:00+00:00,valid,"{""expected_uncensored"": 21.6144, ""family"": ""seasonal"", ""generator"": ""synthetic-1.0"", ""seed"": 42, ""shock_multiplier"": 1.0}"
4bcc9fbea5b15f02fb95ba8d,sample-v1,SKU-0002,SEA,2025-03-01,17.0,False,False,2025-07-21T00:00:00+00:00,valid,"{""expected_uncensored"": 14.5245, ""family"": ""seasonal"", ""generator"": ""synthetic-1.0"", ""seed"": 42, ""shock_multiplier"": 1.0}"
d6a23b60efce3b5650f805af,sample-v1,SKU-0002,SEA,2025-03-02,14.0,False,False,2025-07-21T00:00:00+00:00,valid,"{""expected_uncensored"": 17.0549, ""family"": ""seasonal"", ""generator"": ""synthetic-1.0"", ""seed"": 42, ""shock_multiplier"": 1.0}"
1a818bfb2a163cd22c4cb47e,sample-v1,SKU-0002,SEA,2025-03-03,29.0,False,False,2025-07-21T00:00:00+00:00,valid,"{""expected_uncensored"": 27.3, ""family"": ""seasonal"", ""generator"": ""synthetic-1.0"", ""seed"": 42, ""shock_multiplier"": 1.0}"
07a0dbc925b31d2c781f1c5b,sample-v1,SKU-0002,SEA,2025-03-04,38.0,False,False,2025-07-21T00:00:00+00:00,valid,"{""expected_uncensored"": 37.5451, ""family"": ""seasonal"", ""generator"": ""synthetic-1.0"", ""seed"": 42, ""shock_multiplier"": 1.0}"
0ebc2174cff739e400a066af,sample-v1,SKU-0002,SEA,2025-03-05,30.0,False,False,2025-07-21T00:00:00+00:00,valid,"{""expected_uncensored"": 40.0755, ""family"": ""seasonal"", ""generator"": ""synthetic-1.0"", ""seed"": 42, ""shock_multiplier"": 1.0}"
1df816a73630fe4681434483,sample-v1,SKU-0002,SEA,2025-03-06,38.0,False,False,2025-07-21T00:00:00+00:00,valid,"{""expected_uncensored"": 32.9856, ""family"": ""seasonal"", ""generator"": ""synthetic-1.0"", ""seed"": 42, ""shock_multiplier"": 1.0}"
c559dce668f6e77989b1bf1b,sample-v1,SKU-0002,SEA,2025-03-07,23.0,False,False,2025-07-21T00:00:00+00:00,valid,"{""expected_uncensored"": 21.6144, ""family"": ""seasonal"", ""generator"": ""synthetic-1.0"", ""seed"": 42, ""shock_multiplier"": 1.0}"
b68b1969497825218f3e1749,sample-v1,SKU-0002,SEA,2025-03-08,9.0,False,False,2025-07-21T00:00:00+00:00,valid,"{""expected_uncensored"": 14.5245, ""family"": ""seasonal"", ""generator"": ""synthetic-1.0"", ""seed"": 42, ""shock_multiplier"": 1.0}"
8ca3ea8dc87acfa63feb45a1,sample-v1,SKU-0002,SEA,2025-03-09,16.0,False,False,2025-07-21T00:00:00+00:00,valid,"{""expected_uncensored"": 17.0549, ""family"": ""seasonal"", ""generator"": ""synthetic-1.0"", ""seed"": 42, ""shock_multiplier"": 1.0}"
b560a8d55a7c294819dddd31,sample-v1,SKU-0002,SEA,2025-03-10,25.0,False,False,2025-07-21T00:00:00+00:00,valid,"{""expected_uncensored"": 27.3, ""family"": ""seasonal"", ""generator"": ""synthetic-1.0"", ""seed"": 42, ""shock_multiplier"": 1.0}"
450f041231a46c7213ae711c,sample-v1,SKU-0002,SEA,2025-03-11,37.0,False,False,2025-07-21T00:00:00+00:00,valid,"{""expected_uncensored"": 37.5451, ""family"": ""seasonal"", ""generator"": ""synthetic-1.0"", ""seed"": 42, ""shock_multiplier"": 1.0}"
aae7c57b9c8a332a208787ae,sample-v1,SKU-0002,SEA,2025-03-12,40.0,False,False,2025-07-21T00:00:00+00:00,valid,"{""expected_uncensored"": 40.0755, ""family"": ""seasonal"", ""generator"": ""synthetic-1.0"", ""seed"": 42, ""shock_multiplier"": 1.0}"
008b3dc90454e7671ba1bf9a,sample-v1,SKU-0002,SEA,2025-03-13,40.0,False,False,2025-07-21T00:00:00+00:00,valid,"{""expected_uncensored"": 32.9856, ""family"": ""seasonal"", ""generator"": ""synthetic-1.0"", ""seed"": 42, ""shock_multiplier"": 1.0}"
5c04abb70aec36ba3f995567,sample-v1,SKU-0002,SEA,2025-03-14,26.0,True,False,2025-07-21T00:00:00+00:00,valid,"{""expected_uncensored"": 35.6637, ""family"": ""seasonal"", ""generator"": ""synthetic-1.0"", ""seed"": 42, ""shock_multiplier"": 1.0}"
75bcca84a33b2b252b6b4497,sample-v1,SKU-0002,SEA,2025-03-15,25.0,True,False,2025-07-21T00:00:00+00:00,valid,"{""expected_uncensored"": 23.9655, ""family"": ""seasonal"", ""generator"": ""synthetic-1.0"", ""seed"": 42, ""shock_multiplier"": 1.0}"
82257571308681ee9f2def5b,sample-v1,SKU-0002,SEA,2025-03-16,28.0,True,False,2025-07-21T00:00:00+00:00,valid,"{""expected_uncensored"": 28.1406, ""family"": ""seasonal"", ""generator"": ""synthetic-1.0"", ""seed"": 42, ""shock_multiplier"": 1.0}"
50ec399c530a7da09b16f061,sample-v1,SKU-0002,SEA,2025-03-17,46.0,True,False,2025-07-21T00:00:00+00:00,valid,"{""expected_uncensored"": 45.045, ""family"": ""seasonal"", ""generator"": ""synthetic-1.0"", ""seed"": 42, ""shock_multiplier"": 1.0}"
9eeb67aebf70629cc852b6f5,sample-v1,SKU-0002,SEA,2025-03-18,77.0,True,False,2025-07-21T00:00:00+00:00,valid,"{""expected_uncensored"": 61.9494, ""family"": ""seasonal"", ""generator"": ""synthetic-1.0"", ""seed"": 42, ""shock_multiplier"": 1.0}"
251f1d0903cda03349728219,sample-v1,SKU-0002,SEA,2025-03-19,71.0,True,False,2025-07-21T00:00:00+00:00,valid,"{""expected_uncensored"": 66.1245, ""family"": ""seasonal"", ""generator"": ""synthetic-1.0"", ""seed"": 42, ""shock_multiplier"": 1.0}"
71b66bb5d4b51dee5f2c1d9e,sample-v1,SKU-0002,SEA,2025-03-20,48.0,True,False,2025-07-21T00:00:00+00:00,valid,"{""expected_uncensored"": 54.4263, ""family"": ""seasonal"", ""generator"": ""synthetic-1.0"", ""seed"": 42, ""shock_multiplier"": 1.0}"
13309273c26632eb50106500,sample-v1,SKU-0002,SEA,2025-03-21,25.0,False,False,2025-07-21T00:00:00+00:00,valid,"{""expected_uncensored"": 21.6144, ""family"": ""seasonal"", ""generator"": ""synthetic-1.0"", ""seed"": 42, ""shock_multiplier"": 1.0}"
416567f6f64ba07424288125,sample-v1,SKU-0002,SEA,2025-03-22,23.0,False,False,2025-07-21T00:00:00+00:00,valid,"{""expected_uncensored"": 14.5245, ""family"": ""seasonal"", ""generator"": ""synthetic-1.0"", ""seed"": 42, ""shock_multiplier"": 1.0}"
17a2fcf6ef6f6572db47ea1f,sample-v1,SKU-0002,SEA,2025-03-23,21.0,False,False,2025-07-21T00:00:00+00:00,valid,"{""expected_uncensored"": 17.0549, ""family"": ""seasonal"", ""generator"": ""synthetic-1.0"", ""seed"": 42, ""shock_multiplier"": 1.0}"
22c71976973db87c341e28e4,sample-v1,SKU-0002,SEA,2025-03-24,28.0,False,False,2025-07-21T00:00:00+00:00,valid,"{""expected_uncensored"": 27.3, ""family"": ""seasonal"", ""generator"": ""synthetic-1.0"", ""seed"": 42, ""shock_multiplier"": 1.0}"
ca0f0f6279285738f84754a7,sample-v1,SKU-0002,SEA,2025-03-25,33.0,False,False,2025-07-21T00:00:00+00:00,valid,"{""expected_uncensored"": 37.5451, ""family"": ""seasonal"", ""generator"": ""synthetic-1.0"", ""seed"": 42, ""shock_multiplier"": 1.0}"
36f7573c49fb381df112b842,sample-v1,SKU-0002,SEA,2025-03-26,37.0,False,False,2025-07-21T00:00:00+00:00,valid,"{""expected_uncensored"": 40.0755, ""family"": ""seasonal"", ""generator"": ""synthetic-1.0"", ""seed"": 42, ""shock_multiplier"": 1.0}"
b1567b04acdf515826278d7f,sample-v1,SKU-0002,SEA,2025-03-27,22.0,False,False,2025-07-21T00:00:00+00:00,valid,"{""expected_uncensored"": 32.9856, ""family"": ""seasonal"", ""generator"": ""synthetic-1.0"", ""seed"": 42, ""shock_multiplier"": 1.0}"
89100e21eefa65b2aca786f1,sample-v1,SKU-0002,SEA,2025-03-28,17.0,False,False,2025-07-21T00:00:00+00:00,valid,"{""expected_uncensored"": 21.6144, ""family"": ""seasonal"", ""generator"": ""synthetic-1.0"", ""seed"": 42, ""shock_multiplier"": 1.0}"
4760e43e7ea43e6c0940da6b,sample-v1,SKU-0002,SEA,2025-03-29,15.0,False,False,2025-07-21T00:00:00+00:00,valid,"{""expected_uncensored"": 14.5245, ""family"": ""seasonal"", ""generator"": ""synthetic-1.0"", ""seed"": 42, ""shock_multiplier"": 1.0}"
2637542d61356cc15c52fb48,sample-v1,SKU-0002,SEA,2025-03-30,19.0,False,False,2025-07-21T00:00:00+00:00,valid,"{""expected_uncensored"": 17.0549, ""family"": ""seasonal"", ""generator"": ""synthetic-1.0"", ""seed"": 42, ""shock_multiplier"": 1.0}"
68e505a63530c16e6c0fb6a7,sample-v1,SKU-0002,SEA,2025-03-31,27.0,False,False,2025-07-21T00:00:00+00:00,valid,"{""expected_uncensored"": 27.3, ""family"": ""seasonal"", ""generator"": ""synthetic-1.0"", ""seed"": 42, ""shock_multiplier"": 1.0}"
72a8ed6e9cbd07c316093edd,sample-v1,SKU-0002,SEA,2025-04-01,34.0,False,False,2025-07-21T00:00:00+00:00,valid,"{""expected_uncensored"": 37.5451, ""family"": ""seasonal"", ""generator"": ""synthetic-1.0"", ""seed"": 42, ""shock_multiplier"": 1.0}"
f403c3b4806cc510fff92f91,sample-v1,SKU-0002,SEA,2025-04-02,44.0,False,False,2025-07-21T00:00:00+00:00,valid,"{""expected_uncensored"": 40.0755, ""family"": ""seasonal"", ""generator"": ""synthetic-1.0"", ""seed"": 42, ""shock_multiplier"": 1.0}"
e8b773dede27190e722830f2,sample-v1,SKU-0002,SEA,2025-04-03,30.0,False,False,2025-07-21T00:00:00+00:00,valid,"{""expected_uncensored"": 32.9856, ""family"": ""seasonal"", ""generator"": ""synthetic-1.0"", ""seed"": 42, ""shock_multiplier"": 1.0}"
e986775e9563df380eeff6a1,sample-v1,SKU-0002,SEA,2025-04-04,22.0,False,False,2025-07-21T00:00:00+00:00,valid,"{""expected_uncensored"": 21.6144, ""family"": ""seasonal"", ""generator"": ""synthetic-1.0"", ""seed"": 42, ""shock_multiplier"": 1.0}"
0f5fb734a4b3e686fbdd215e,sample-v1,SKU-0002,SEA,2025-04-05,19.0,False,False,2025-07-21T00:00:00+00:00,valid,"{""expected_uncensored"": 14.5245, ""family"": ""seasonal"", ""generator"": ""synthetic-1.0"", ""seed"": 42, ""shock_multiplier"": 1.0}"
ca29e1b6f000ad0a95df164a,sample-v1,SKU-0002,SEA,2025-04-06,19.0,False,False,2025-07-21T00:00:00+00:00,valid,"{""expected_uncensored"": 17.0549, ""family"": ""seasonal"", ""generator"": ""synthetic-1.0"", ""seed"": 42, ""shock_multiplier"": 1.0}"
2465977dea4de0e5bcb61594,sample-v1,SKU-0002,SEA,2025-04-07,30.0,False,False,2025-07-21T00:00:00+00:00,valid,"{""expected_uncensored"": 27.3, ""family"": ""seasonal"", ""generator"": ""synthetic-1.0"", ""seed"": 42, ""shock_multiplier"": 1.0}"
62fad7b7c833ca25c3dd90ee,sample-v1,SKU-0002,SEA,2025-04-08,48.0,False,False,2025-07-21T00:00:00+00:00,valid,"{""expected_uncensored"": 37.5451, ""family"": ""seasonal"", ""generator"": ""synthetic-1.0"", ""seed"": 42, ""shock_multiplier"": 1.0}"
aa8e10af29e385c163438f0d,sample-v1,SKU-0002,SEA,2025-04-09,54.0,False,False,2025-07-21T00:00:00+00:00,valid,"{""expected_uncensored"": 40.0755, ""family"": ""seasonal"", ""generator"": ""synthetic-1.0"", ""seed"": 42, ""shock_multiplier"": 1.0}"
2739ec2ba7a6dc4b0e8cf215,sample-v1,SKU-0002,SEA,2025-04-10,38.0,False,False,2025-07-21T00:00:00+00:00,valid,"{""expected_uncensored"": 32.9856, ""family"": ""seasonal"", ""generator"": ""synthetic-1.0"", ""seed"": 42, ""shock_multiplier"": 1.0}"
1b41e724a131d5099b3cc615,sample-v1,SKU-0002,SEA,2025-04-11,22.0,False,False,2025-07-21T00:00:00+00:00,valid,"{""expected_uncensored"": 21.6144, ""family"": ""seasonal"", ""generator"": ""synthetic-1.0"", ""seed"": 42, ""shock_multiplier"": 1.0}"
7bb67c03a84f1a6988103638,sample-v1,SKU-0002,SEA,2025-04-12,9.0,False,False,2025-07-21T00:00:00+00:00,valid,"{""expected_uncensored"": 14.5245, ""family"": ""seasonal"", ""generator"": ""synthetic-1.0"", ""seed"": 42, ""shock_multiplier"": 1.0}"
7d8345cbccc3a1a3e9feeabf,sample-v1,SKU-0002,SEA,2025-04-13,17.0,False,False,2025-07-21T00:00:00+00:00,valid,"{""expected_uncensored"": 17.0549, ""family"": ""seasonal"", ""generator"": ""synthetic-1.0"", ""seed"": 42, ""shock_multiplier"": 1.0}"
52c20b0fa264abf6142b3d63,sample-v1,SKU-0002,SEA,2025-04-14,26.0,False,False,2025-07-21T00:00:00+00:00,valid,"{""expected_uncensored"": 27.3, ""family"": ""seasonal"", ""generator"": ""synthetic-1.0"", ""seed"": 42, ""shock_multiplier"": 1.0}"
e39d5a71e13883f84b38b21e,sample-v1,SKU-0002,SEA,2025-04-15,30.0,False,False,2025-07-21T00:00:00+00:00,valid,"{""expected_uncensored"": 37.5451, ""family"": ""seasonal"", ""generator"": ""synthetic-1.0"", ""seed"": 42, ""shock_multiplier"": 1.0}"
036d6d849274f020ea4d787d,sample-v1,SKU-0002,SEA,2025-04-16,40.0,False,False,2025-07-21T00:00:00+00:00,valid,"{""expected_uncensored"": 40.0755, ""family"": ""seasonal"", ""generator"": ""synthetic-1.0"", ""seed"": 42, ""shock_multiplier"": 1.0}"
37a0b346e244c6e73c3d4c62,sample-v1,SKU-0002,SEA,2025-04-17,45.0,False,False,2025-07-21T00:00:00+00:00,valid,"{""expected_uncensored"": 32.9856, ""family"": ""seasonal"", ""generator"": ""synthetic-1.0"", ""seed"": 42, ""shock_multiplier"": 1.0}"
75dc79fda5456ba5d908e194,sample-v1,SKU-0002,SEA,2025-04-18,12.0,False,False,2025-07-21T00:00:00+00:00,valid,"{""expected_uncensored"": 21.6144, ""family"": ""seasonal"", ""generator"": ""synthetic-1.0"", ""seed"": 42, ""shock_multiplier"": 1.0}"
557fb465006a974aaef7c799,sample-v1,SKU-0002,SEA,2025-04-19,15.0,False,False,2025-07-21T00:00:00+00:00,valid,"{""expected_uncensored"": 14.5245, ""family"": ""seasonal"", ""generator"": ""synthetic-1.0"", ""seed"": 42, ""shock_multiplier"": 1.0}"
ffa1ba8482f958b0e03fe8d0,sample-v1,SKU-0002,SEA,2025-04-20,18.0,False,False,2025-07-21T00:00:00+00:00,valid,"{""expected_uncensored"": 17.0549, ""family"": ""seasonal"", ""generator"": ""synthetic-1.0"", ""seed"": 42, ""shock_multiplier"": 1.0}"
66c4ae97052ac457dfa24c99,sample-v1,SKU-0002,SEA,2025-04-21,23.0,False,False,2025-07-21T00:00:00+00:00,valid,"{""expected_uncensored"": 27.3, ""family"": ""seasonal"", ""generator"": ""synthetic-1.0"", ""seed"": 42, ""shock_multiplier"": 1.0}"
090b4ce39c6f6c063ca811da,sample-v1,SKU-0002,SEA,2025-04-22,35.0,False,False,2025-07-21T00:00:00+00:00,valid,"{""expected_uncensored"": 37.5451, ""family"": ""seasonal"", ""generator"": ""synthetic-1.0"", ""seed"": 42, ""shock_multiplier"": 1.0}"
46394239a870c6d53acb2eee,sample-v1,SKU-0002,SEA,2025-04-23,36.0,False,False,2025-07-21T00:00:00+00:00,valid,"{""expected_uncensored"": 40.0755, ""family"": ""seasonal"", ""generator"": ""synthetic-1.0"", ""seed"": 42, ""shock_multiplier"": 1.0}"
348f6d5675b71deabd2d1573,sample-v1,SKU-0002,SEA,2025-04-24,40.0,False,False,2025-07-21T00:00:00+00:00,valid,"{""expected_uncensored"": 32.9856, ""family"": ""seasonal"", ""generator"": ""synthetic-1.0"", ""seed"": 42, ""shock_multiplier"": 1.0}"
274a6758695703c97a2e3037,sample-v1,SKU-0002,SEA,2025-04-25,19.0,False,False,2025-07-21T00:00:00+00:00,valid,"{""expected_uncensored"": 21.6144, ""family"": ""seasonal"", ""generator"": ""synthetic-1.0"", ""seed"": 42, ""shock_multiplier"": 1.0}"
d4289382b3b125b71b063e60,sample-v1,SKU-0002,SEA,2025-04-26,22.0,False,False,2025-07-21T00:00:00+00:00,valid,"{""expected_uncensored"": 14.5245, ""family"": ""seasonal"", ""generator"": ""synthetic-1.0"", ""seed"": 42, ""shock_multiplier"": 1.0}"
b034e844bdd10197b083b31f,sample-v1,SKU-0002,SEA,2025-04-27,20.0,False,False,2025-07-21T00:00:00+00:00,valid,"{""expected_uncensored"": 17.0549, ""family"": ""seasonal"", ""generator"": ""synthetic-1.0"", ""seed"": 42, ""shock_multiplier"": 1.0}"
3c332dcba9917e5b5cb6b803,sample-v1,SKU-0002,SEA,2025-04-28,17.0,False,False,2025-07-21T00:00:00+00:00,valid,"{""expected_uncensored"": 27.3, ""family"": ""seasonal"", ""generator"": ""synthetic-1.0"", ""seed"": 42, ""shock_multiplier"": 1.0}"
3bca7b8adcf8f72510d4613f,sample-v1,SKU-0002,SEA,2025-04-29,30.0,False,False,2025-07-21T00:00:00+00:00,valid,"{""expected_uncensored"": 37.5451, ""family"": ""seasonal"", ""generator"": ""synthetic-1.0"", ""seed"": 42, ""shock_multiplier"": 1.0}"
de555a7be098292c0d05db6e,sample-v1,SKU-0002,SEA,2025-04-30,31.0,False,False,2025-07-21T00:00:00+00:00,valid,"{""expected_uncensored"": 40.0755, ""family"": ""seasonal"", ""generator"": ""synthetic-1.0"", ""seed"": 42, ""shock_multiplier"": 1.0}"
31124e489035718339c127a6,sample-v1,SKU-0002,SEA,2025-05-01,34.0,False,False,2025-07-21T00:00:00+00:00,valid,"{""expected_uncensored"": 32.9856, ""family"": ""seasonal"", ""generator"": ""synthetic-1.0"", ""seed"": 42, ""shock_multiplier"": 1.0}"
9a081e0097915b2876438abe,sample-v1,SKU-0002,SEA,2025-05-02,25.0,False,False,2025-07-21T00:00:00+00:00,valid,"{""expected_uncensored"": 21.6144, ""family"": ""seasonal"", ""generator"": ""synthetic-1.0"", ""seed"": 42, ""shock_multiplier"": 1.0}"
97ed7929e4295145fe2e6981,sample-v1,SKU-0002,SEA,2025-05-03,18.0,False,False,2025-07-21T00:00:00+00:00,valid,"{""expected_uncensored"": 14.5245, ""family"": ""seasonal"", ""generator"": ""synthetic-1.0"", ""seed"": 42, ""shock_multiplier"": 1.0}"
067afddac8a8c5e7e7855617,sample-v1,SKU-0002,SEA,2025-05-04,19.0,False,False,2025-07-21T00:00:00+00:00,valid,"{""expected_uncensored"": 17.0549, ""family"": ""seasonal"", ""generator"": ""synthetic-1.0"", ""seed"": 42, ""shock_multiplier"": 1.0}"
14438047033589bdaed4392e,sample-v1,SKU-0002,SEA,2025-05-05,27.0,False,False,2025-07-21T00:00:00+00:00,valid,"{""expected_uncensored"": 27.3, ""family"": ""seasonal"", ""generator"": ""synthetic-1.0"", ""seed"": 42, ""shock_multiplier"": 1.0}"
17aa74737f106259db29cea9,sample-v1,SKU-0002,SEA,2025-05-06,25.0,False,False,2025-07-21T00:00:00+00:00,valid,"{""expected_uncensored"": 37.5451, ""family"": ""seasonal"", ""generator"": ""synthetic-1.0"", ""seed"": 42, ""shock_multiplier"": 1.0}"
a8d9260d27691763be3e36e3,sample-v1,SKU-0002,SEA,2025-05-07,34.0,False,False,2025-07-21T00:00:00+00:00,valid,"{""expected_uncensored"": 40.0755, ""family"": ""seasonal"", ""generator"": ""synthetic-1.0"", ""seed"": 42, ""shock_multiplier"": 1.0}"
184b1f72fc7c8bc15a8a1e78,sample-v1,SKU-0002,SEA,2025-05-08,37.0,False,False,2025-07-21T00:00:00+00:00,valid,"{""expected_uncensored"": 32.9856, ""family"": ""seasonal"", ""generator"": ""synthetic-1.0"", ""seed"": 42, ""shock_multiplier"": 1.0}"
fe19315c26e8df1a1dabcc8e,sample-v1,SKU-0002,SEA,2025-05-09,14.0,False,False,2025-07-21T00:00:00+00:00,valid,"{""expected_uncensored"": 21.6144, ""family"": ""seasonal"", ""generator"": ""synthetic-1.0"", ""seed"": 42, ""shock_multiplier"": 1.0}"
dc7e0f6176a341d4d20428b5,sample-v1,SKU-0002,SEA,2025-05-10,15.0,False,False,2025-07-21T00:00:00+00:00,valid,"{""expected_uncensored"": 14.5245, ""family"": ""seasonal"", ""generator"": ""synthetic-1.0"", ""seed"": 42, ""shock_multiplier"": 1.0}"
02553aae6d931c039b623c7b,sample-v1,SKU-0002,SEA,2025-05-11,13.0,False,False,2025-07-21T00:00:00+00:00,valid,"{""expected_uncensored"": 17.0549, ""family"": ""seasonal"", ""generator"": ""synthetic-1.0"", ""seed"": 42, ""shock_multiplier"": 1.0}"
564f78eb75781c5fc9e5c335,sample-v1,SKU-0002,SEA,2025-05-12,13.0,False,False,2025-07-21T00:00:00+00:00,valid,"{""expected_uncensored"": 27.3, ""family"": ""seasonal"", ""generator"": ""synthetic-1.0"", ""seed"": 42, ""shock_multiplier"": 1.0}"
34011a550a17f70619649c84,sample-v1,SKU-0002,SEA,2025-05-13,41.0,False,False,2025-07-21T00:00:00+00:00,valid,"{""expected_uncensored"": 37.5451, ""family"": ""seasonal"", ""generator"": ""synthetic-1.0"", ""seed"": 42, ""shock_multiplier"": 1.0}"
a74457f8fe0ec172e2fdac26,sample-v1,SKU-0002,SEA,2025-05-14,46.0,False,False,2025-07-21T00:00:00+00:00,valid,"{""expected_uncensored"": 40.0755, ""family"": ""seasonal"", ""generator"": ""synthetic-1.0"", ""seed"": 42, ""shock_multiplier"": 1.0}"
7b4ffa477145a75626c59da9,sample-v1,SKU-0002,SEA,2025-05-15,39.0,False,False,2025-07-21T00:00:00+00:00,valid,"{""expected_uncensored"": 32.9856, ""family"": ""seasonal"", ""generator"": ""synthetic-1.0"", ""seed"": 42, ""shock_multiplier"": 1.0}"
b4439d64701e19d1c66e12f1,sample-v1,SKU-0002,SEA,2025-05-16,38.0,True,False,2025-07-21T00:00:00+00:00,valid,"{""expected_uncensored"": 35.6637, ""family"": ""seasonal"", ""generator"": ""synthetic-1.0"", ""seed"": 42, ""shock_multiplier"": 1.0}"
44c53120cd86899e11c7400a,sample-v1,SKU-0002,SEA,2025-05-17,22.0,True,False,2025-07-21T00:00:00+00:00,valid,"{""expected_uncensored"": 23.9655, ""family"": ""seasonal"", ""generator"": ""synthetic-1.0"", ""seed"": 42, ""shock_multiplier"": 1.0}"
f105987665d505e41812a43e,sample-v1,SKU-0002,SEA,2025-05-18,39.0,True,False,2025-07-21T00:00:00+00:00,valid,"{""expected_uncensored"": 28.1406, ""family"": ""seasonal"", ""generator"": ""synthetic-1.0"", ""seed"": 42, ""shock_multiplier"": 1.0}"
b980875b1a941b50c0e12fa4,sample-v1,SKU-0002,SEA,2025-05-19,37.0,True,False,2025-07-21T00:00:00+00:00,valid,"{""expected_uncensored"": 45.045, ""family"": ""seasonal"", ""generator"": ""synthetic-1.0"", ""seed"": 42, ""shock_multiplier"": 1.0}"
94d6d9d470e153dcfa735cf9,sample-v1,SKU-0002,SEA,2025-05-20,56.0,True,False,2025-07-21T00:00:00+00:00,valid,"{""expected_uncensored"": 61.9494, ""family"": ""seasonal"", ""generator"": ""synthetic-1.0"", ""seed"": 42, ""shock_multiplier"": 1.0}"
3a1c88e41de4bf27370ffe66,sample-v1,SKU-0002,SEA,2025-05-21,62.0,True,False,2025-07-21T00:00:00+00:00,valid,"{""expected_uncensored"": 66.1245, ""family"": ""seasonal"", ""generator"": ""synthetic-1.0"", ""seed"": 42, ""shock_multiplier"": 1.0}"
459121420360c43fb5820960,sample-v1,SKU-0002,SEA,2025-05-22,50.0,True,False,2025-07-21T00:00:00+00:00,valid,"{""expected_uncensored"": 54.4263, ""family"": ""seasonal"", ""generator"": ""synthetic-1.0"", ""seed"": 42, ""shock_multiplier"": 1.0}"
1cd68b1367ba165bb199587a,sample-v1,SKU-0002,SEA,2025-05-23,23.0,False,False,2025-07-21T00:00:00+00:00,valid,"{""expected_uncensored"": 21.6144, ""family"": ""seasonal"", ""generator"": ""synthetic-1.0"", ""seed"": 42, ""shock_multiplier"": 1.0}"
ccc474d833fa40c3ac50341b,sample-v1,SKU-0002,SEA,2025-05-24,7.0,False,False,2025-07-21T00:00:00+00:00,valid,"{""expected_uncensored"": 14.5245, ""family"": ""seasonal"", ""generator"": ""synthetic-1.0"", ""seed"": 42, ""shock_multiplier"": 1.0}"
0c1006a8da83fcbf7a72bbdc,sample-v1,SKU-0002,SEA,2025-05-25,18.0,False,False,2025-07-21T00:00:00+00:00,valid,"{""expected_uncensored"": 17.0549, ""family"": ""seasonal"", ""generator"": ""synthetic-1.0"", ""seed"": 42, ""shock_multiplier"": 1.0}"
c468c4d97bed426d757a70c9,sample-v1,SKU-0002,SEA,2025-05-26,24.0,False,False,2025-07-21T00:00:00+00:00,valid,"{""expected_uncensored"": 27.3, ""family"": ""seasonal"", ""generator"": ""synthetic-1.0"", ""seed"": 42, ""shock_multiplier"": 1.0}"
8b3727e79a816045a87f7bd5,sample-v1,SKU-0002,SEA,2025-05-27,51.0,False,False,2025-07-21T00:00:00+00:00,valid,"{""expected_uncensored"": 37.5451, ""family"": ""seasonal"", ""generator"": ""synthetic-1.0"", ""seed"": 42, ""shock_multiplier"": 1.0}"
da6fafa75b2d202b00d5c5ce,sample-v1,SKU-0002,SEA,2025-05-28,35.0,False,False,2025-07-21T00:00:00+00:00,valid,"{""expected_uncensored"": 40.0755, ""family"": ""seasonal"", ""generator"": ""synthetic-1.0"", ""seed"": 42, ""shock_multiplier"": 1.0}"
38504ae3cbaeb72553045376,sample-v1,SKU-0002,SEA,2025-05-29,22.0,False,False,2025-07-21T00:00:00+00:00,valid,"{""expected_uncensored"": 32.9856, ""family"": ""seasonal"", ""generator"": ""synthetic-1.0"", ""seed"": 42, ""shock_multiplier"": 1.0}"
fa379a77ffa4ef7ebae18499,sample-v1,SKU-0002,SEA,2025-05-30,26.0,False,False,2025-07-21T00:00:00+00:00,valid,"{""expected_uncensored"": 21.6144, ""family"": ""seasonal"", ""generator"": ""synthetic-1.0"", ""seed"": 42, ""shock_multiplier"": 1.0}"
b8242c062921e9ee81e62d36,sample-v1,SKU-0002,SEA,2025-05-31,12.0,False,False,2025-07-21T00:00:00+00:00,valid,"{""expected_uncensored"": 14.5245, ""family"": ""seasonal"", ""generator"": ""synthetic-1.0"", ""seed"": 42, ""shock_multiplier"": 1.0}"
7961397bcbbb88a0be7d0308,sample-v1,SKU-0002,SEA,2025-06-01,15.0,False,False,2025-07-21T00:00:00+00:00,valid,"{""expected_uncensored"": 17.0549, ""family"": ""seasonal"", ""generator"": ""synthetic-1.0"", ""seed"": 42, ""shock_multiplier"": 1.0}"
4dbb5b60ad41476048799b17,sample-v1,SKU-0002,SEA,2025-06-02,35.0,False,False,2025-07-21T00:00:00+00:00,valid,"{""expected_uncensored"": 27.3, ""family"": ""seasonal"", ""generator"": ""synthetic-1.0"", ""seed"": 42, ""shock_multiplier"": 1.0}"
34089467fcaaec7aee5c7ee7,sample-v1,SKU-0002,SEA,2025-06-03,48.0,False,False,2025-07-21T00:00:00+00:00,valid,"{""expected_uncensored"": 37.5451, ""family"": ""seasonal"", ""generator"": ""synthetic-1.0"", ""seed"": 42, ""shock_multiplier"": 1.0}"
4890f0b46f4dbcaf772c975c,sample-v1,SKU-0002,SEA,2025-06-04,33.0,False,False,2025-07-21T00:00:00+00:00,valid,"{""expected_uncensored"": 40.0755, ""family"": ""seasonal"", ""generator"": ""synthetic-1.0"", ""seed"": 42, ""shock_multiplier"": 1.0}"
0bc51ceb4182bfdefc6d1a86,sample-v1,SKU-0002,SEA,2025-06-05,39.0,False,False,2025-07-21T00:00:00+00:00,valid,"{""expected_uncensored"": 32.9856, ""family"": ""seasonal"", ""generator"": ""synthetic-1.0"", ""seed"": 42, ""shock_multiplier"": 1.0}"
0af5008e00eb2b8015d671d9,sample-v1,SKU-0002,SEA,2025-06-06,25.0,False,False,2025-07-21T00:00:00+00:00,valid,"{""expected_uncensored"": 21.6144, ""family"": ""seasonal"", ""generator"": ""synthetic-1.0"", ""seed"": 42, ""shock_multiplier"": 1.0}"
2f1e44d7ee641afd02752ed9,sample-v1,SKU-0002,SEA,2025-06-07,10.0,False,False,2025-07-21T00:00:00+00:00,valid,"{""expected_uncensored"": 14.5245, ""family"": ""seasonal"", ""generator"": ""synthetic-1.0"", ""seed"": 42, ""shock_multiplier"": 1.0}"
e38e9ae7fbc9d2830fb4e027,sample-v1,SKU-0002,SEA,2025-06-08,14.0,False,False,2025-07-21T00:00:00+00:00,valid,"{""expected_uncensored"": 17.0549, ""family"": ""seasonal"", ""generator"": ""synthetic-1.0"", ""seed"": 42, ""shock_multiplier"": 1.0}"
d1f3e01259eff22a1d5563f9,sample-v1,SKU-0002,SEA,2025-06-09,33.0,False,False,2025-07-21T00:00:00+00:00,valid,"{""expected_uncensored"": 27.3, ""family"": ""seasonal"", ""generator"": ""synthetic-1.0"", ""seed"": 42, ""shock_multiplier"": 1.0}"
543f5128ef837a0305f3dd5e,sample-v1,SKU-0002,SEA,2025-06-10,41.0,False,False,2025-07-21T00:00:00+00:00,valid,"{""expected_uncensored"": 37.5451, ""family"": ""seasonal"", ""generator"": ""synthetic-1.0"", ""seed"": 42, ""shock_multiplier"": 1.0}"
8f3cd4dd8a6ef2a8a9b74696,sample-v1,SKU-0002,SEA,2025-06-11,35.0,False,False,2025-07-21T00:00:00+00:00,valid,"{""expected_uncensored"": 40.0755, ""family"": ""seasonal"", ""generator"": ""synthetic-1.0"", ""seed"": 42, ""shock_multiplier"": 1.0}"
68ecd6792ca69fc8d13c78af,sample-v1,SKU-0002,SEA,2025-06-12,37.0,False,False,2025-07-21T00:00:00+00:00,valid,"{""expected_uncensored"": 32.9856, ""family"": ""seasonal"", ""generator"": ""synthetic-1.0"", ""seed"": 42, ""shock_multiplier"": 1.0}"
8be9b95bb7f39bf32491fad8,sample-v1,SKU-0002,SEA,2025-06-13,27.0,False,False,2025-07-21T00:00:00+00:00,valid,"{""expected_uncensored"": 21.6144, ""family"": ""seasonal"", ""generator"": ""synthetic-1.0"", ""seed"": 42, ""shock_multiplier"": 1.0}"
2dcf2b4fd4d86be3c9bece4d,sample-v1,SKU-0002,SEA,2025-06-14,12.0,False,False,2025-07-21T00:00:00+00:00,valid,"{""expected_uncensored"": 14.5245, ""family"": ""seasonal"", ""generator"": ""synthetic-1.0"", ""seed"": 42, ""shock_multiplier"": 1.0}"
ce769d8f4fc395c437f83273,sample-v1,SKU-0002,SEA,2025-06-15,18.0,False,False,2025-07-21T00:00:00+00:00,valid,"{""expected_uncensored"": 17.0549, ""family"": ""seasonal"", ""generator"": ""synthetic-1.0"", ""seed"": 42, ""shock_multiplier"": 1.0}"
4571684beb6e302144d0179c,sample-v1,SKU-0002,SEA,2025-06-16,28.0,False,False,2025-07-21T00:00:00+00:00,valid,"{""expected_uncensored"": 27.3, ""family"": ""seasonal"", ""generator"": ""synthetic-1.0"", ""seed"": 42, ""shock_multiplier"": 1.0}"
545a557fc67f2205d2d88ee0,sample-v1,SKU-0002,SEA,2025-06-17,42.0,False,False,2025-07-21T00:00:00+00:00,valid,"{""expected_uncensored"": 37.5451, ""family"": ""seasonal"", ""generator"": ""synthetic-1.0"", ""seed"": 42, ""shock_multiplier"": 1.0}"
851cac760862b73fe5992bcc,sample-v1,SKU-0002,SEA,2025-06-18,37.0,False,False,2025-07-21T00:00:00+00:00,valid,"{""expected_uncensored"": 40.0755, ""family"": ""seasonal"", ""generator"": ""synthetic-1.0"", ""seed"": 42, ""shock_multiplier"": 1.0}"
d4f416aadfae90f0fa354e64,sample-v1,SKU-0002,SEA,2025-06-19,36.0,False,False,2025-07-21T00:00:00+00:00,valid,"{""expected_uncensored"": 32.9856, ""family"": ""seasonal"", ""generator"": ""synthetic-1.0"", ""seed"": 42, ""shock_multiplier"": 1.0}"
bdbb92fd21e0e81e4865242f,sample-v1,SKU-0002,SEA,2025-06-20,25.0,False,False,2025-07-21T00:00:00+00:00,valid,"{""expected_uncensored"": 21.6144, ""family"": ""seasonal"", ""generator"": ""synthetic-1.0"", ""seed"": 42, ""shock_multiplier"": 1.0}"
aa102d779058ca31d0e055ed,sample-v1,SKU-0002,SEA,2025-06-21,16.0,False,False,2025-07-21T00:00:00+00:00,valid,"{""expected_uncensored"": 14.5245, ""family"": ""seasonal"", ""generator"": ""synthetic-1.0"", ""seed"": 42, ""shock_multiplier"": 1.0}"
5fceea46ff96041e69935f3c,sample-v1,SKU-0002,SEA,2025-06-22,16.0,False,False,2025-07-21T00:00:00+00:00,valid,"{""expected_uncensored"": 17.0549, ""family"": ""seasonal"", ""generator"": ""synthetic-1.0"", ""seed"": 42, ""shock_multiplier"": 1.0}"
2767ef8ef57facf1c2342d12,sample-v1,SKU-0002,SEA,2025-06-23,34.0,False,False,2025-07-21T00:00:00+00:00,valid,"{""expected_uncensored"": 27.3, ""family"": ""seasonal"", ""generator"": ""synthetic-1.0"", ""seed"": 42, ""shock_multiplier"": 1.0}"
1db951d4d7ecfe8c6dec6b89,sample-v1,SKU-0002,SEA,2025-06-24,43.0,False,False,2025-07-21T00:00:00+00:00,valid,"{""expected_uncensored"": 37.5451, ""family"": ""seasonal"", ""generator"": ""synthetic-1.0"", ""seed"": 42, ""shock_multiplier"": 1.0}"
9c992e811ab648a0c37986e1,sample-v1,SKU-0002,SEA,2025-06-25,53.0,False,False,2025-07-21T00:00:00+00:00,valid,"{""expected_uncensored"": 40.0755, ""family"": ""seasonal"", ""generator"": ""synthetic-1.0"", ""seed"": 42, ""shock_multiplier"": 1.0}"
d16c66d195d0f6bff36549d6,sample-v1,SKU-0002,SEA,2025-06-26,27.0,False,False,2025-07-21T00:00:00+00:00,valid,"{""expected_uncensored"": 32.9856, ""family"": ""seasonal"", ""generator"": ""synthetic-1.0"", ""seed"": 42, ""shock_multiplier"": 1.0}"
96c8a1a3b1a0155848ec9231,sample-v1,SKU-0002,SEA,2025-06-27,22.0,False,False,2025-07-21T00:00:00+00:00,valid,"{""expected_uncensored"": 21.6144, ""family"": ""seasonal"", ""generator"": ""synthetic-1.0"", ""seed"": 42, ""shock_multiplier"": 1.0}"
254d46c0d00d9346f9a83f6c,sample-v1,SKU-0002,SEA,2025-06-28,16.0,False,False,2025-07-21T00:00:00+00:00,valid,"{""expected_uncensored"": 14.5245, ""family"": ""seasonal"", ""generator"": ""synthetic-1.0"", ""seed"": 42, ""shock_multiplier"": 1.0}"
aa5413a5cdb96e2ec92e3c7b,sample-v1,SKU-0002,SEA,2025-06-29,20.0,False,False,2025-07-21T00:00:00+00:00,valid,"{""expected_uncensored"": 17.0549, ""family"": ""seasonal"", ""generator"": ""synthetic-1.0"", ""seed"": 42, ""shock_multiplier"": 1.0}"
033691f2d7fd3e8c08e1fc4f,sample-v1,SKU-0002,SEA,2025-06-30,31.0,False,False,2025-07-21T00:00:00+00:00,valid,"{""expected_uncensored"": 27.3, ""family"": ""seasonal"", ""generator"": ""synthetic-1.0"", ""seed"": 42, ""shock_multiplier"": 1.0}"
d9d3035acf37db634a767440,sample-v1,SKU-0002,SEA,2025-07-01,31.0,False,False,2025-07-21T00:00:00+00:00,valid,"{""expected_uncensored"": 37.5451, ""family"": ""seasonal"", ""generator"": ""synthetic-1.0"", ""seed"": 42, ""shock_multiplier"": 1.0}"
d70701afd3d27b6480ad0737,sample-v1,SKU-0002,SEA,2025-07-02,37.0,False,False,2025-07-21T00:00:00+00:00,valid,"{""expected_uncensored"": 40.0755, ""family"": ""seasonal"", ""generator"": ""synthetic-1.0"", ""seed"": 42, ""shock_multiplier"": 1.0}"
b445e03b7581e45b9408b469,sample-v1,SKU-0002,SEA,2025-07-03,33.0,False,False,2025-07-21T00:00:00+00:00,valid,"{""expected_uncensored"": 32.9856, ""family"": ""seasonal"", ""generator"": ""synthetic-1.0"", ""seed"": 42, ""shock_multiplier"": 1.0}"
b80bc762bfb38712d9f2e98f,sample-v1,SKU-0002,SEA,2025-07-04,40.0,False,False,2025-07-21T00:00:00+00:00,valid,"{""expected_uncensored"": 21.6144, ""family"": ""seasonal"", ""generator"": ""synthetic-1.0"", ""seed"": 42, ""shock_multiplier"": 1.0}"
e5d88bdf8227a8ce23ad3990,sample-v1,SKU-0002,SEA,2025-07-05,15.0,False,False,2025-07-21T00:00:00+00:00,valid,"{""expected_uncensored"": 14.5245, ""family"": ""seasonal"", ""generator"": ""synthetic-1.0"", ""seed"": 42, ""shock_multiplier"": 1.0}"
1c9b317e2eafc1dc38747af1,sample-v1,SKU-0002,SEA,2025-07-06,13.0,False,False,2025-07-21T00:00:00+00:00,valid,"{""expected_uncensored"": 17.0549, ""family"": ""seasonal"", ""generator"": ""synthetic-1.0"", ""seed"": 42, ""shock_multiplier"": 1.0}"
2794f59eb59b76bb9dd0e3fe,sample-v1,SKU-0002,SEA,2025-07-07,33.0,False,False,2025-07-21T00:00:00+00:00,valid,"{""expected_uncensored"": 27.3, ""family"": ""seasonal"", ""generator"": ""synthetic-1.0"", ""seed"": 42, ""shock_multiplier"": 1.0}"
5b1f4ee45732e95d4a543a3a,sample-v1,SKU-0002,SEA,2025-07-08,46.0,False,False,2025-07-21T00:00:00+00:00,valid,"{""expected_uncensored"": 37.5451, ""family"": ""seasonal"", ""generator"": ""synthetic-1.0"", ""seed"": 42, ""shock_multiplier"": 1.0}"
d5361ab1e1e8f8ecc26280a0,sample-v1,SKU-0002,SEA,2025-07-09,33.0,False,False,2025-07-21T00:00:00+00:00,valid,"{""expected_uncensored"": 40.0755, ""family"": ""seasonal"", ""generator"": ""synthetic-1.0"", ""seed"": 42, ""shock_multiplier"": 1.0}"
902f04841b5cd8d83e3ff869,sample-v1,SKU-0002,SEA,2025-07-10,31.0,False,False,2025-07-21T00:00:00+00:00,valid,"{""expected_uncensored"": 32.9856, ""family"": ""seasonal"", ""generator"": ""synthetic-1.0"", ""seed"": 42, ""shock_multiplier"": 1.0}"
129e83102fc34757f42358ca,sample-v1,SKU-0002,SEA,2025-07-11,21.0,False,False,2025-07-21T00:00:00+00:00,valid,"{""expected_uncensored"": 21.6144, ""family"": ""seasonal"", ""generator"": ""synthetic-1.0"", ""seed"": 42, ""shock_multiplier"": 1.0}"
c8ada42d34a3ce87f1fba988,sample-v1,SKU-0002,SEA,2025-07-12,14.0,False,False,2025-07-21T00:00:00+00:00,valid,"{""expected_uncensored"": 14.5245, ""family"": ""seasonal"", ""generator"": ""synthetic-1.0"", ""seed"": 42, ""shock_multiplier"": 1.0}"
ccf8f21d17230d967fc9952c,sample-v1,SKU-0002,SEA,2025-07-13,16.0,False,False,2025-07-21T00:00:00+00:00,valid,"{""expected_uncensored"": 17.0549, ""family"": ""seasonal"", ""generator"": ""synthetic-1.0"", ""seed"": 42, ""shock_multiplier"": 1.0}"
24822c37c341f24401d1370e,sample-v1,SKU-0002,SEA,2025-07-14,24.0,False,False,2025-07-21T00:00:00+00:00,valid,"{""expected_uncensored"": 27.3, ""family"": ""seasonal"", ""generator"": ""synthetic-1.0"", ""seed"": 42, ""shock_multiplier"": 1.0}"
28d7ef20d32786c3fa7f4ea1,sample-v1,SKU-0002,SEA,2025-07-15,36.0,False,False,2025-07-21T00:00:00+00:00,valid,"{""expected_uncensored"": 37.5451, ""family"": ""seasonal"", ""generator"": ""synthetic-1.0"", ""seed"": 42, ""shock_multiplier"": 1.0}"
7f59d85425eb46b97a56e3e8,sample-v1,SKU-0002,SEA,2025-07-16,47.0,False,False,2025-07-21T00:00:00+00:00,valid,"{""expected_uncensored"": 40.0755, ""family"": ""seasonal"", ""generator"": ""synthetic-1.0"", ""seed"": 42, ""shock_multiplier"": 1.0}"
3c0c26ffed4259232d81b453,sample-v1,SKU-0002,SEA,2025-07-17,38.0,False,False,2025-07-21T00:00:00+00:00,valid,"{""expected_uncensored"": 32.9856, ""family"": ""seasonal"", ""generator"": ""synthetic-1.0"", ""seed"": 42, ""shock_multiplier"": 1.0}"
dfe64a8da7dcd4a564efc526,sample-v1,SKU-0002,SEA,2025-07-18,38.0,True,False,2025-07-21T00:00:00+00:00,valid,"{""expected_uncensored"": 35.6637, ""family"": ""seasonal"", ""generator"": ""synthetic-1.0"", ""seed"": 42, ""shock_multiplier"": 1.0}"
e7420ab7f36df0ed77450e5c,sample-v1,SKU-0002,SEA,2025-07-19,26.0,True,False,2025-07-21T00:00:00+00:00,valid,"{""expected_uncensored"": 23.9655, ""family"": ""seasonal"", ""generator"": ""synthetic-1.0"", ""seed"": 42, ""shock_multiplier"": 1.0}"
0321420c732535852b8b292d,sample-v1,SKU-0002,SEA,2025-07-20,20.0,True,False,2025-07-21T00:00:00+00:00,valid,"{""expected_uncensored"": 28.1406, ""family"": ""seasonal"", ""generator"": ""synthetic-1.0"", ""seed"": 42, ""shock_multiplier"": 1.0}"
744bf9d312349c2f156494d5,sample-v1,SKU-0003,CHI,2025-01-06,0.0,False,False,2025-07-21T00:00:00+00:00,valid,"{""expected_uncensored"": 2.774, ""family"": ""intermittent"", ""generator"": ""synthetic-1.0"", ""seed"": 42, ""shock_multiplier"": 1.0}"
4ab409050ae5b1d1e7c83c88,sample-v1,SKU-0003,CHI,2025-01-07,0.0,True,False,2025-07-21T00:00:00+00:00,valid,"{""expected_uncensored"": 5.0065, ""family"": ""intermittent"", ""generator"": ""synthetic-1.0"", ""seed"": 42, ""shock_multiplier"": 1.0}"
f337203ef215d8be3619f614,sample-v1,SKU-0003,CHI,2025-01-08,24.0,True,False,2025-07-21T00:00:00+00:00,valid,"{""expected_uncensored"": 5.1126, ""family"": ""intermittent"", ""generator"": ""synthetic-1.0"", ""seed"": 42, ""shock_multiplier"": 1.0}"
359ef3ad747e82332453afe2,sample-v1,SKU-0003,CHI,2025-01-09,0.0,True,False,2025-07-21T00:00:00+00:00,valid,"{""expected_uncensored"": 4.8154, ""family"": ""intermittent"", ""generator"": ""synthetic-1.0"", ""seed"": 42, ""shock_multiplier"": 1.0}"
6b2783e9cc731c3998393270,sample-v1,SKU-0003,CHI,2025-01-10,25.0,True,False,2025-07-21T00:00:00+00:00,valid,"{""expected_uncensored"": 4.3388, ""family"": ""intermittent"", ""generator"": ""synthetic-1.0"", ""seed"": 42, ""shock_multiplier"": 1.0}"
745e78278d5bd83637554525,sample-v1,SKU-0003,CHI,2025-01-11,0.0,True,False,2025-07-21T00:00:00+00:00,valid,"{""expected_uncensored"": 4.0416, ""family"": ""intermittent"", ""generator"": ""synthetic-1.0"", ""seed"": 42, ""shock_multiplier"": 1.0}"
efee7745a76e397874af7456,sample-v1,SKU-0003,CHI,2025-01-12,0.0,True,False,2025-07-21T00:00:00+00:00,valid,"{""expected_uncensored"": 4.1477, ""family"": ""intermittent"", ""generator"": ""synthetic-1.0"", ""seed"": 42, ""shock_multiplier"": 1.0}"
c66a6d1a44a1fc877e3e13f7,sample-v1,SKU-0003,CHI,2025-01-13,20.0,True,False,2025-07-21T00:00:00+00:00,valid,"{""expected_uncensored"": 4.5771, ""family"": ""intermittent"", ""generator"": ""synthetic-1.0"", ""seed"": 42, ""shock_multiplier"": 1.0}"
cebd0ac7bef0cd8a2e262210,sample-v1,SKU-0003,CHI,2025-01-14,0.0,False,False,2025-07-21T00:00:00+00:00,valid,"{""expected_uncensored"": 3.0343, ""family"": ""intermittent"", ""generator"": ""synthetic-1.0"", ""seed"": 42, ""shock_multiplier"": 1.0}"
94ae89ae8ac3e23cef2e0d35,sample-v1,SKU-0003,CHI,2025-01-15,0.0,False,False,2025-07-21T00:00:00+00:00,valid,"{""expected_uncensored"": 3.0985, ""family"": ""intermittent"", ""generator"": ""synthetic-1.0"", ""seed"": 42, ""shock_multiplier"": 1.0}"
55c04b483d0f5502d828aba0,sample-v1,SKU-0003,CHI,2025-01-16,0.0,False,False,2025-07-21T00:00:00+00:00,valid,"{""expected_uncensored"": 2.9184, ""family"": ""intermittent"", ""generator"": ""synthetic-1.0"", ""seed"": 42, ""shock_multiplier"": 1.0}"
c9702d22d5efe3fdb49c33c0,sample-v1,SKU-0003,CHI,2025-01-17,0.0,False,False,2025-07-21T00:00:00+00:00,valid,"{""expected_uncensored"": 2.6296, ""family"": ""intermittent"", ""generator"": ""synthetic-1.0"", ""seed"": 42, ""shock_multiplier"": 1.0}"
97e79b9be30767ce9f2722f2,sample-v1,SKU-0003,CHI,2025-01-18,0.0,False,False,2025-07-21T00:00:00+00:00,valid,"{""expected_uncensored"": 2.4495, ""family"": ""intermittent"", ""generator"": ""synthetic-1.0"", ""seed"": 42, ""shock_multiplier"": 1.0}"
289f2113747b1a7e3f60087d,sample-v1,SKU-0003,CHI,2025-01-19,0.0,False,False,2025-07-21T00:00:00+00:00,valid,"{""expected_uncensored"": 2.5137, ""family"": ""intermittent"", ""generator"": ""synthetic-1.0"", ""seed"": 42, ""shock_multiplier"": 1.0}"
027cadb59a2a261211090009,sample-v1,SKU-0003,CHI,2025-01-20,0.0,False,False,2025-07-21T00:00:00+00:00,valid,"{""expected_uncensored"": 2.774, ""family"": ""intermittent"", ""generator"": ""synthetic-1.0"", ""seed"": 42, ""shock_multiplier"": 1.0}"
fe21db58c10e79828714f3a9,sample-v1,SKU-0003,CHI,2025-01-21,0.0,False,False,2025-07-21T00:00:00+00:00,valid,"{""expected_uncensored"": 3.0343, ""family"": ""intermittent"", ""generator"": ""synthetic-1.0"", ""seed"": 42, ""shock_multiplier"": 1.0}"
9665ffffcb9609d2904e34da,sample-v1,SKU-0003,CHI,2025-01-22,0.0,False,False,2025-07-21T00:00:00+00:00,valid,"{""expected_uncensored"": 3.0985, ""family"": ""intermittent"", ""generator"": ""synthetic-1.0"", ""seed"": 42, ""shock_multiplier"": 1.0}"
472f4908eb35fd0a5f1e7b98,sample-v1,SKU-0003,CHI,2025-01-23,0.0,False,False,2025-07-21T00:00:00+00:00,valid,"{""expected_uncensored"": 2.9184, ""family"": ""intermittent"", ""generator"": ""synthetic-1.0"", ""seed"": 42, ""shock_multiplier"": 1.0}"
88f30569f47a3fe127ff953d,sample-v1,SKU-0003,CHI,2025-01-24,0.0,False,False,2025-07-21T00:00:00+00:00,valid,"{""expected_uncensored"": 2.6296, ""family"": ""intermittent"", ""generator"": ""synthetic-1.0"", ""seed"": 42, ""shock_multiplier"": 1.0}"
ce4e23d22756947a0932e113,sample-v1,SKU-0003,CHI,2025-01-25,0.0,False,False,2025-07-21T00:00:00+00:00,valid,"{""expected_uncensored"": 2.4495, ""family"": ""intermittent"", ""generator"": ""synthetic-1.0"", ""seed"": 42, ""shock_multiplier"": 1.0}"
373a8c57c1e5f122c66d5a11,sample-v1,SKU-0003,CHI,2025-01-26,0.0,False,False,2025-07-21T00:00:00+00:00,valid,"{""expected_uncensored"": 2.5137, ""family"": ""intermittent"", ""generator"": ""synthetic-1.0"", ""seed"": 42, ""shock_multiplier"": 1.0}"
0c65a09f57a2c6e83dcb9476,sample-v1,SKU-0003,CHI,2025-01-27,0.0,False,False,2025-07-21T00:00:00+00:00,valid,"{""expected_uncensored"": 2.774, ""family"": ""intermittent"", ""generator"": ""synthetic-1.0"", ""seed"": 42, ""shock_multiplier"": 1.0}"
32cc33509f75769159e04428,sample-v1,SKU-0003,CHI,2025-01-28,0.0,False,False,2025-07-21T00:00:00+00:00,valid,"{""expected_uncensored"": 3.0343, ""family"": ""intermittent"", ""generator"": ""synthetic-1.0"", ""seed"": 42, ""shock_multiplier"": 1.0}"
546eaf267344183c839a4cb1,sample-v1,SKU-0003,CHI,2025-01-29,9.0,False,False,2025-07-21T00:00:00+00:00,valid,"{""expected_uncensored"": 3.0985, ""family"": ""intermittent"", ""generator"": ""synthetic-1.0"", ""seed"": 42, ""shock_multiplier"": 1.0}"
0132da631079ca73be7bf19d,sample-v1,SKU-0003,CHI,2025-01-30,0.0,False,False,2025-07-21T00:00:00+00:00,valid,"{""expected_uncensored"": 2.9184, ""family"": ""intermittent"", ""generator"": ""synthetic-1.0"", ""seed"": 42, ""shock_multiplier"": 1.0}"
224113f9d86fdb39a3791bfc,sample-v1,SKU-0003,CHI,2025-01-31,7.0,False,False,2025-07-21T00:00:00+00:00,valid,"{""expected_uncensored"": 2.6296, ""family"": ""intermittent"", ""generator"": ""synthetic-1.0"", ""seed"": 42, ""shock_multiplier"": 1.0}"
e6ae721fe1f3f824b3aa24c3,sample-v1,SKU-0003,CHI,2025-02-01,0.0,False,False,2025-07-21T00:00:00+00:00,valid,"{""expected_uncensored"": 2.4495, ""family"": ""intermittent"", ""generator"": ""synthetic-1.0"", ""seed"": 42, ""shock_multiplier"": 1.0}"
fa2a223fab3745dbb3414da9,sample-v1,SKU-0003,CHI,2025-02-02,0.0,False,False,2025-07-21T00:00:00+00:00,valid,"{""expected_uncensored"": 2.5137, ""family"": ""intermittent"", ""generator"": ""synthetic-1.0"", ""seed"": 42, ""shock_multiplier"": 1.0}"
f3d6ec0f8fe3b741985607be,sample-v1,SKU-0003,CHI,2025-02-03,10.0,False,False,2025-07-21T00:00:00+00:00,valid,"{""expected_uncensored"": 2.774, ""family"": ""intermittent"", ""generator"": ""synthetic-1.0"", ""seed"": 42, ""shock_multiplier"": 1.0}"
7bed4c72204a2090f5ce57de,sample-v1,SKU-0003,CHI,2025-02-04,0.0,False,False,2025-07-21T00:00:00+00:00,valid,"{""expected_uncensored"": 3.0343, ""family"": ""intermittent"", ""generator"": ""synthetic-1.0"", ""seed"": 42, ""shock_multiplier"": 1.0}"
05840663693d726ae6d16a51,sample-v1,SKU-0003,CHI,2025-02-05,0.0,False,False,2025-07-21T00:00:00+00:00,valid,"{""expected_uncensored"": 3.0985, ""family"": ""intermittent"", ""generator"": ""synthetic-1.0"", ""seed"": 42, ""shock_multiplier"": 1.0}"
ddccc1aa84032a87b647d98f,sample-v1,SKU-0003,CHI,2025-02-06,15.0,False,False,2025-07-21T00:00:00+00:00,valid,"{""expected_uncensored"": 2.9184, ""family"": ""intermittent"", ""generator"": ""synthetic-1.0"", ""seed"": 42, ""shock_multiplier"": 1.0}"
683703960023149957d19a3c,sample-v1,SKU-0003,CHI,2025-02-07,0.0,False,False,2025-07-21T00:00:00+00:00,valid,"{""expected_uncensored"": 2.6296, ""family"": ""intermittent"", ""generator"": ""synthetic-1.0"", ""seed"": 42, ""shock_multiplier"": 1.0}"
198742ef0d6a5644341a36bd,sample-v1,SKU-0003,CHI,2025-02-08,0.0,False,False,2025-07-21T00:00:00+00:00,valid,"{""expected_uncensored"": 2.4495, ""family"": ""intermittent"", ""generator"": ""synthetic-1.0"", ""seed"": 42, ""shock_multiplier"": 1.0}"
bfc6e0b36c9431fcc6424eec,sample-v1,SKU-0003,CHI,2025-02-09,0.0,False,False,2025-07-21T00:00:00+00:00,valid,"{""expected_uncensored"": 2.5137, ""family"": ""intermittent"", ""generator"": ""synthetic-1.0"", ""seed"": 42, ""shock_multiplier"": 1.0}"
835cb446fd3af93716cc2222,sample-v1,SKU-0003,CHI,2025-02-10,0.0,False,False,2025-07-21T00:00:00+00:00,valid,"{""expected_uncensored"": 2.774, ""family"": ""intermittent"", ""generator"": ""synthetic-1.0"", ""seed"": 42, ""shock_multiplier"": 1.0}"
d1deb919cba7561481ba8a31,sample-v1,SKU-0003,CHI,2025-02-11,0.0,False,False,2025-07-21T00:00:00+00:00,valid,"{""expected_uncensored"": 3.0343, ""family"": ""intermittent"", ""generator"": ""synthetic-1.0"", ""seed"": 42, ""shock_multiplier"": 1.0}"
a3108badb945e2cb02ac4b6d,sample-v1,SKU-0003,CHI,2025-02-12,13.0,False,False,2025-07-21T00:00:00+00:00,valid,"{""expected_uncensored"": 3.0985, ""family"": ""intermittent"", ""generator"": ""synthetic-1.0"", ""seed"": 42, ""shock_multiplier"": 1.0}"
a613ff29b01cc1a760a9c0ef,sample-v1,SKU-0003,CHI,2025-02-13,0.0,False,False,2025-07-21T00:00:00+00:00,valid,"{""expected_uncensored"": 2.9184, ""family"": ""intermittent"", ""generator"": ""synthetic-1.0"", ""seed"": 42, ""shock_multiplier"": 1.0}"
89f9f78ffc9cf9bc612ad5b9,sample-v1,SKU-0003,CHI,2025-02-14,0.0,False,False,2025-07-21T00:00:00+00:00,valid,"{""expected_uncensored"": 2.6296, ""family"": ""intermittent"", ""generator"": ""synthetic-1.0"", ""seed"": 42, ""shock_multiplier"": 1.0}"
f5d77151518bb32e955ebcaf,sample-v1,SKU-0003,CHI,2025-02-15,0.0,False,False,2025-07-21T00:00:00+00:00,valid,"{""expected_uncensored"": 2.4495, ""family"": ""intermittent"", ""generator"": ""synthetic-1.0"", ""seed"": 42, ""shock_multiplier"": 1.0}"
e3ea84906985003eb4e5a608,sample-v1,SKU-0003,CHI,2025-02-16,0.0,False,False,2025-07-21T00:00:00+00:00,valid,"{""expected_uncensored"": 2.5137, ""family"": ""intermittent"", ""generator"": ""synthetic-1.0"", ""seed"": 42, ""shock_multiplier"": 1.0}"
d39730caec0f331498db718c,sample-v1,SKU-0003,CHI,2025-02-17,0.0,False,False,2025-07-21T00:00:00+00:00,valid,"{""expected_uncensored"": 2.774, ""family"": ""intermittent"", ""generator"": ""synthetic-1.0"", ""seed"": 42, ""shock_multiplier"": 1.0}"
cd75568c54b2f7e9212143df,sample-v1,SKU-0003,CHI,2025-02-18,17.0,False,False,2025-07-21T00:00:00+00:00,valid,"{""expected_uncensored"": 3.0343, ""family"": ""intermittent"", ""generator"": ""synthetic-1.0"", ""seed"": 42, ""shock_multiplier"": 1.0}"
d383548a0ee855832c5eb13d,sample-v1,SKU-0003,CHI,2025-02-19,0.0,False,False,2025-07-21T00:00:00+00:00,valid,"{""expected_uncensored"": 3.0985, ""family"": ""intermittent"", ""generator"": ""synthetic-1.0"", ""seed"": 42, ""shock_multiplier"": 1.0}"
00e3b7fff59038d820c96a1c,sample-v1,SKU-0003,CHI,2025-02-20,0.0,False,False,2025-07-21T00:00:00+00:00,valid,"{""expected_uncensored"": 2.9184, ""family"": ""intermittent"", ""generator"": ""synthetic-1.0"", ""seed"": 42, ""shock_multiplier"": 1.0}"
9458aeb1b2321bbb9c87152c,sample-v1,SKU-0003,CHI,2025-02-21,0.0,False,False,2025-07-21T00:00:00+00:00,valid,"{""expected_uncensored"": 2.6296, ""family"": ""intermittent"", ""generator"": ""synthetic-1.0"", ""seed"": 42, ""shock_multiplier"": 1.0}"
c0478f09b049717474e32851,sample-v1,SKU-0003,CHI,2025-02-22,0.0,False,False,2025-07-21T00:00:00+00:00,valid,"{""expected_uncensored"": 2.4495, ""family"": ""intermittent"", ""generator"": ""synthetic-1.0"", ""seed"": 42, ""shock_multiplier"": 1.0}"
7eb69d9c7eedf945b852ca81,sample-v1,SKU-0003,CHI,2025-02-23,10.0,False,False,2025-07-21T00:00:00+00:00,valid,"{""expected_uncensored"": 2.5137, ""family"": ""intermittent"", ""generator"": ""synthetic-1.0"", ""seed"": 42, ""shock_multiplier"": 1.0}"
b6cd004dfaa0edba819e5a51,sample-v1,SKU-0003,CHI,2025-02-24,0.0,False,False,2025-07-21T00:00:00+00:00,valid,"{""expected_uncensored"": 2.774, ""family"": ""intermittent"", ""generator"": ""synthetic-1.0"", ""seed"": 42, ""shock_multiplier"": 1.0}"
00d8a59b97db975f8a27d0b6,sample-v1,SKU-0003,CHI,2025-02-25,0.0,False,False,2025-07-21T00:00:00+00:00,valid,"{""expected_uncensored"": 3.0343, ""family"": ""intermittent"", ""generator"": ""synthetic-1.0"", ""seed"": 42, ""shock_multiplier"": 1.0}"
14916d42f8758ca08584f28d,sample-v1,SKU-0003,CHI,2025-02-26,0.0,False,False,2025-07-21T00:00:00+00:00,valid,"{""expected_uncensored"": 3.0985, ""family"": ""intermittent"", ""generator"": ""synthetic-1.0"", ""seed"": 42, ""shock_multiplier"": 1.0}"
9cf323487b7a706d8e8468b0,sample-v1,SKU-0003,CHI,2025-02-27,0.0,False,False,2025-07-21T00:00:00+00:00,valid,"{""expected_uncensored"": 2.9184, ""family"": ""intermittent"", ""generator"": ""synthetic-1.0"", ""seed"": 42, ""shock_multiplier"": 1.0}"
461421a63d94e76dc34d3584,sample-v1,SKU-0003,CHI,2025-02-28,0.0,False,False,2025-07-21T00:00:00+00:00,valid,"{""expected_uncensored"": 2.6296, ""family"": ""intermittent"", ""generator"": ""synthetic-1.0"", ""seed"": 42, ""shock_multiplier"": 1.0}"
e14439513db2f41dff9e1e59,sample-v1,SKU-0003,CHI,2025-03-01,0.0,False,False,2025-07-21T00:00:00+00:00,valid,"{""expected_uncensored"": 2.4495, ""family"": ""intermittent"", ""generator"": ""synthetic-1.0"", ""seed"": 42, ""shock_multiplier"": 1.0}"
009a466404138f9d0f947158,sample-v1,SKU-0003,CHI,2025-03-02,0.0,False,False,2025-07-21T00:00:00+00:00,valid,"{""expected_uncensored"": 2.5137, ""family"": ""intermittent"", ""generator"": ""synthetic-1.0"", ""seed"": 42, ""shock_multiplier"": 1.0}"
484efbd6056319612a87ab62,sample-v1,SKU-0003,CHI,2025-03-03,0.0,False,False,2025-07-21T00:00:00+00:00,valid,"{""expected_uncensored"": 2.774, ""family"": ""intermittent"", ""generator"": ""synthetic-1.0"", ""seed"": 42, ""shock_multiplier"": 1.0}"
7bc01050c2f5fe188ca75a27,sample-v1,SKU-0003,CHI,2025-03-04,0.0,False,False,2025-07-21T00:00:00+00:00,valid,"{""expected_uncensored"": 3.0343, ""family"": ""intermittent"", ""generator"": ""synthetic-1.0"", ""seed"": 42, ""shock_multiplier"": 1.0}"
d522ee06cb6be9d0226489e8,sample-v1,SKU-0003,CHI,2025-03-05,21.0,False,False,2025-07-21T00:00:00+00:00,valid,"{""expected_uncensored"": 3.0985, ""family"": ""intermittent"", ""generator"": ""synthetic-1.0"", ""seed"": 42, ""shock_multiplier"": 1.0}"
c5f190bb55296061e0a594c3,sample-v1,SKU-0003,CHI,2025-03-06,6.0,False,False,2025-07-21T00:00:00+00:00,valid,"{""expected_uncensored"": 2.9184, ""family"": ""intermittent"", ""generator"": ""synthetic-1.0"", ""seed"": 42, ""shock_multiplier"": 1.0}"
a41394e1e76d50aaea217d2e,sample-v1,SKU-0003,CHI,2025-03-07,0.0,False,False,2025-07-21T00:00:00+00:00,valid,"{""expected_uncensored"": 2.6296, ""family"": ""intermittent"", ""generator"": ""synthetic-1.0"", ""seed"": 42, ""shock_multiplier"": 1.0}"
787cb3b512a2e18d35407610,sample-v1,SKU-0003,CHI,2025-03-08,0.0,False,False,2025-07-21T00:00:00+00:00,valid,"{""expected_uncensored"": 2.4495, ""family"": ""intermittent"", ""generator"": ""synthetic-1.0"", ""seed"": 42, ""shock_multiplier"": 1.0}"
e3be2d6050eea9c6f277931d,sample-v1,SKU-0003,CHI,2025-03-09,0.0,False,False,2025-07-21T00:00:00+00:00,valid,"{""expected_uncensored"": 2.5137, ""family"": ""intermittent"", ""generator"": ""synthetic-1.0"", ""seed"": 42, ""shock_multiplier"": 1.0}"
2cc15d84b5a1ca3bcb490c3a,sample-v1,SKU-0003,CHI,2025-03-10,0.0,False,False,2025-07-21T00:00:00+00:00,valid,"{""expected_uncensored"": 2.774, ""family"": ""intermittent"", ""generator"": ""synthetic-1.0"", ""seed"": 42, ""shock_multiplier"": 1.0}"
3aa7e797d3a3ced687657da4,sample-v1,SKU-0003,CHI,2025-03-11,0.0,True,False,2025-07-21T00:00:00+00:00,valid,"{""expected_uncensored"": 5.0065, ""family"": ""intermittent"", ""generator"": ""synthetic-1.0"", ""seed"": 42, ""shock_multiplier"": 1.0}"
5989ca7db85e39e965a191a5,sample-v1,SKU-0003,CHI,2025-03-12,33.0,True,False,2025-07-21T00:00:00+00:00,valid,"{""expected_uncensored"": 5.1126, ""family"": ""intermittent"", ""generator"": ""synthetic-1.0"", ""seed"": 42, ""shock_multiplier"": 1.0}"
969b21dad5b1165a6a3a5f70,sample-v1,SKU-0003,CHI,2025-03-13,0.0,True,False,2025-07-21T00:00:00+00:00,valid,"{""expected_uncensored"": 4.8154, ""family"": ""intermittent"", ""generator"": ""synthetic-1.0"", ""seed"": 42, ""shock_multiplier"": 1.0}"
994094cb65bb67306ea7b77e,sample-v1,SKU-0003,CHI,2025-03-14,0.0,True,False,2025-07-21T00:00:00+00:00,valid,"{""expected_uncensored"": 4.3388, ""family"": ""intermittent"", ""generator"": ""synthetic-1.0"", ""seed"": 42, ""shock_multiplier"": 1.0}"
551201328df4145d84721d9d,sample-v1,SKU-0003,CHI,2025-03-15,0.0,True,False,2025-07-21T00:00:00+00:00,valid,"{""expected_uncensored"": 4.0416, ""family"": ""intermittent"", ""generator"": ""synthetic-1.0"", ""seed"": 42, ""shock_multiplier"": 1.0}"
22a6fa52afad89a7dfda38b9,sample-v1,SKU-0003,CHI,2025-03-16,0.0,True,False,2025-07-21T00:00:00+00:00,valid,"{""expected_uncensored"": 4.1477, ""family"": ""intermittent"", ""generator"": ""synthetic-1.0"", ""seed"": 42, ""shock_multiplier"": 1.0}"
b9a7cdf6d7593cfab7707d4b,sample-v1,SKU-0003,CHI,2025-03-17,0.0,True,False,2025-07-21T00:00:00+00:00,valid,"{""expected_uncensored"": 4.5771, ""family"": ""intermittent"", ""generator"": ""synthetic-1.0"", ""seed"": 42, ""shock_multiplier"": 1.0}"
a686e6a08d43a9b2a9d70442,sample-v1,SKU-0003,CHI,2025-03-18,0.0,False,False,2025-07-21T00:00:00+00:00,valid,"{""expected_uncensored"": 3.0343, ""family"": ""intermittent"", ""generator"": ""synthetic-1.0"", ""seed"": 42, ""shock_multiplier"": 1.0}"
628a80da9476b88bc97f7203,sample-v1,SKU-0003,CHI,2025-03-19,15.0,False,False,2025-07-21T00:00:00+00:00,valid,"{""expected_uncensored"": 3.0985, ""family"": ""intermittent"", ""generator"": ""synthetic-1.0"", ""seed"": 42, ""shock_multiplier"": 1.0}"
cbf7236cf6670decb91deeac,sample-v1,SKU-0003,CHI,2025-03-20,0.0,False,False,2025-07-21T00:00:00+00:00,valid,"{""expected_uncensored"": 2.9184, ""family"": ""intermittent"", ""generator"": ""synthetic-1.0"", ""seed"": 42, ""shock_multiplier"": 1.0}"
fa2422622ee3f37a6b1e1238,sample-v1,SKU-0003,CHI,2025-03-21,0.0,False,False,2025-07-21T00:00:00+00:00,valid,"{""expected_uncensored"": 2.6296, ""family"": ""intermittent"", ""generator"": ""synthetic-1.0"", ""seed"": 42, ""shock_multiplier"": 1.0}"
7cc56f8e0919c0e2e71e5b62,sample-v1,SKU-0003,CHI,2025-03-22,0.0,False,False,2025-07-21T00:00:00+00:00,valid,"{""expected_uncensored"": 2.4495, ""family"": ""intermittent"", ""generator"": ""synthetic-1.0"", ""seed"": 42, ""shock_multiplier"": 1.0}"
61a11c5cd59c924bd86bb7bc,sample-v1,SKU-0003,CHI,2025-03-23,0.0,False,False,2025-07-21T00:00:00+00:00,valid,"{""expected_uncensored"": 2.5137, ""family"": ""intermittent"", ""generator"": ""synthetic-1.0"", ""seed"": 42, ""shock_multiplier"": 1.0}"
6ed38c64fd2afced7752d184,sample-v1,SKU-0003,CHI,2025-03-24,0.0,False,False,2025-07-21T00:00:00+00:00,valid,"{""expected_uncensored"": 2.774, ""family"": ""intermittent"", ""generator"": ""synthetic-1.0"", ""seed"": 42, ""shock_multiplier"": 1.0}"
0111558f0ffe40eb703aa4b6,sample-v1,SKU-0003,CHI,2025-03-25,0.0,False,False,2025-07-21T00:00:00+00:00,valid,"{""expected_uncensored"": 3.0343, ""family"": ""intermittent"", ""generator"": ""synthetic-1.0"", ""seed"": 42, ""shock_multiplier"": 1.0}"
3a887c0326939092d1e7f48e,sample-v1,SKU-0003,CHI,2025-03-26,0.0,False,False,2025-07-21T00:00:00+00:00,valid,"{""expected_uncensored"": 3.0985, ""family"": ""intermittent"", ""generator"": ""synthetic-1.0"", ""seed"": 42, ""shock_multiplier"": 1.0}"
53a7ca83401f17a912b695d6,sample-v1,SKU-0003,CHI,2025-03-27,0.0,False,False,2025-07-21T00:00:00+00:00,valid,"{""expected_uncensored"": 2.9184, ""family"": ""intermittent"", ""generator"": ""synthetic-1.0"", ""seed"": 42, ""shock_multiplier"": 1.0}"
3785a8da640de913630693fc,sample-v1,SKU-0003,CHI,2025-03-28,0.0,False,False,2025-07-21T00:00:00+00:00,valid,"{""expected_uncensored"": 2.6296, ""family"": ""intermittent"", ""generator"": ""synthetic-1.0"", ""seed"": 42, ""shock_multiplier"": 1.0}"
3480866b7dd34c3bfaed0836,sample-v1,SKU-0003,CHI,2025-03-29,0.0,False,False,2025-07-21T00:00:00+00:00,valid,"{""expected_uncensored"": 2.4495, ""family"": ""intermittent"", ""generator"": ""synthetic-1.0"", ""seed"": 42, ""shock_multiplier"": 1.0}"
d00f48ca9e210311e23da6a4,sample-v1,SKU-0003,CHI,2025-03-30,0.0,False,False,2025-07-21T00:00:00+00:00,valid,"{""expected_uncensored"": 2.5137, ""family"": ""intermittent"", ""generator"": ""synthetic-1.0"", ""seed"": 42, ""shock_multiplier"": 1.0}"
f23a9e3be05b192444cb3f8f,sample-v1,SKU-0003,CHI,2025-03-31,0.0,False,False,2025-07-21T00:00:00+00:00,valid,"{""expected_uncensored"": 2.774, ""family"": ""intermittent"", ""generator"": ""synthetic-1.0"", ""seed"": 42, ""shock_multiplier"": 1.0}"
83b3e27b74bcbfdd6120d2e5,sample-v1,SKU-0003,CHI,2025-04-01,12.0,False,False,2025-07-21T00:00:00+00:00,valid,"{""expected_uncensored"": 3.0343, ""family"": ""intermittent"", ""generator"": ""synthetic-1.0"", ""seed"": 42, ""shock_multiplier"": 1.0}"
298c4a781b2560498dcbec42,sample-v1,SKU-0003,CHI,2025-04-02,0.0,False,False,2025-07-21T00:00:00+00:00,valid,"{""expected_uncensored"": 3.0985, ""family"": ""intermittent"", ""generator"": ""synthetic-1.0"", ""seed"": 42, ""shock_multiplier"": 1.0}"
068a5efc7c2908fd95a877a0,sample-v1,SKU-0003,CHI,2025-04-03,0.0,False,False,2025-07-21T00:00:00+00:00,valid,"{""expected_uncensored"": 2.9184, ""family"": ""intermittent"", ""generator"": ""synthetic-1.0"", ""seed"": 42, ""shock_multiplier"": 1.0}"
c8a8f835f5a4a96cdb719f6b,sample-v1,SKU-0003,CHI,2025-04-04,0.0,False,False,2025-07-21T00:00:00+00:00,valid,"{""expected_uncensored"": 2.6296, ""family"": ""intermittent"", ""generator"": ""synthetic-1.0"", ""seed"": 42, ""shock_multiplier"": 1.0}"
6458f18b80ada663fc6216d4,sample-v1,SKU-0003,CHI,2025-04-05,0.0,False,False,2025-07-21T00:00:00+00:00,valid,"{""expected_uncensored"": 2.4495, ""family"": ""intermittent"", ""generator"": ""synthetic-1.0"", ""seed"": 42, ""shock_multiplier"": 1.0}"
bd807f643f058846d926e222,sample-v1,SKU-0003,CHI,2025-04-06,9.0,False,False,2025-07-21T00:00:00+00:00,valid,"{""expected_uncensored"": 2.5137, ""family"": ""intermittent"", ""generator"": ""synthetic-1.0"", ""seed"": 42, ""shock_multiplier"": 1.0}"
4189d879dca4cf9b5b90b720,sample-v1,SKU-0003,CHI,2025-04-07,0.0,False,False,2025-07-21T00:00:00+00:00,valid,"{""expected_uncensored"": 2.774, ""family"": ""intermittent"", ""generator"": ""synthetic-1.0"", ""seed"": 42, ""shock_multiplier"": 1.0}"
cc42d5750c38a4e45d95983b,sample-v1,SKU-0003,CHI,2025-04-08,18.0,False,False,2025-07-21T00:00:00+00:00,valid,"{""expected_uncensored"": 3.0343, ""family"": ""intermittent"", ""generator"": ""synthetic-1.0"", ""seed"": 42, ""shock_multiplier"": 1.0}"
e0f392c3942c48cf965fb96b,sample-v1,SKU-0003,CHI,2025-04-09,21.0,False,False,2025-07-21T00:00:00+00:00,valid,"{""expected_uncensored"": 3.0985, ""family"": ""intermittent"", ""generator"": ""synthetic-1.0"", ""seed"": 42, ""shock_multiplier"": 1.0}"
7c1587e7f261220a2086f6e0,sample-v1,SKU-0003,CHI,2025-04-10,0.0,False,False,2025-07-21T00:00:00+00:00,valid,"{""expected_uncensored"": 2.9184, ""family"": ""intermittent"", ""generator"": ""synthetic-1.0"", ""seed"": 42, ""shock_multiplier"": 1.0}"
9478a3e36f7e12dfbe9efc5e,sample-v1,SKU-0003,CHI,2025-04-11,0.0,False,False,2025-07-21T00:00:00+00:00,valid,"{""expected_uncensored"": 2.6296, ""family"": ""intermittent"", ""generator"": ""synthetic-1.0"", ""seed"": 42, ""shock_multiplier"": 1.0}"
39b8e96d5a6ff9aab241f547,sample-v1,SKU-0003,CHI,2025-04-12,0.0,False,False,2025-07-21T00:00:00+00:00,valid,"{""expected_uncensored"": 2.4495, ""family"": ""intermittent"", ""generator"": ""synthetic-1.0"", ""seed"": 42, ""shock_multiplier"": 1.0}"
dd5d622eabc8d433ed72f569,sample-v1,SKU-0003,CHI,2025-04-13,0.0,False,False,2025-07-21T00:00:00+00:00,valid,"{""expected_uncensored"": 2.5137, ""family"": ""intermittent"", ""generator"": ""synthetic-1.0"", ""seed"": 42, ""shock_multiplier"": 1.0}"
1ec84d850a03b12044dd2f73,sample-v1,SKU-0003,CHI,2025-04-14,0.0,False,False,2025-07-21T00:00:00+00:00,valid,"{""expected_uncensored"": 2.774, ""family"": ""intermittent"", ""generator"": ""synthetic-1.0"", ""seed"": 42, ""shock_multiplier"": 1.0}"
e61a1bc7a9863cb8f6b4077a,sample-v1,SKU-0003,CHI,2025-04-15,0.0,False,False,2025-07-21T00:00:00+00:00,valid,"{""expected_uncensored"": 3.0343, ""family"": ""intermittent"", ""generator"": ""synthetic-1.0"", ""seed"": 42, ""shock_multiplier"": 1.0}"
ec97fb0ffc5233c35e27a64e,sample-v1,SKU-0003,CHI,2025-04-16,0.0,False,False,2025-07-21T00:00:00+00:00,valid,"{""expected_uncensored"": 3.0985, ""family"": ""intermittent"", ""generator"": ""synthetic-1.0"", ""seed"": 42, ""shock_multiplier"": 1.0}"
b59827c3fbd5f2039beb6041,sample-v1,SKU-0003,CHI,2025-04-17,0.0,False,False,2025-07-21T00:00:00+00:00,valid,"{""expected_uncensored"": 2.9184, ""family"": ""intermittent"", ""generator"": ""synthetic-1.0"", ""seed"": 42, ""shock_multiplier"": 1.0}"
066211763daed5da6434eede,sample-v1,SKU-0003,CHI,2025-04-18,0.0,False,False,2025-07-21T00:00:00+00:00,valid,"{""expected_uncensored"": 2.6296, ""family"": ""intermittent"", ""generator"": ""synthetic-1.0"", ""seed"": 42, ""shock_multiplier"": 1.0}"
9115ce00db6836b4c30edf1f,sample-v1,SKU-0003,CHI,2025-04-19,0.0,False,False,2025-07-21T00:00:00+00:00,valid,"{""expected_uncensored"": 2.4495, ""family"": ""intermittent"", ""generator"": ""synthetic-1.0"", ""seed"": 42, ""shock_multiplier"": 1.0}"
450aab90fac2f86b8f4e1b9d,sample-v1,SKU-0003,CHI,2025-04-20,16.0,False,False,2025-07-21T00:00:00+00:00,valid,"{""expected_uncensored"": 2.5137, ""family"": ""intermittent"", ""generator"": ""synthetic-1.0"", ""seed"": 42, ""shock_multiplier"": 1.0}"
83c5cc220bd11274534996da,sample-v1,SKU-0003,CHI,2025-04-21,14.0,False,False,2025-07-21T00:00:00+00:00,valid,"{""expected_uncensored"": 2.774, ""family"": ""intermittent"", ""generator"": ""synthetic-1.0"", ""seed"": 42, ""shock_multiplier"": 1.0}"
55c37038760473068dc3e977,sample-v1,SKU-0003,CHI,2025-04-22,0.0,False,False,2025-07-21T00:00:00+00:00,valid,"{""expected_uncensored"": 3.0343, ""family"": ""intermittent"", ""generator"": ""synthetic-1.0"", ""seed"": 42, ""shock_multiplier"": 1.0}"
0c8df81e38d8d9229c3c3f26,sample-v1,SKU-0003,CHI,2025-04-23,0.0,False,False,2025-07-21T00:00:00+00:00,valid,"{""expected_uncensored"": 3.0985, ""family"": ""intermittent"", ""generator"": ""synthetic-1.0"", ""seed"": 42, ""shock_multiplier"": 1.0}"
8d888027b79d164857accf87,sample-v1,SKU-0003,CHI,2025-04-24,14.0,False,False,2025-07-21T00:00:00+00:00,valid,"{""expected_uncensored"": 2.9184, ""family"": ""intermittent"", ""generator"": ""synthetic-1.0"", ""seed"": 42, ""shock_multiplier"": 1.0}"
3fb805c31a0c9efe05ac65ac,sample-v1,SKU-0003,CHI,2025-04-25,0.0,False,False,2025-07-21T00:00:00+00:00,valid,"{""expected_uncensored"": 2.6296, ""family"": ""intermittent"", ""generator"": ""synthetic-1.0"", ""seed"": 42, ""shock_multiplier"": 1.0}"
cb6b2f0cb0e6af6b9c9daa0c,sample-v1,SKU-0003,CHI,2025-04-26,0.0,False,False,2025-07-21T00:00:00+00:00,valid,"{""expected_uncensored"": 2.4495, ""family"": ""intermittent"", ""generator"": ""synthetic-1.0"", ""seed"": 42, ""shock_multiplier"": 1.0}"
5eead72e00326ab409fc747f,sample-v1,SKU-0003,CHI,2025-04-27,0.0,False,False,2025-07-21T00:00:00+00:00,valid,"{""expected_uncensored"": 2.5137, ""family"": ""intermittent"", ""generator"": ""synthetic-1.0"", ""seed"": 42, ""shock_multiplier"": 1.0}"
89161b31bb8862ea638823e9,sample-v1,SKU-0003,CHI,2025-04-28,0.0,False,False,2025-07-21T00:00:00+00:00,valid,"{""expected_uncensored"": 2.774, ""family"": ""intermittent"", ""generator"": ""synthetic-1.0"", ""seed"": 42, ""shock_multiplier"": 1.0}"
da129d45e078b53fef3be8e9,sample-v1,SKU-0003,CHI,2025-04-29,0.0,False,False,2025-07-21T00:00:00+00:00,valid,"{""expected_uncensored"": 3.0343, ""family"": ""intermittent"", ""generator"": ""synthetic-1.0"", ""seed"": 42, ""shock_multiplier"": 1.0}"
783a8b8d0f9e2d68490074bf,sample-v1,SKU-0003,CHI,2025-04-30,0.0,False,False,2025-07-21T00:00:00+00:00,valid,"{""expected_uncensored"": 3.0985, ""family"": ""intermittent"", ""generator"": ""synthetic-1.0"", ""seed"": 42, ""shock_multiplier"": 1.0}"
2e2f9b0fc9ab6334f59cd257,sample-v1,SKU-0003,CHI,2025-05-01,0.0,False,False,2025-07-21T00:00:00+00:00,valid,"{""expected_uncensored"": 2.9184, ""family"": ""intermittent"", ""generator"": ""synthetic-1.0"", ""seed"": 42, ""shock_multiplier"": 1.0}"
43cc70900d839a80ddd57527,sample-v1,SKU-0003,CHI,2025-05-02,0.0,False,False,2025-07-21T00:00:00+00:00,valid,"{""expected_uncensored"": 2.6296, ""family"": ""intermittent"", ""generator"": ""synthetic-1.0"", ""seed"": 42, ""shock_multiplier"": 1.0}"
fec949de2efe5a4373ca5085,sample-v1,SKU-0003,CHI,2025-05-03,0.0,False,False,2025-07-21T00:00:00+00:00,valid,"{""expected_uncensored"": 2.4495, ""family"": ""intermittent"", ""generator"": ""synthetic-1.0"", ""seed"": 42, ""shock_multiplier"": 1.0}"
d894714b5d950ca324a66bba,sample-v1,SKU-0003,CHI,2025-05-04,0.0,False,False,2025-07-21T00:00:00+00:00,valid,"{""expected_uncensored"": 2.5137, ""family"": ""intermittent"", ""generator"": ""synthetic-1.0"", ""seed"": 42, ""shock_multiplier"": 1.0}"
3cfb76e4fc68e3d2d61e3697,sample-v1,SKU-0003,CHI,2025-05-05,0.0,False,False,2025-07-21T00:00:00+00:00,valid,"{""expected_uncensored"": 2.774, ""family"": ""intermittent"", ""generator"": ""synthetic-1.0"", ""seed"": 42, ""shock_multiplier"": 1.0}"
1807d7c6b30efd960be60d24,sample-v1,SKU-0003,CHI,2025-05-06,0.0,False,False,2025-07-21T00:00:00+00:00,valid,"{""expected_uncensored"": 3.0343, ""family"": ""intermittent"", ""generator"": ""synthetic-1.0"", ""seed"": 42, ""shock_multiplier"": 1.0}"
e1ba6fb6a77abab6602723a3,sample-v1,SKU-0003,CHI,2025-05-07,0.0,False,False,2025-07-21T00:00:00+00:00,valid,"{""expected_uncensored"": 3.0985, ""family"": ""intermittent"", ""generator"": ""synthetic-1.0"", ""seed"": 42, ""shock_multiplier"": 1.0}"
1999da4bf24312a779eeeac7,sample-v1,SKU-0003,CHI,2025-05-08,20.0,False,False,2025-07-21T00:00:00+00:00,valid,"{""expected_uncensored"": 2.9184, ""family"": ""intermittent"", ""generator"": ""synthetic-1.0"", ""seed"": 42, ""shock_multiplier"": 1.0}"
84aa0bb652e453334e942aef,sample-v1,SKU-0003,CHI,2025-05-09,0.0,False,False,2025-07-21T00:00:00+00:00,valid,"{""expected_uncensored"": 2.6296, ""family"": ""intermittent"", ""generator"": ""synthetic-1.0"", ""seed"": 42, ""shock_multiplier"": 1.0}"
1d6b4bc7542634aa4364a3e7,sample-v1,SKU-0003,CHI,2025-05-10,0.0,False,False,2025-07-21T00:00:00+00:00,valid,"{""expected_uncensored"": 2.4495, ""family"": ""intermittent"", ""generator"": ""synthetic-1.0"", ""seed"": 42, ""shock_multiplier"": 1.0}"
c64a3a7a2d2e61fd8315adbf,sample-v1,SKU-0003,CHI,2025-05-11,0.0,False,False,2025-07-21T00:00:00+00:00,valid,"{""expected_uncensored"": 2.5137, ""family"": ""intermittent"", ""generator"": ""synthetic-1.0"", ""seed"": 42, ""shock_multiplier"": 1.0}"
61580267336c90bd87810af7,sample-v1,SKU-0003,CHI,2025-05-12,15.0,False,False,2025-07-21T00:00:00+00:00,valid,"{""expected_uncensored"": 2.774, ""family"": ""intermittent"", ""generator"": ""synthetic-1.0"", ""seed"": 42, ""shock_multiplier"": 1.0}"
2e9d5b314085f51a853960f5,sample-v1,SKU-0003,CHI,2025-05-13,0.0,True,False,2025-07-21T00:00:00+00:00,valid,"{""expected_uncensored"": 5.0065, ""family"": ""intermittent"", ""generator"": ""synthetic-1.0"", ""seed"": 42, ""shock_multiplier"": 1.0}"
d4f41e287a325c766b018531,sample-v1,SKU-0003,CHI,2025-05-14,0.0,True,False,2025-07-21T00:00:00+00:00,valid,"{""expected_uncensored"": 5.1126, ""family"": ""intermittent"", ""generator"": ""synthetic-1.0"", ""seed"": 42, ""shock_multiplier"": 1.0}"
1806db54e22c247a1d12bb2d,sample-v1,SKU-0003,CHI,2025-05-15,0.0,True,False,2025-07-21T00:00:00+00:00,valid,"{""expected_uncensored"": 4.8154, ""family"": ""intermittent"", ""generator"": ""synthetic-1.0"", ""seed"": 42, ""shock_multiplier"": 1.0}"
8168d932b1098538fbcf76b5,sample-v1,SKU-0003,CHI,2025-05-16,0.0,True,False,2025-07-21T00:00:00+00:00,valid,"{""expected_uncensored"": 4.3388, ""family"": ""intermittent"", ""generator"": ""synthetic-1.0"", ""seed"": 42, ""shock_multiplier"": 1.0}"
67dd9e613da8a02cc765ad81,sample-v1,SKU-0003,CHI,2025-05-17,16.0,True,False,2025-07-21T00:00:00+00:00,valid,"{""expected_uncensored"": 4.0416, ""family"": ""intermittent"", ""generator"": ""synthetic-1.0"", ""seed"": 42, ""shock_multiplier"": 1.0}"
16468abbb6e8c0d7487ed3b1,sample-v1,SKU-0003,CHI,2025-05-18,27.0,True,False,2025-07-21T00:00:00+00:00,valid,"{""expected_uncensored"": 4.1477, ""family"": ""intermittent"", ""generator"": ""synthetic-1.0"", ""seed"": 42, ""shock_multiplier"": 1.0}"
ee865fc1161b1864661ba6c4,sample-v1,SKU-0003,CHI,2025-05-19,28.0,True,False,2025-07-21T00:00:00+00:00,valid,"{""expected_uncensored"": 4.5771, ""family"": ""intermittent"", ""generator"": ""synthetic-1.0"", ""seed"": 42, ""shock_multiplier"": 1.0}"
ef5034a581647e4129dcf316,sample-v1,SKU-0003,CHI,2025-05-20,0.0,False,False,2025-07-21T00:00:00+00:00,valid,"{""expected_uncensored"": 3.0343, ""family"": ""intermittent"", ""generator"": ""synthetic-1.0"", ""seed"": 42, ""shock_multiplier"": 1.0}"
027c124d5b1cc82ce452a6c8,sample-v1,SKU-0003,CHI,2025-05-21,0.0,False,False,2025-07-21T00:00:00+00:00,valid,"{""expected_uncensored"": 3.0985, ""family"": ""intermittent"", ""generator"": ""synthetic-1.0"", ""seed"": 42, ""shock_multiplier"": 1.0}"
97d11b3941b1860d7f25a50d,sample-v1,SKU-0003,CHI,2025-05-22,0.0,False,False,2025-07-21T00:00:00+00:00,valid,"{""expected_uncensored"": 2.9184, ""family"": ""intermittent"", ""generator"": ""synthetic-1.0"", ""seed"": 42, ""shock_multiplier"": 1.0}"
9d5cfd99ee3005f0f287e5e7,sample-v1,SKU-0003,CHI,2025-05-23,12.0,False,False,2025-07-21T00:00:00+00:00,valid,"{""expected_uncensored"": 2.6296, ""family"": ""intermittent"", ""generator"": ""synthetic-1.0"", ""seed"": 42, ""shock_multiplier"": 1.0}"
4f4c6f141301516d6255a26e,sample-v1,SKU-0003,CHI,2025-05-24,0.0,False,False,2025-07-21T00:00:00+00:00,valid,"{""expected_uncensored"": 2.4495, ""family"": ""intermittent"", ""generator"": ""synthetic-1.0"", ""seed"": 42, ""shock_multiplier"": 1.0}"
ec63a911b4049283cb1a1645,sample-v1,SKU-0003,CHI,2025-05-25,0.0,False,False,2025-07-21T00:00:00+00:00,valid,"{""expected_uncensored"": 2.5137, ""family"": ""intermittent"", ""generator"": ""synthetic-1.0"", ""seed"": 42, ""shock_multiplier"": 1.0}"
0bb14e183d6b27e70512692c,sample-v1,SKU-0003,CHI,2025-05-26,0.0,False,False,2025-07-21T00:00:00+00:00,valid,"{""expected_uncensored"": 2.774, ""family"": ""intermittent"", ""generator"": ""synthetic-1.0"", ""seed"": 42, ""shock_multiplier"": 1.0}"
adffeded62557f64f751b923,sample-v1,SKU-0003,CHI,2025-05-27,0.0,False,False,2025-07-21T00:00:00+00:00,valid,"{""expected_uncensored"": 3.0343, ""family"": ""intermittent"", ""generator"": ""synthetic-1.0"", ""seed"": 42, ""shock_multiplier"": 1.0}"
ed83caf38b2793b784bb2722,sample-v1,SKU-0003,CHI,2025-05-28,0.0,False,False,2025-07-21T00:00:00+00:00,valid,"{""expected_uncensored"": 3.0985, ""family"": ""intermittent"", ""generator"": ""synthetic-1.0"", ""seed"": 42, ""shock_multiplier"": 1.0}"
3c7c2e27040603b54a1f1e52,sample-v1,SKU-0003,CHI,2025-05-29,0.0,False,False,2025-07-21T00:00:00+00:00,valid,"{""expected_uncensored"": 2.9184, ""family"": ""intermittent"", ""generator"": ""synthetic-1.0"", ""seed"": 42, ""shock_multiplier"": 1.0}"
e227e8c954c5f4d90a440851,sample-v1,SKU-0003,CHI,2025-05-30,12.0,False,False,2025-07-21T00:00:00+00:00,valid,"{""expected_uncensored"": 2.6296, ""family"": ""intermittent"", ""generator"": ""synthetic-1.0"", ""seed"": 42, ""shock_multiplier"": 1.0}"
616b222254e70f44067cd20d,sample-v1,SKU-0003,CHI,2025-05-31,0.0,False,False,2025-07-21T00:00:00+00:00,valid,"{""expected_uncensored"": 2.4495, ""family"": ""intermittent"", ""generator"": ""synthetic-1.0"", ""seed"": 42, ""shock_multiplier"": 1.0}"
5c35731ae8c63c5fdf3ae5cb,sample-v1,SKU-0003,CHI,2025-06-01,0.0,False,False,2025-07-21T00:00:00+00:00,valid,"{""expected_uncensored"": 2.5137, ""family"": ""intermittent"", ""generator"": ""synthetic-1.0"", ""seed"": 42, ""shock_multiplier"": 1.0}"
e3cceb4046c4b0a4375efd47,sample-v1,SKU-0003,CHI,2025-06-02,0.0,False,False,2025-07-21T00:00:00+00:00,valid,"{""expected_uncensored"": 2.774, ""family"": ""intermittent"", ""generator"": ""synthetic-1.0"", ""seed"": 42, ""shock_multiplier"": 1.0}"
f210a7d6f0e66de28a45b5fb,sample-v1,SKU-0003,CHI,2025-06-03,0.0,False,False,2025-07-21T00:00:00+00:00,valid,"{""expected_uncensored"": 3.0343, ""family"": ""intermittent"", ""generator"": ""synthetic-1.0"", ""seed"": 42, ""shock_multiplier"": 1.0}"
2e1d1edc4addc7170b03e798,sample-v1,SKU-0003,CHI,2025-06-04,0.0,False,False,2025-07-21T00:00:00+00:00,valid,"{""expected_uncensored"": 3.0985, ""family"": ""intermittent"", ""generator"": ""synthetic-1.0"", ""seed"": 42, ""shock_multiplier"": 1.0}"
5e43456c309d9a6353aa987f,sample-v1,SKU-0003,CHI,2025-06-05,0.0,False,False,2025-07-21T00:00:00+00:00,valid,"{""expected_uncensored"": 2.9184, ""family"": ""intermittent"", ""generator"": ""synthetic-1.0"", ""seed"": 42, ""shock_multiplier"": 1.0}"
86d6b47ea977a2a3fdf06b39,sample-v1,SKU-0003,CHI,2025-06-06,0.0,False,False,2025-07-21T00:00:00+00:00,valid,"{""expected_uncensored"": 2.6296, ""family"": ""intermittent"", ""generator"": ""synthetic-1.0"", ""seed"": 42, ""shock_multiplier"": 1.0}"
71a34038a6c2cf3d933f394d,sample-v1,SKU-0003,CHI,2025-06-07,0.0,False,False,2025-07-21T00:00:00+00:00,valid,"{""expected_uncensored"": 2.4495, ""family"": ""intermittent"", ""generator"": ""synthetic-1.0"", ""seed"": 42, ""shock_multiplier"": 1.0}"
1d704c6547ecd140cf757441,sample-v1,SKU-0003,CHI,2025-06-08,0.0,False,False,2025-07-21T00:00:00+00:00,valid,"{""expected_uncensored"": 2.5137, ""family"": ""intermittent"", ""generator"": ""synthetic-1.0"", ""seed"": 42, ""shock_multiplier"": 1.0}"
b25f07fdcf7795a41d424c41,sample-v1,SKU-0003,CHI,2025-06-09,0.0,False,False,2025-07-21T00:00:00+00:00,valid,"{""expected_uncensored"": 2.774, ""family"": ""intermittent"", ""generator"": ""synthetic-1.0"", ""seed"": 42, ""shock_multiplier"": 1.0}"
8aef7d3221045a2c9f06a117,sample-v1,SKU-0003,CHI,2025-06-10,0.0,False,False,2025-07-21T00:00:00+00:00,valid,"{""expected_uncensored"": 3.0343, ""family"": ""intermittent"", ""generator"": ""synthetic-1.0"", ""seed"": 42, ""shock_multiplier"": 1.0}"
699452ee34e8617585266bdb,sample-v1,SKU-0003,CHI,2025-06-11,0.0,False,False,2025-07-21T00:00:00+00:00,valid,"{""expected_uncensored"": 3.0985, ""family"": ""intermittent"", ""generator"": ""synthetic-1.0"", ""seed"": 42, ""shock_multiplier"": 1.0}"
4e89a8a6f3ef922f0af04223,sample-v1,SKU-0003,CHI,2025-06-12,0.0,False,False,2025-07-21T00:00:00+00:00,valid,"{""expected_uncensored"": 2.9184, ""family"": ""intermittent"", ""generator"": ""synthetic-1.0"", ""seed"": 42, ""shock_multiplier"": 1.0}"
43aa96b4cc71bb911b5b7928,sample-v1,SKU-0003,CHI,2025-06-13,17.0,False,False,2025-07-21T00:00:00+00:00,valid,"{""expected_uncensored"": 2.6296, ""family"": ""intermittent"", ""generator"": ""synthetic-1.0"", ""seed"": 42, ""shock_multiplier"": 1.0}"
7777d7963be5bd31b7edab4e,sample-v1,SKU-0003,CHI,2025-06-14,0.0,False,False,2025-07-21T00:00:00+00:00,valid,"{""expected_uncensored"": 2.4495, ""family"": ""intermittent"", ""generator"": ""synthetic-1.0"", ""seed"": 42, ""shock_multiplier"": 1.0}"
3db4161bd1e9394de4457799,sample-v1,SKU-0003,CHI,2025-06-15,0.0,False,False,2025-07-21T00:00:00+00:00,valid,"{""expected_uncensored"": 2.5137, ""family"": ""intermittent"", ""generator"": ""synthetic-1.0"", ""seed"": 42, ""shock_multiplier"": 1.0}"
e2271d88ea61aa744d0355d1,sample-v1,SKU-0003,CHI,2025-06-16,0.0,False,False,2025-07-21T00:00:00+00:00,valid,"{""expected_uncensored"": 2.774, ""family"": ""intermittent"", ""generator"": ""synthetic-1.0"", ""seed"": 42, ""shock_multiplier"": 1.0}"
1e0aa0b4350fe118b7bdd014,sample-v1,SKU-0003,CHI,2025-06-17,13.0,False,False,2025-07-21T00:00:00+00:00,valid,"{""expected_uncensored"": 3.0343, ""family"": ""intermittent"", ""generator"": ""synthetic-1.0"", ""seed"": 42, ""shock_multiplier"": 1.0}"
21e9d1024afc27a85329dd3f,sample-v1,SKU-0003,CHI,2025-06-18,0.0,False,False,2025-07-21T00:00:00+00:00,valid,"{""expected_uncensored"": 3.0985, ""family"": ""intermittent"", ""generator"": ""synthetic-1.0"", ""seed"": 42, ""shock_multiplier"": 1.0}"
443db647f4ff974fe38f435f,sample-v1,SKU-0003,CHI,2025-06-19,0.0,False,False,2025-07-21T00:00:00+00:00,valid,"{""expected_uncensored"": 2.9184, ""family"": ""intermittent"", ""generator"": ""synthetic-1.0"", ""seed"": 42, ""shock_multiplier"": 1.0}"
6e6fb01ed016b897d45dfbbb,sample-v1,SKU-0003,CHI,2025-06-20,0.0,False,False,2025-07-21T00:00:00+00:00,valid,"{""expected_uncensored"": 2.6296, ""family"": ""intermittent"", ""generator"": ""synthetic-1.0"", ""seed"": 42, ""shock_multiplier"": 1.0}"
e207aa599c30da202798a6fe,sample-v1,SKU-0003,CHI,2025-06-21,0.0,False,False,2025-07-21T00:00:00+00:00,valid,"{""expected_uncensored"": 2.4495, ""family"": ""intermittent"", ""generator"": ""synthetic-1.0"", ""seed"": 42, ""shock_multiplier"": 1.0}"
3506c7257caf3b4a00115246,sample-v1,SKU-0003,CHI,2025-06-22,0.0,False,False,2025-07-21T00:00:00+00:00,valid,"{""expected_uncensored"": 2.5137, ""family"": ""intermittent"", ""generator"": ""synthetic-1.0"", ""seed"": 42, ""shock_multiplier"": 1.0}"
b4c404d5264ea26cb459d845,sample-v1,SKU-0003,CHI,2025-06-23,17.0,False,False,2025-07-21T00:00:00+00:00,valid,"{""expected_uncensored"": 2.774, ""family"": ""intermittent"", ""generator"": ""synthetic-1.0"", ""seed"": 42, ""shock_multiplier"": 1.0}"
e53fb766e856ae8300657d0a,sample-v1,SKU-0003,CHI,2025-06-24,0.0,False,False,2025-07-21T00:00:00+00:00,valid,"{""expected_uncensored"": 3.0343, ""family"": ""intermittent"", ""generator"": ""synthetic-1.0"", ""seed"": 42, ""shock_multiplier"": 1.0}"
b8e81e4b42571a8e83b9c94e,sample-v1,SKU-0003,CHI,2025-06-25,0.0,False,False,2025-07-21T00:00:00+00:00,valid,"{""expected_uncensored"": 3.0985, ""family"": ""intermittent"", ""generator"": ""synthetic-1.0"", ""seed"": 42, ""shock_multiplier"": 1.0}"
6a518136bf57326e95dc5fab,sample-v1,SKU-0003,CHI,2025-06-26,0.0,False,False,2025-07-21T00:00:00+00:00,valid,"{""expected_uncensored"": 2.9184, ""family"": ""intermittent"", ""generator"": ""synthetic-1.0"", ""seed"": 42, ""shock_multiplier"": 1.0}"
3c026352f461270f5d598e4b,sample-v1,SKU-0003,CHI,2025-06-27,0.0,False,False,2025-07-21T00:00:00+00:00,valid,"{""expected_uncensored"": 2.6296, ""family"": ""intermittent"", ""generator"": ""synthetic-1.0"", ""seed"": 42, ""shock_multiplier"": 1.0}"
ce0a009b01ab6cd3064749ad,sample-v1,SKU-0003,CHI,2025-06-28,0.0,False,False,2025-07-21T00:00:00+00:00,valid,"{""expected_uncensored"": 2.4495, ""family"": ""intermittent"", ""generator"": ""synthetic-1.0"", ""seed"": 42, ""shock_multiplier"": 1.0}"
8f9ba4af8138baa025c13771,sample-v1,SKU-0003,CHI,2025-06-29,0.0,False,False,2025-07-21T00:00:00+00:00,valid,"{""expected_uncensored"": 2.5137, ""family"": ""intermittent"", ""generator"": ""synthetic-1.0"", ""seed"": 42, ""shock_multiplier"": 1.0}"
506ff40412e5642db6e20e03,sample-v1,SKU-0003,CHI,2025-06-30,0.0,False,False,2025-07-21T00:00:00+00:00,valid,"{""expected_uncensored"": 2.774, ""family"": ""intermittent"", ""generator"": ""synthetic-1.0"", ""seed"": 42, ""shock_multiplier"": 1.0}"
378b74ef6cb8b06bb18ce7b0,sample-v1,SKU-0003,CHI,2025-07-01,0.0,False,False,2025-07-21T00:00:00+00:00,valid,"{""expected_uncensored"": 3.0343, ""family"": ""intermittent"", ""generator"": ""synthetic-1.0"", ""seed"": 42, ""shock_multiplier"": 1.0}"
786f2a43cd6ee8c7ae08cfc9,sample-v1,SKU-0003,CHI,2025-07-02,18.0,False,False,2025-07-21T00:00:00+00:00,valid,"{""expected_uncensored"": 3.0985, ""family"": ""intermittent"", ""generator"": ""synthetic-1.0"", ""seed"": 42, ""shock_multiplier"": 1.0}"
d5adbefd7a2111729abe839a,sample-v1,SKU-0003,CHI,2025-07-03,0.0,False,False,2025-07-21T00:00:00+00:00,valid,"{""expected_uncensored"": 2.9184, ""family"": ""intermittent"", ""generator"": ""synthetic-1.0"", ""seed"": 42, ""shock_multiplier"": 1.0}"
1846910baeac503342de46ca,sample-v1,SKU-0003,CHI,2025-07-04,15.0,False,False,2025-07-21T00:00:00+00:00,valid,"{""expected_uncensored"": 2.6296, ""family"": ""intermittent"", ""generator"": ""synthetic-1.0"", ""seed"": 42, ""shock_multiplier"": 1.0}"
8e82cafb412b8d34560e7a16,sample-v1,SKU-0003,CHI,2025-07-05,0.0,False,False,2025-07-21T00:00:00+00:00,valid,"{""expected_uncensored"": 2.4495, ""family"": ""intermittent"", ""generator"": ""synthetic-1.0"", ""seed"": 42, ""shock_multiplier"": 1.0}"
13f92e30c5bd9d44e60ae3f1,sample-v1,SKU-0003,CHI,2025-07-06,0.0,False,False,2025-07-21T00:00:00+00:00,valid,"{""expected_uncensored"": 2.5137, ""family"": ""intermittent"", ""generator"": ""synthetic-1.0"", ""seed"": 42, ""shock_multiplier"": 1.0}"
e2ea4b3859dcf3498aaa0bb7,sample-v1,SKU-0003,CHI,2025-07-07,0.0,False,False,2025-07-21T00:00:00+00:00,valid,"{""expected_uncensored"": 2.774, ""family"": ""intermittent"", ""generator"": ""synthetic-1.0"", ""seed"": 42, ""shock_multiplier"": 1.0}"
045d9a950028d6dfb51d028f,sample-v1,SKU-0003,CHI,2025-07-08,0.0,False,False,2025-07-21T00:00:00+00:00,valid,"{""expected_uncensored"": 3.0343, ""family"": ""intermittent"", ""generator"": ""synthetic-1.0"", ""seed"": 42, ""shock_multiplier"": 1.0}"
9cf6b54f7326acc7c63f639f,sample-v1,SKU-0003,CHI,2025-07-09,0.0,False,False,2025-07-21T00:00:00+00:00,valid,"{""expected_uncensored"": 3.0985, ""family"": ""intermittent"", ""generator"": ""synthetic-1.0"", ""seed"": 42, ""shock_multiplier"": 1.0}"
d3c68d32a14eb681b333526a,sample-v1,SKU-0003,CHI,2025-07-10,0.0,False,False,2025-07-21T00:00:00+00:00,valid,"{""expected_uncensored"": 2.9184, ""family"": ""intermittent"", ""generator"": ""synthetic-1.0"", ""seed"": 42, ""shock_multiplier"": 1.0}"
9cc7b10b2be3544154429ef7,sample-v1,SKU-0003,CHI,2025-07-11,0.0,False,False,2025-07-21T00:00:00+00:00,valid,"{""expected_uncensored"": 2.6296, ""family"": ""intermittent"", ""generator"": ""synthetic-1.0"", ""seed"": 42, ""shock_multiplier"": 1.0}"
53a04338c235c2ca7e4a7884,sample-v1,SKU-0003,CHI,2025-07-12,0.0,False,False,2025-07-21T00:00:00+00:00,valid,"{""expected_uncensored"": 2.4495, ""family"": ""intermittent"", ""generator"": ""synthetic-1.0"", ""seed"": 42, ""shock_multiplier"": 1.0}"
36eb89389ed98a8d0aff0bd7,sample-v1,SKU-0003,CHI,2025-07-13,0.0,False,False,2025-07-21T00:00:00+00:00,valid,"{""expected_uncensored"": 2.5137, ""family"": ""intermittent"", ""generator"": ""synthetic-1.0"", ""seed"": 42, ""shock_multiplier"": 1.0}"
ab41a834ea2a5c56f1f6aad4,sample-v1,SKU-0003,CHI,2025-07-14,10.0,False,False,2025-07-21T00:00:00+00:00,valid,"{""expected_uncensored"": 2.774, ""family"": ""intermittent"", ""generator"": ""synthetic-1.0"", ""seed"": 42, ""shock_multiplier"": 1.0}"
73bc469e2c66ee5ab6923e0a,sample-v1,SKU-0003,CHI,2025-07-15,0.0,True,False,2025-07-21T00:00:00+00:00,valid,"{""expected_uncensored"": 5.0065, ""family"": ""intermittent"", ""generator"": ""synthetic-1.0"", ""seed"": 42, ""shock_multiplier"": 1.0}"
e010cb962a2c0081cef65019,sample-v1,SKU-0003,CHI,2025-07-16,0.0,True,False,2025-07-21T00:00:00+00:00,valid,"{""expected_uncensored"": 5.1126, ""family"": ""intermittent"", ""generator"": ""synthetic-1.0"", ""seed"": 42, ""shock_multiplier"": 1.0}"
1b2bf856035f5e37ba4a83b9,sample-v1,SKU-0003,CHI,2025-07-17,0.0,True,False,2025-07-21T00:00:00+00:00,valid,"{""expected_uncensored"": 4.8154, ""family"": ""intermittent"", ""generator"": ""synthetic-1.0"", ""seed"": 42, ""shock_multiplier"": 1.0}"
5d9dcf3fe58952693460f04e,sample-v1,SKU-0003,CHI,2025-07-18,0.0,True,False,2025-07-21T00:00:00+00:00,valid,"{""expected_uncensored"": 4.3388, ""family"": ""intermittent"", ""generator"": ""synthetic-1.0"", ""seed"": 42, ""shock_multiplier"": 1.0}"
e06c06e2c2c47a1218bf3578,sample-v1,SKU-0003,CHI,2025-07-19,0.0,True,False,2025-07-21T00:00:00+00:00,valid,"{""expected_uncensored"": 4.0416, ""family"": ""intermittent"", ""generator"": ""synthetic-1.0"", ""seed"": 42, ""shock_multiplier"": 1.0}"
aa6b3df21e69a83e219c3ee5,sample-v1,SKU-0003,CHI,2025-07-20,0.0,True,False,2025-07-21T00:00:00+00:00,valid,"{""expected_uncensored"": 4.1477, ""family"": ""intermittent"", ""generator"": ""synthetic-1.0"", ""seed"": 42, ""shock_multiplier"": 1.0}"
f379e7d458aed26f8149db93,sample-v1,SKU-0003,DAL,2025-01-06,0.0,False,False,2025-07-21T00:00:00+00:00,valid,"{""expected_uncensored"": 4.104, ""family"": ""intermittent"", ""generator"": ""synthetic-1.0"", ""seed"": 42, ""shock_multiplier"": 1.0}"
697189b3c3c369d3a985e76a,sample-v1,SKU-0003,DAL,2025-01-07,0.0,True,False,2025-07-21T00:00:00+00:00,valid,"{""expected_uncensored"": 7.4069, ""family"": ""intermittent"", ""generator"": ""synthetic-1.0"", ""seed"": 42, ""shock_multiplier"": 1.0}"
cbdc263f4131e333aa77ecea,sample-v1,SKU-0003,DAL,2025-01-08,0.0,True,False,2025-07-21T00:00:00+00:00,valid,"{""expected_uncensored"": 7.5638, ""family"": ""intermittent"", ""generator"": ""synthetic-1.0"", ""seed"": 42, ""shock_multiplier"": 1.0}"
89eed746f8fa6f5ca28570c2,sample-v1,SKU-0003,DAL,2025-01-09,0.0,True,False,2025-07-21T00:00:00+00:00,valid,"{""expected_uncensored"": 7.1242, ""family"": ""intermittent"", ""generator"": ""synthetic-1.0"", ""seed"": 42, ""shock_multiplier"": 1.0}"
37d018c0028eed532e9413a7,sample-v1,SKU-0003,DAL,2025-01-10,0.0,True,False,2025-07-21T00:00:00+00:00,valid,"{""expected_uncensored"": 6.419, ""family"": ""intermittent"", ""generator"": ""synthetic-1.0"", ""seed"": 42, ""shock_multiplier"": 1.0}"
022802237476110f6b55e424,sample-v1,SKU-0003,DAL,2025-01-11,0.0,True,False,2025-07-21T00:00:00+00:00,valid,"{""expected_uncensored"": 5.9794, ""family"": ""intermittent"", ""generator"": ""synthetic-1.0"", ""seed"": 42, ""shock_multiplier"": 1.0}"
b8b3afcd5e0300ec477536d4,sample-v1,SKU-0003,DAL,2025-01-12,21.0,True,False,2025-07-21T00:00:00+00:00,valid,"{""expected_uncensored"": 6.1363, ""family"": ""intermittent"", ""generator"": ""synthetic-1.0"", ""seed"": 42, ""shock_multiplier"": 1.0}"
2523c95e1072a01de251f1b7,sample-v1,SKU-0003,DAL,2025-01-13,0.0,True,False,2025-07-21T00:00:00+00:00,valid,"{""expected_uncensored"": 6.7716, ""family"": ""intermittent"", ""generator"": ""synthetic-1.0"", ""seed"": 42, ""shock_multiplier"": 1.0}"
564980e8bc6f1b1181706eb6,sample-v1,SKU-0003,DAL,2025-01-14,0.0,False,False,2025-07-21T00:00:00+00:00,valid,"{""expected_uncensored"": 4.489, ""family"": ""intermittent"", ""generator"": ""synthetic-1.0"", ""seed"": 42, ""shock_multiplier"": 1.0}"
e320687ed1620f0f29366744,sample-v1,SKU-0003,DAL,2025-01-15,0.0,False,False,2025-07-21T00:00:00+00:00,valid,"{""expected_uncensored"": 4.5841, ""family"": ""intermittent"", ""generator"": ""synthetic-1.0"", ""seed"": 42, ""shock_multiplier"": 1.0}"
9a1e95b493bd5fa0eaa593b0,sample-v1,SKU-0003,DAL,2025-01-16,0.0,False,False,2025-07-21T00:00:00+00:00,valid,"{""expected_uncensored"": 4.3177, ""family"": ""intermittent"", ""generator"": ""synthetic-1.0"", ""seed"": 42, ""shock_multiplier"": 1.0}"
7dd8d875989ec5ea73bc2933,sample-v1,SKU-0003,DAL,2025-01-17,27.0,False,False,2025-07-21T00:00:00+00:00,valid,"{""expected_uncensored"": 3.8903, ""family"": ""intermittent"", ""generator"": ""synthetic-1.0"", ""seed"": 42, ""shock_multiplier"": 1.0}"
a601d833f48d18375990f632,sample-v1,SKU-0003,DAL,2025-01-18,0.0,False,False,2025-07-21T00:00:00+00:00,valid,"{""expected_uncensored"": 3.6239, ""family"": ""intermittent"", ""generator"": ""synthetic-1.0"", ""seed"": 42, ""shock_multiplier"": 1.0}"
23ed415eb2f19d4df473fde7,sample-v1,SKU-0003,DAL,2025-01-19,0.0,False,False,2025-07-21T00:00:00+00:00,valid,"{""expected_uncensored"": 3.719, ""family"": ""intermittent"", ""generator"": ""synthetic-1.0"", ""seed"": 42, ""shock_multiplier"": 1.0}"
59c7782aba04930985d15626,sample-v1,SKU-0003,DAL,2025-01-20,0.0,False,False,2025-07-21T00:00:00+00:00,valid,"{""expected_uncensored"": 4.104, ""family"": ""intermittent"", ""generator"": ""synthetic-1.0"", ""seed"": 42, ""shock_multiplier"": 1.0}"
56c3435061526eaa73c06564,sample-v1,SKU-0003,DAL,2025-01-21,27.0,False,False,2025-07-21T00:00:00+00:00,valid,"{""expected_uncensored"": 4.489, ""family"": ""intermittent"", ""generator"": ""synthetic-1.0"", ""seed"": 42, ""shock_multiplier"": 1.0}"
de3bc04a0e5e674517fba5b1,sample-v1,SKU-0003,DAL,2025-01-22,0.0,False,False,2025-07-21T00:00:00+00:00,valid,"{""expected_uncensored"": 4.5841, ""family"": ""intermittent"", ""generator"": ""synthetic-1.0"", ""seed"": 42, ""shock_multiplier"": 1.0}"
1007cbaf98fc996cbcf0b222,sample-v1,SKU-0003,DAL,2025-01-23,0.0,False,False,2025-07-21T00:00:00+00:00,valid,"{""expected_uncensored"": 4.3177, ""family"": ""intermittent"", ""generator"": ""synthetic-1.0"", ""seed"": 42, ""shock_multiplier"": 1.0}"
ff6f8db209625f0e4281d92b,sample-v1,SKU-0003,DAL,2025-01-24,0.0,False,False,2025-07-21T00:00:00+00:00,valid,"{""expected_uncensored"": 3.8903, ""family"": ""intermittent"", ""generator"": ""synthetic-1.0"", ""seed"": 42, ""shock_multiplier"": 1.0}"
cefa52079071e5c5bd00319d,sample-v1,SKU-0003,DAL,2025-01-25,0.0,False,False,2025-07-21T00:00:00+00:00,valid,"{""expected_uncensored"": 3.6239, ""family"": ""intermittent"", ""generator"": ""synthetic-1.0"", ""seed"": 42, ""shock_multiplier"": 1.0}"
c24cc4877c1d03a3a2f76b3e,sample-v1,SKU-0003,DAL,2025-01-26,0.0,False,False,2025-07-21T00:00:00+00:00,valid,"{""expected_uncensored"": 3.719, ""family"": ""intermittent"", ""generator"": ""synthetic-1.0"", ""seed"": 42, ""shock_multiplier"": 1.0}"
4546f6dfd0f85064fa27a1ae,sample-v1,SKU-0003,DAL,2025-01-27,0.0,False,False,2025-07-21T00:00:00+00:00,valid,"{""expected_uncensored"": 4.104, ""family"": ""intermittent"", ""generator"": ""synthetic-1.0"", ""seed"": 42, ""shock_multiplier"": 1.0}"
955621c1ee4f97aa29021f88,sample-v1,SKU-0003,DAL,2025-01-28,0.0,False,False,2025-07-21T00:00:00+00:00,valid,"{""expected_uncensored"": 4.489, ""family"": ""intermittent"", ""generator"": ""synthetic-1.0"", ""seed"": 42, ""shock_multiplier"": 1.0}"
98c30ca5a00e52439e57ec91,sample-v1,SKU-0003,DAL,2025-01-29,0.0,False,False,2025-07-21T00:00:00+00:00,valid,"{""expected_uncensored"": 4.5841, ""family"": ""intermittent"", ""generator"": ""synthetic-1.0"", ""seed"": 42, ""shock_multiplier"": 1.0}"
71ba060101f7a306ba932abf,sample-v1,SKU-0003,DAL,2025-01-30,0.0,False,False,2025-07-21T00:00:00+00:00,valid,"{""expected_uncensored"": 4.3177, ""family"": ""intermittent"", ""generator"": ""synthetic-1.0"", ""seed"": 42, ""shock_multiplier"": 1.0}"
5cb4f7b90a98a7f082b6c2e3,sample-v1,SKU-0003,DAL,2025-01-31,0.0,False,False,2025-07-21T00:00:00+00:00,valid,"{""expected_uncensored"": 3.8903, ""family"": ""intermittent"", ""generator"": ""synthetic-1.0"", ""seed"": 42, ""shock_multiplier"": 1.0}"
92eb6da423af167c53c6adad,sample-v1,SKU-0003,DAL,2025-02-01,0.0,False,False,2025-07-21T00:00:00+00:00,valid,"{""expected_uncensored"": 3.6239, ""family"": ""intermittent"", ""generator"": ""synthetic-1.0"", ""seed"": 42, ""shock_multiplier"": 1.0}"
054b67a04bd5d5c106e50830,sample-v1,SKU-0003,DAL,2025-02-02,0.0,False,False,2025-07-21T00:00:00+00:00,valid,"{""expected_uncensored"": 3.719, ""family"": ""intermittent"", ""generator"": ""synthetic-1.0"", ""seed"": 42, ""shock_multiplier"": 1.0}"
67247b688ec7ba1461efd8cc,sample-v1,SKU-0003,DAL,2025-02-03,0.0,False,False,2025-07-21T00:00:00+00:00,valid,"{""expected_uncensored"": 4.104, ""family"": ""intermittent"", ""generator"": ""synthetic-1.0"", ""seed"": 42, ""shock_multiplier"": 1.0}"
490df7828c250c87a0cce5b1,sample-v1,SKU-0003,DAL,2025-02-04,0.0,False,False,2025-07-21T00:00:00+00:00,valid,"{""expected_uncensored"": 4.489, ""family"": ""intermittent"", ""generator"": ""synthetic-1.0"", ""seed"": 42, ""shock_multiplier"": 1.0}"
29d7b6bb3222730bef7c509f,sample-v1,SKU-0003,DAL,2025-02-05,0.0,False,False,2025-07-21T00:00:00+00:00,valid,"{""expected_uncensored"": 4.5841, ""family"": ""intermittent"", ""generator"": ""synthetic-1.0"", ""seed"": 42, ""shock_multiplier"": 1.0}"
86bca7bba3287d66cbd0a55e,sample-v1,SKU-0003,DAL,2025-02-06,0.0,False,False,2025-07-21T00:00:00+00:00,valid,"{""expected_uncensored"": 4.3177, ""family"": ""intermittent"", ""generator"": ""synthetic-1.0"", ""seed"": 42, ""shock_multiplier"": 1.0}"
5238a48e92bc5b5224d90de8,sample-v1,SKU-0003,DAL,2025-02-07,0.0,False,False,2025-07-21T00:00:00+00:00,valid,"{""expected_uncensored"": 3.8903, ""family"": ""intermittent"", ""generator"": ""synthetic-1.0"", ""seed"": 42, ""shock_multiplier"": 1.0}"
fbca23ef3b50ef61ad224dda,sample-v1,SKU-0003,DAL,2025-02-08,0.0,False,False,2025-07-21T00:00:00+00:00,valid,"{""expected_uncensored"": 3.6239, ""family"": ""intermittent"", ""generator"": ""synthetic-1.0"", ""seed"": 42, ""shock_multiplier"": 1.0}"
593f9b065005cab5ec90c2fb,sample-v1,SKU-0003,DAL,2025-02-09,0.0,False,False,2025-07-21T00:00:00+00:00,valid,"{""expected_uncensored"": 3.719, ""family"": ""intermittent"", ""generator"": ""synthetic-1.0"", ""seed"": 42, ""shock_multiplier"": 1.0}"
0b08b937a532ecce2bb660f7,sample-v1,SKU-0003,DAL,2025-02-10,0.0,False,False,2025-07-21T00:00:00+00:00,valid,"{""expected_uncensored"": 4.104, ""family"": ""intermittent"", ""generator"": ""synthetic-1.0"", ""seed"": 42, ""shock_multiplier"": 1.0}"
c3533b0ecfd4753735775992,sample-v1,SKU-0003,DAL,2025-02-11,0.0,False,False,2025-07-21T00:00:00+00:00,valid,"{""expected_uncensored"": 4.489, ""family"": ""intermittent"", ""generator"": ""synthetic-1.0"", ""seed"": 42, ""shock_multiplier"": 1.0}"
7cf541b9fd6c214f5a8975c8,sample-v1,SKU-0003,DAL,2025-02-12,0.0,False,False,2025-07-21T00:00:00+00:00,valid,"{""expected_uncensored"": 4.5841, ""family"": ""intermittent"", ""generator"": ""synthetic-1.0"", ""seed"": 42, ""shock_multiplier"": 1.0}"
3cdcf02913711bd6090dbfaf,sample-v1,SKU-0003,DAL,2025-02-13,0.0,False,False,2025-07-21T00:00:00+00:00,valid,"{""expected_uncensored"": 4.3177, ""family"": ""intermittent"", ""generator"": ""synthetic-1.0"", ""seed"": 42, ""shock_multiplier"": 1.0}"
2811641183df16b66f89455d,sample-v1,SKU-0003,DAL,2025-02-14,0.0,False,False,2025-07-21T00:00:00+00:00,valid,"{""expected_uncensored"": 3.8903, ""family"": ""intermittent"", ""generator"": ""synthetic-1.0"", ""seed"": 42, ""shock_multiplier"": 1.0}"
d4ecf5570b394ec3ce5c855a,sample-v1,SKU-0003,DAL,2025-02-15,0.0,False,False,2025-07-21T00:00:00+00:00,valid,"{""expected_uncensored"": 3.6239, ""family"": ""intermittent"", ""generator"": ""synthetic-1.0"", ""seed"": 42, ""shock_multiplier"": 1.0}"
0100a4ecfea29651fa6a3c92,sample-v1,SKU-0003,DAL,2025-02-16,0.0,False,False,2025-07-21T00:00:00+00:00,valid,"{""expected_uncensored"": 3.719, ""family"": ""intermittent"", ""generator"": ""synthetic-1.0"", ""seed"": 42, ""shock_multiplier"": 1.0}"
005fd40d07b132c603dfcf30,sample-v1,SKU-0003,DAL,2025-02-17,0.0,False,False,2025-07-21T00:00:00+00:00,valid,"{""expected_uncensored"": 4.104, ""family"": ""intermittent"", ""generator"": ""synthetic-1.0"", ""seed"": 42, ""shock_multiplier"": 1.0}"
16c49e084dca23ada0bff2c6,sample-v1,SKU-0003,DAL,2025-02-18,0.0,False,False,2025-07-21T00:00:00+00:00,valid,"{""expected_uncensored"": 4.489, ""family"": ""intermittent"", ""generator"": ""synthetic-1.0"", ""seed"": 42, ""shock_multiplier"": 1.0}"
b0a35e23974d7707cb30ffb2,sample-v1,SKU-0003,DAL,2025-02-19,0.0,False,False,2025-07-21T00:00:00+00:00,valid,"{""expected_uncensored"": 4.5841, ""family"": ""intermittent"", ""generator"": ""synthetic-1.0"", ""seed"": 42, ""shock_multiplier"": 1.0}"
e5d0f1d45ed49e7fecb2dddd,sample-v1,SKU-0003,DAL,2025-02-20,15.0,False,False,2025-07-21T00:00:00+00:00,valid,"{""expected_uncensored"": 4.3177, ""family"": ""intermittent"", ""generator"": ""synthetic-1.0"", ""seed"": 42, ""shock_multiplier"": 1.0}"
60935f96272fcf5ec8043507,sample-v1,SKU-0003,DAL,2025-02-21,0.0,False,False,2025-07-21T00:00:00+00:00,valid,"{""expected_uncensored"": 3.8903, ""family"": ""intermittent"", ""generator"": ""synthetic-1.0"", ""seed"": 42, ""shock_multiplier"": 1.0}"
c543bde010e5d8b31469d9d2,sample-v1,SKU-0003,DAL,2025-02-22,0.0,False,False,2025-07-21T00:00:00+00:00,valid,"{""expected_uncensored"": 3.6239, ""family"": ""intermittent"", ""generator"": ""synthetic-1.0"", ""seed"": 42, ""shock_multiplier"": 1.0}"
b46080a1c9ed8bdf0ee9639b,sample-v1,SKU-0003,DAL,2025-02-23,22.0,False,False,2025-07-21T00:00:00+00:00,valid,"{""expected_uncensored"": 3.719, ""family"": ""intermittent"", ""generator"": ""synthetic-1.0"", ""seed"": 42, ""shock_multiplier"": 1.0}"
b29319f7c464b9052213c89f,sample-v1,SKU-0003,DAL,2025-02-24,0.0,False,False,2025-07-21T00:00:00+00:00,valid,"{""expected_uncensored"": 4.104, ""family"": ""intermittent"", ""generator"": ""synthetic-1.0"", ""seed"": 42, ""shock_multiplier"": 1.0}"
0e6cc894f0d3b10158aa7469,sample-v1,SKU-0003,DAL,2025-02-25,0.0,False,False,2025-07-21T00:00:00+00:00,valid,"{""expected_uncensored"": 4.489, ""family"": ""intermittent"", ""generator"": ""synthetic-1.0"", ""seed"": 42, ""shock_multiplier"": 1.0}"
fe1246d641fa0b7fde1aecd6,sample-v1,SKU-0003,DAL,2025-02-26,0.0,False,False,2025-07-21T00:00:00+00:00,valid,"{""expected_uncensored"": 4.5841, ""family"": ""intermittent"", ""generator"": ""synthetic-1.0"", ""seed"": 42, ""shock_multiplier"": 1.0}"
a4074f78736d3042a951304b,sample-v1,SKU-0003,DAL,2025-02-27,0.0,False,False,2025-07-21T00:00:00+00:00,valid,"{""expected_uncensored"": 4.3177, ""family"": ""intermittent"", ""generator"": ""synthetic-1.0"", ""seed"": 42, ""shock_multiplier"": 1.0}"
f41d5457bce093d4cded0589,sample-v1,SKU-0003,DAL,2025-02-28,0.0,False,False,2025-07-21T00:00:00+00:00,valid,"{""expected_uncensored"": 3.8903, ""family"": ""intermittent"", ""generator"": ""synthetic-1.0"", ""seed"": 42, ""shock_multiplier"": 1.0}"
9bc708de7943ed94c6b37514,sample-v1,SKU-0003,DAL,2025-03-01,17.0,False,False,2025-07-21T00:00:00+00:00,valid,"{""expected_uncensored"": 3.6239, ""family"": ""intermittent"", ""generator"": ""synthetic-1.0"", ""seed"": 42, ""shock_multiplier"": 1.0}"
d0cd70102e18317efa35e741,sample-v1,SKU-0003,DAL,2025-03-02,0.0,False,False,2025-07-21T00:00:00+00:00,valid,"{""expected_uncensored"": 3.719, ""family"": ""intermittent"", ""generator"": ""synthetic-1.0"", ""seed"": 42, ""shock_multiplier"": 1.0}"
51670cf5e059b4d24017f25e,sample-v1,SKU-0003,DAL,2025-03-03,0.0,False,False,2025-07-21T00:00:00+00:00,valid,"{""expected_uncensored"": 4.104, ""family"": ""intermittent"", ""generator"": ""synthetic-1.0"", ""seed"": 42, ""shock_multiplier"": 1.0}"
65c0f8a1f65b3c941c53ca2c,sample-v1,SKU-0003,DAL,2025-03-04,0.0,False,False,2025-07-21T00:00:00+00:00,valid,"{""expected_uncensored"": 4.489, ""family"": ""intermittent"", ""generator"": ""synthetic-1.0"", ""seed"": 42, ""shock_multiplier"": 1.0}"
bde0e8004b70ee28af6565f4,sample-v1,SKU-0003,DAL,2025-03-05,0.0,False,False,2025-07-21T00:00:00+00:00,valid,"{""expected_uncensored"": 4.5841, ""family"": ""intermittent"", ""generator"": ""synthetic-1.0"", ""seed"": 42, ""shock_multiplier"": 1.0}"
2ff1556083f84296d2b25ff7,sample-v1,SKU-0003,DAL,2025-03-06,0.0,False,False,2025-07-21T00:00:00+00:00,valid,"{""expected_uncensored"": 4.3177, ""family"": ""intermittent"", ""generator"": ""synthetic-1.0"", ""seed"": 42, ""shock_multiplier"": 1.0}"
860751d95d639cd588eb1dad,sample-v1,SKU-0003,DAL,2025-03-07,0.0,False,False,2025-07-21T00:00:00+00:00,valid,"{""expected_uncensored"": 3.8903, ""family"": ""intermittent"", ""generator"": ""synthetic-1.0"", ""seed"": 42, ""shock_multiplier"": 1.0}"
b8fe1710f4db0eaa3b60979e,sample-v1,SKU-0003,DAL,2025-03-08,0.0,False,False,2025-07-21T00:00:00+00:00,valid,"{""expected_uncensored"": 3.6239, ""family"": ""intermittent"", ""generator"": ""synthetic-1.0"", ""seed"": 42, ""shock_multiplier"": 1.0}"
f9b01e7968772ae6dd1437b6,sample-v1,SKU-0003,DAL,2025-03-09,0.0,False,False,2025-07-21T00:00:00+00:00,valid,"{""expected_uncensored"": 3.719, ""family"": ""intermittent"", ""generator"": ""synthetic-1.0"", ""seed"": 42, ""shock_multiplier"": 1.0}"
b2875e13a633213c0e743887,sample-v1,SKU-0003,DAL,2025-03-10,0.0,False,False,2025-07-21T00:00:00+00:00,valid,"{""expected_uncensored"": 4.104, ""family"": ""intermittent"", ""generator"": ""synthetic-1.0"", ""seed"": 42, ""shock_multiplier"": 1.0}"
be5d3040f65e396032a74137,sample-v1,SKU-0003,DAL,2025-03-11,0.0,True,False,2025-07-21T00:00:00+00:00,valid,"{""expected_uncensored"": 7.4069, ""family"": ""intermittent"", ""generator"": ""synthetic-1.0"", ""seed"": 42, ""shock_multiplier"": 1.0}"
10e4776093be28bec425241c,sample-v1,SKU-0003,DAL,2025-03-12,0.0,True,False,2025-07-21T00:00:00+00:00,valid,"{""expected_uncensored"": 7.5638, ""family"": ""intermittent"", ""generator"": ""synthetic-1.0"", ""seed"": 42, ""shock_multiplier"": 1.0}"
f0b7bef67b069afb1472c26f,sample-v1,SKU-0003,DAL,2025-03-13,0.0,True,False,2025-07-21T00:00:00+00:00,valid,"{""expected_uncensored"": 7.1242, ""family"": ""intermittent"", ""generator"": ""synthetic-1.0"", ""seed"": 42, ""shock_multiplier"": 1.0}"
8b964049f597d035577ac591,sample-v1,SKU-0003,DAL,2025-03-14,0.0,True,False,2025-07-21T00:00:00+00:00,valid,"{""expected_uncensored"": 6.419, ""family"": ""intermittent"", ""generator"": ""synthetic-1.0"", ""seed"": 42, ""shock_multiplier"": 1.0}"
2234ad0afcd4b5b341283470,sample-v1,SKU-0003,DAL,2025-03-15,0.0,True,False,2025-07-21T00:00:00+00:00,valid,"{""expected_uncensored"": 5.9794, ""family"": ""intermittent"", ""generator"": ""synthetic-1.0"", ""seed"": 42, ""shock_multiplier"": 1.0}"
1d89f8f055776886d97b0853,sample-v1,SKU-0003,DAL,2025-03-16,0.0,True,False,2025-07-21T00:00:00+00:00,valid,"{""expected_uncensored"": 6.1363, ""family"": ""intermittent"", ""generator"": ""synthetic-1.0"", ""seed"": 42, ""shock_multiplier"": 1.0}"
154fdbc717ef005b41bcb94c,sample-v1,SKU-0003,DAL,2025-03-17,0.0,True,False,2025-07-21T00:00:00+00:00,valid,"{""expected_uncensored"": 6.7716, ""family"": ""intermittent"", ""generator"": ""synthetic-1.0"", ""seed"": 42, ""shock_multiplier"": 1.0}"
6a51b802c29b7027fa74d6ad,sample-v1,SKU-0003,DAL,2025-03-18,0.0,False,False,2025-07-21T00:00:00+00:00,valid,"{""expected_uncensored"": 4.489, ""family"": ""intermittent"", ""generator"": ""synthetic-1.0"", ""seed"": 42, ""shock_multiplier"": 1.0}"
00ac7030b93c53b12b90ac76,sample-v1,SKU-0003,DAL,2025-03-19,0.0,False,False,2025-07-21T00:00:00+00:00,valid,"{""expected_uncensored"": 4.5841, ""family"": ""intermittent"", ""generator"": ""synthetic-1.0"", ""seed"": 42, ""shock_multiplier"": 1.0}"
9acf89077c07c75258a1e495,sample-v1,SKU-0003,DAL,2025-03-20,0.0,False,False,2025-07-21T00:00:00+00:00,valid,"{""expected_uncensored"": 4.3177, ""family"": ""intermittent"", ""generator"": ""synthetic-1.0"", ""seed"": 42, ""shock_multiplier"": 1.0}"
039d11e2cfd58162096a07d9,sample-v1,SKU-0003,DAL,2025-03-21,0.0,False,False,2025-07-21T00:00:00+00:00,valid,"{""expected_uncensored"": 3.8903, ""family"": ""intermittent"", ""generator"": ""synthetic-1.0"", ""seed"": 42, ""shock_multiplier"": 1.0}"
186cb32b97d64cad58dd21f2,sample-v1,SKU-0003,DAL,2025-03-22,30.0,False,False,2025-07-21T00:00:00+00:00,valid,"{""expected_uncensored"": 3.6239, ""family"": ""intermittent"", ""generator"": ""synthetic-1.0"", ""seed"": 42, ""shock_multiplier"": 1.0}"
02ce84cdc127e14fecdb2878,sample-v1,SKU-0003,DAL,2025-03-23,0.0,False,False,2025-07-21T00:00:00+00:00,valid,"{""expected_uncensored"": 3.719, ""family"": ""intermittent"", ""generator"": ""synthetic-1.0"", ""seed"": 42, ""shock_multiplier"": 1.0}"
a60cf875ba682839f36bc88f,sample-v1,SKU-0003,DAL,2025-03-24,0.0,False,False,2025-07-21T00:00:00+00:00,valid,"{""expected_uncensored"": 4.104, ""family"": ""intermittent"", ""generator"": ""synthetic-1.0"", ""seed"": 42, ""shock_multiplier"": 1.0}"
ae143d7bf70635b4f2e6a256,sample-v1,SKU-0003,DAL,2025-03-25,0.0,False,False,2025-07-21T00:00:00+00:00,valid,"{""expected_uncensored"": 4.489, ""family"": ""intermittent"", ""generator"": ""synthetic-1.0"", ""seed"": 42, ""shock_multiplier"": 1.0}"
a2615eeaf40887522b2a7c63,sample-v1,SKU-0003,DAL,2025-03-26,0.0,False,False,2025-07-21T00:00:00+00:00,valid,"{""expected_uncensored"": 4.5841, ""family"": ""intermittent"", ""generator"": ""synthetic-1.0"", ""seed"": 42, ""shock_multiplier"": 1.0}"
0f5d970360e261585fa30dda,sample-v1,SKU-0003,DAL,2025-03-27,0.0,False,False,2025-07-21T00:00:00+00:00,valid,"{""expected_uncensored"": 4.3177, ""family"": ""intermittent"", ""generator"": ""synthetic-1.0"", ""seed"": 42, ""shock_multiplier"": 1.0}"
9b8f79cb8f655db1cd3ec45c,sample-v1,SKU-0003,DAL,2025-03-28,0.0,False,False,2025-07-21T00:00:00+00:00,valid,"{""expected_uncensored"": 3.8903, ""family"": ""intermittent"", ""generator"": ""synthetic-1.0"", ""seed"": 42, ""shock_multiplier"": 1.0}"
6e0ecdc97254cbfcac3adda8,sample-v1,SKU-0003,DAL,2025-03-29,0.0,False,False,2025-07-21T00:00:00+00:00,valid,"{""expected_uncensored"": 3.6239, ""family"": ""intermittent"", ""generator"": ""synthetic-1.0"", ""seed"": 42, ""shock_multiplier"": 1.0}"
a4902e2aedb0f9fa3617a183,sample-v1,SKU-0003,DAL,2025-03-30,0.0,False,False,2025-07-21T00:00:00+00:00,valid,"{""expected_uncensored"": 3.719, ""family"": ""intermittent"", ""generator"": ""synthetic-1.0"", ""seed"": 42, ""shock_multiplier"": 1.0}"
ca7118435a45dcb733b1da32,sample-v1,SKU-0003,DAL,2025-03-31,0.0,False,False,2025-07-21T00:00:00+00:00,valid,"{""expected_uncensored"": 4.104, ""family"": ""intermittent"", ""generator"": ""synthetic-1.0"", ""seed"": 42, ""shock_multiplier"": 1.0}"
9588dabac2542fc438bdb2e9,sample-v1,SKU-0003,DAL,2025-04-01,0.0,False,False,2025-07-21T00:00:00+00:00,valid,"{""expected_uncensored"": 4.489, ""family"": ""intermittent"", ""generator"": ""synthetic-1.0"", ""seed"": 42, ""shock_multiplier"": 1.0}"
3a81f2b11773879440c3b543,sample-v1,SKU-0003,DAL,2025-04-02,0.0,False,False,2025-07-21T00:00:00+00:00,valid,"{""expected_uncensored"": 4.5841, ""family"": ""intermittent"", ""generator"": ""synthetic-1.0"", ""seed"": 42, ""shock_multiplier"": 1.0}"
00b68c3528d677db805b6b69,sample-v1,SKU-0003,DAL,2025-04-03,17.0,False,False,2025-07-21T00:00:00+00:00,valid,"{""expected_uncensored"": 4.3177, ""family"": ""intermittent"", ""generator"": ""synthetic-1.0"", ""seed"": 42, ""shock_multiplier"": 1.0}"
006bd43ee0792734a51f8699,sample-v1,SKU-0003,DAL,2025-04-04,0.0,False,False,2025-07-21T00:00:00+00:00,valid,"{""expected_uncensored"": 3.8903, ""family"": ""intermittent"", ""generator"": ""synthetic-1.0"", ""seed"": 42, ""shock_multiplier"": 1.0}"
1e375a009357505fd5ed8131,sample-v1,SKU-0003,DAL,2025-04-05,0.0,False,False,2025-07-21T00:00:00+00:00,valid,"{""expected_uncensored"": 3.6239, ""family"": ""intermittent"", ""generator"": ""synthetic-1.0"", ""seed"": 42, ""shock_multiplier"": 1.0}"
edf78f416959c1f2871701da,sample-v1,SKU-0003,DAL,2025-04-06,0.0,False,False,2025-07-21T00:00:00+00:00,valid,"{""expected_uncensored"": 3.719, ""family"": ""intermittent"", ""generator"": ""synthetic-1.0"", ""seed"": 42, ""shock_multiplier"": 1.0}"
b249391de2d2a0f08cf215e2,sample-v1,SKU-0003,DAL,2025-04-07,0.0,False,False,2025-07-21T00:00:00+00:00,valid,"{""expected_uncensored"": 4.104, ""family"": ""intermittent"", ""generator"": ""synthetic-1.0"", ""seed"": 42, ""shock_multiplier"": 1.0}"
e6bc0a389e179fc9b600f7ea,sample-v1,SKU-0003,DAL,2025-04-08,0.0,False,False,2025-07-21T00:00:00+00:00,valid,"{""expected_uncensored"": 4.489, ""family"": ""intermittent"", ""generator"": ""synthetic-1.0"", ""seed"": 42, ""shock_multiplier"": 1.0}"
837506a87b974e677cc26f5c,sample-v1,SKU-0003,DAL,2025-04-09,0.0,False,False,2025-07-21T00:00:00+00:00,valid,"{""expected_uncensored"": 4.5841, ""family"": ""intermittent"", ""generator"": ""synthetic-1.0"", ""seed"": 42, ""shock_multiplier"": 1.0}"
cc7cfd51121a46c5517f7a59,sample-v1,SKU-0003,DAL,2025-04-10,0.0,False,False,2025-07-21T00:00:00+00:00,valid,"{""expected_uncensored"": 4.3177, ""family"": ""intermittent"", ""generator"": ""synthetic-1.0"", ""seed"": 42, ""shock_multiplier"": 1.0}"
4429718c7fca20e431d98e0f,sample-v1,SKU-0003,DAL,2025-04-11,0.0,False,False,2025-07-21T00:00:00+00:00,valid,"{""expected_uncensored"": 3.8903, ""family"": ""intermittent"", ""generator"": ""synthetic-1.0"", ""seed"": 42, ""shock_multiplier"": 1.0}"
09a872b7b21da8b03e7dad92,sample-v1,SKU-0003,DAL,2025-04-12,0.0,False,False,2025-07-21T00:00:00+00:00,valid,"{""expected_uncensored"": 3.6239, ""family"": ""intermittent"", ""generator"": ""synthetic-1.0"", ""seed"": 42, ""shock_multiplier"": 1.0}"
30424a835965535e805d167e,sample-v1,SKU-0003,DAL,2025-04-13,0.0,False,False,2025-07-21T00:00:00+00:00,valid,"{""expected_uncensored"": 3.719, ""family"": ""intermittent"", ""generator"": ""synthetic-1.0"", ""seed"": 42, ""shock_multiplier"": 1.0}"
b168ca8171755105fec501f6,sample-v1,SKU-0003,DAL,2025-04-14,0.0,False,False,2025-07-21T00:00:00+00:00,valid,"{""expected_uncensored"": 4.104, ""family"": ""intermittent"", ""generator"": ""synthetic-1.0"", ""seed"": 42, ""shock_multiplier"": 1.0}"
049f94e1e6f730e4037fa177,sample-v1,SKU-0003,DAL,2025-04-15,26.0,False,False,2025-07-21T00:00:00+00:00,valid,"{""expected_uncensored"": 4.489, ""family"": ""intermittent"", ""generator"": ""synthetic-1.0"", ""seed"": 42, ""shock_multiplier"": 1.0}"
c145b9137c90923e46237fb4,sample-v1,SKU-0003,DAL,2025-04-16,0.0,False,False,2025-07-21T00:00:00+00:00,valid,"{""expected_uncensored"": 4.5841, ""family"": ""intermittent"", ""generator"": ""synthetic-1.0"", ""seed"": 42, ""shock_multiplier"": 1.0}"
e312fb30c013bb6f931fb5a5,sample-v1,SKU-0003,DAL,2025-04-17,0.0,False,False,2025-07-21T00:00:00+00:00,valid,"{""expected_uncensored"": 4.3177, ""family"": ""intermittent"", ""generator"": ""synthetic-1.0"", ""seed"": 42, ""shock_multiplier"": 1.0}"
5abd108b088ecbf7f7cbb10d,sample-v1,SKU-0003,DAL,2025-04-18,0.0,False,False,2025-07-21T00:00:00+00:00,valid,"{""expected_uncensored"": 3.8903, ""family"": ""intermittent"", ""generator"": ""synthetic-1.0"", ""seed"": 42, ""shock_multiplier"": 1.0}"
35c45f8ef07a197f49324e2f,sample-v1,SKU-0003,DAL,2025-04-19,0.0,False,False,2025-07-21T00:00:00+00:00,valid,"{""expected_uncensored"": 3.6239, ""family"": ""intermittent"", ""generator"": ""synthetic-1.0"", ""seed"": 42, ""shock_multiplier"": 1.0}"
f7eb0fd5248ba21b63e42dbd,sample-v1,SKU-0003,DAL,2025-04-20,0.0,False,False,2025-07-21T00:00:00+00:00,valid,"{""expected_uncensored"": 3.719, ""family"": ""intermittent"", ""generator"": ""synthetic-1.0"", ""seed"": 42, ""shock_multiplier"": 1.0}"
757fd560c143a7e71360463c,sample-v1,SKU-0003,DAL,2025-04-21,0.0,False,False,2025-07-21T00:00:00+00:00,valid,"{""expected_uncensored"": 4.104, ""family"": ""intermittent"", ""generator"": ""synthetic-1.0"", ""seed"": 42, ""shock_multiplier"": 1.0}"
304096844a5ab22fbdd7311b,sample-v1,SKU-0003,DAL,2025-04-22,0.0,False,False,2025-07-21T00:00:00+00:00,valid,"{""expected_uncensored"": 4.489, ""family"": ""intermittent"", ""generator"": ""synthetic-1.0"", ""seed"": 42, ""shock_multiplier"": 1.0}"
218513c19ce4fcb78b3f345d,sample-v1,SKU-0003,DAL,2025-04-23,0.0,False,False,2025-07-21T00:00:00+00:00,valid,"{""expected_uncensored"": 4.5841, ""family"": ""intermittent"", ""generator"": ""synthetic-1.0"", ""seed"": 42, ""shock_multiplier"": 1.0}"
a9b7ab1ae193f9f84c23da66,sample-v1,SKU-0003,DAL,2025-04-24,0.0,False,False,2025-07-21T00:00:00+00:00,valid,"{""expected_uncensored"": 4.3177, ""family"": ""intermittent"", ""generator"": ""synthetic-1.0"", ""seed"": 42, ""shock_multiplier"": 1.0}"
a83eecd05f50c6794fb790ea,sample-v1,SKU-0003,DAL,2025-04-25,0.0,False,False,2025-07-21T00:00:00+00:00,valid,"{""expected_uncensored"": 3.8903, ""family"": ""intermittent"", ""generator"": ""synthetic-1.0"", ""seed"": 42, ""shock_multiplier"": 1.0}"
4bcd7ba00c17fae281df1a11,sample-v1,SKU-0003,DAL,2025-04-26,0.0,False,False,2025-07-21T00:00:00+00:00,valid,"{""expected_uncensored"": 3.6239, ""family"": ""intermittent"", ""generator"": ""synthetic-1.0"", ""seed"": 42, ""shock_multiplier"": 1.0}"
1127a7f816ed7c0ed5f6ad74,sample-v1,SKU-0003,DAL,2025-04-27,0.0,False,False,2025-07-21T00:00:00+00:00,valid,"{""expected_uncensored"": 3.719, ""family"": ""intermittent"", ""generator"": ""synthetic-1.0"", ""seed"": 42, ""shock_multiplier"": 1.0}"
2f25af733bad05c3762fca73,sample-v1,SKU-0003,DAL,2025-04-28,0.0,False,False,2025-07-21T00:00:00+00:00,valid,"{""expected_uncensored"": 4.104, ""family"": ""intermittent"", ""generator"": ""synthetic-1.0"", ""seed"": 42, ""shock_multiplier"": 1.0}"
1cc6e096c491c73b37ae0e32,sample-v1,SKU-0003,DAL,2025-04-29,0.0,False,False,2025-07-21T00:00:00+00:00,valid,"{""expected_uncensored"": 4.489, ""family"": ""intermittent"", ""generator"": ""synthetic-1.0"", ""seed"": 42, ""shock_multiplier"": 1.0}"
44a4f225613a33cc9fa033dd,sample-v1,SKU-0003,DAL,2025-04-30,0.0,False,False,2025-07-21T00:00:00+00:00,valid,"{""expected_uncensored"": 4.5841, ""family"": ""intermittent"", ""generator"": ""synthetic-1.0"", ""seed"": 42, ""shock_multiplier"": 1.0}"
d2dea24ad905ff45a6dc0c5f,sample-v1,SKU-0003,DAL,2025-05-01,0.0,False,False,2025-07-21T00:00:00+00:00,valid,"{""expected_uncensored"": 4.3177, ""family"": ""intermittent"", ""generator"": ""synthetic-1.0"", ""seed"": 42, ""shock_multiplier"": 1.0}"
bc2563567b883b0516309c82,sample-v1,SKU-0003,DAL,2025-05-02,0.0,False,False,2025-07-21T00:00:00+00:00,valid,"{""expected_uncensored"": 3.8903, ""family"": ""intermittent"", ""generator"": ""synthetic-1.0"", ""seed"": 42, ""shock_multiplier"": 1.0}"
dc9cdf2dcb6adef9f2fcea89,sample-v1,SKU-0003,DAL,2025-05-03,17.0,False,False,2025-07-21T00:00:00+00:00,valid,"{""expected_uncensored"": 3.6239, ""family"": ""intermittent"", ""generator"": ""synthetic-1.0"", ""seed"": 42, ""shock_multiplier"": 1.0}"
d4515f37f2fb97c05cef08ff,sample-v1,SKU-0003,DAL,2025-05-04,0.0,False,False,2025-07-21T00:00:00+00:00,valid,"{""expected_uncensored"": 3.719, ""family"": ""intermittent"", ""generator"": ""synthetic-1.0"", ""seed"": 42, ""shock_multiplier"": 1.0}"
4a678c9fa1b6442e04ec5f8b,sample-v1,SKU-0003,DAL,2025-05-05,0.0,False,False,2025-07-21T00:00:00+00:00,valid,"{""expected_uncensored"": 4.104, ""family"": ""intermittent"", ""generator"": ""synthetic-1.0"", ""seed"": 42, ""shock_multiplier"": 1.0}"
1370ee3fb73ed91d6565a979,sample-v1,SKU-0003,DAL,2025-05-06,0.0,False,False,2025-07-21T00:00:00+00:00,valid,"{""expected_uncensored"": 4.489, ""family"": ""intermittent"", ""generator"": ""synthetic-1.0"", ""seed"": 42, ""shock_multiplier"": 1.0}"
50bb16c7a7c36b70adc3f296,sample-v1,SKU-0003,DAL,2025-05-07,0.0,False,False,2025-07-21T00:00:00+00:00,valid,"{""expected_uncensored"": 4.5841, ""family"": ""intermittent"", ""generator"": ""synthetic-1.0"", ""seed"": 42, ""shock_multiplier"": 1.0}"
a27854174b6401eb231f16e2,sample-v1,SKU-0003,DAL,2025-05-08,0.0,False,False,2025-07-21T00:00:00+00:00,valid,"{""expected_uncensored"": 4.3177, ""family"": ""intermittent"", ""generator"": ""synthetic-1.0"", ""seed"": 42, ""shock_multiplier"": 1.0}"
cee44c401a2ae2e1a7dd8201,sample-v1,SKU-0003,DAL,2025-05-09,0.0,False,False,2025-07-21T00:00:00+00:00,valid,"{""expected_uncensored"": 3.8903, ""family"": ""intermittent"", ""generator"": ""synthetic-1.0"", ""seed"": 42, ""shock_multiplier"": 1.0}"
77ee6e56ff90182578d69c46,sample-v1,SKU-0003,DAL,2025-05-10,0.0,False,False,2025-07-21T00:00:00+00:00,valid,"{""expected_uncensored"": 3.6239, ""family"": ""intermittent"", ""generator"": ""synthetic-1.0"", ""seed"": 42, ""shock_multiplier"": 1.0}"
8ddf6635c48ffea369cbdc48,sample-v1,SKU-0003,DAL,2025-05-11,0.0,False,False,2025-07-21T00:00:00+00:00,valid,"{""expected_uncensored"": 3.719, ""family"": ""intermittent"", ""generator"": ""synthetic-1.0"", ""seed"": 42, ""shock_multiplier"": 1.0}"
3c9be3e9d3ab283ca9fb985a,sample-v1,SKU-0003,DAL,2025-05-12,27.0,False,False,2025-07-21T00:00:00+00:00,valid,"{""expected_uncensored"": 4.104, ""family"": ""intermittent"", ""generator"": ""synthetic-1.0"", ""seed"": 42, ""shock_multiplier"": 1.0}"
4adcc503b2ff4a0168ce6354,sample-v1,SKU-0003,DAL,2025-05-13,0.0,True,False,2025-07-21T00:00:00+00:00,valid,"{""expected_uncensored"": 7.4069, ""family"": ""intermittent"", ""generator"": ""synthetic-1.0"", ""seed"": 42, ""shock_multiplier"": 1.0}"
6fb9c1ade9f4107a309ce19c,sample-v1,SKU-0003,DAL,2025-05-14,0.0,True,False,2025-07-21T00:00:00+00:00,valid,"{""expected_uncensored"": 7.5638, ""family"": ""intermittent"", ""generator"": ""synthetic-1.0"", ""seed"": 42, ""shock_multiplier"": 1.0}"
98a18b676b3926a8b3d30f42,sample-v1,SKU-0003,DAL,2025-05-15,0.0,True,False,2025-07-21T00:00:00+00:00,valid,"{""expected_uncensored"": 7.1242, ""family"": ""intermittent"", ""generator"": ""synthetic-1.0"", ""seed"": 42, ""shock_multiplier"": 1.0}"
c517339e6325bb3c32714842,sample-v1,SKU-0003,DAL,2025-05-16,0.0,True,False,2025-07-21T00:00:00+00:00,valid,"{""expected_uncensored"": 6.419, ""family"": ""intermittent"", ""generator"": ""synthetic-1.0"", ""seed"": 42, ""shock_multiplier"": 1.0}"
b3a8e9c4b410fd355fa76342,sample-v1,SKU-0003,DAL,2025-05-17,36.0,True,False,2025-07-21T00:00:00+00:00,valid,"{""expected_uncensored"": 5.9794, ""family"": ""intermittent"", ""generator"": ""synthetic-1.0"", ""seed"": 42, ""shock_multiplier"": 1.0}"
f87588ed300175dc4ba696b7,sample-v1,SKU-0003,DAL,2025-05-18,0.0,True,False,2025-07-21T00:00:00+00:00,valid,"{""expected_uncensored"": 6.1363, ""family"": ""intermittent"", ""generator"": ""synthetic-1.0"", ""seed"": 42, ""shock_multiplier"": 1.0}"
641f933b2438ba051ab2ab05,sample-v1,SKU-0003,DAL,2025-05-19,0.0,True,False,2025-07-21T00:00:00+00:00,valid,"{""expected_uncensored"": 6.7716, ""family"": ""intermittent"", ""generator"": ""synthetic-1.0"", ""seed"": 42, ""shock_multiplier"": 1.0}"
223db03278ddac6999d7e304,sample-v1,SKU-0003,DAL,2025-05-20,0.0,False,False,2025-07-21T00:00:00+00:00,valid,"{""expected_uncensored"": 4.489, ""family"": ""intermittent"", ""generator"": ""synthetic-1.0"", ""seed"": 42, ""shock_multiplier"": 1.0}"
fb3a422bd9aee79d45ecaffa,sample-v1,SKU-0003,DAL,2025-05-21,0.0,False,False,2025-07-21T00:00:00+00:00,valid,"{""expected_uncensored"": 4.5841, ""family"": ""intermittent"", ""generator"": ""synthetic-1.0"", ""seed"": 42, ""shock_multiplier"": 1.0}"
1953ff14751d1f3a7220b3f7,sample-v1,SKU-0003,DAL,2025-05-22,0.0,False,False,2025-07-21T00:00:00+00:00,valid,"{""expected_uncensored"": 4.3177, ""family"": ""intermittent"", ""generator"": ""synthetic-1.0"", ""seed"": 42, ""shock_multiplier"": 1.0}"
6184c4084f2f40d0dc815e96,sample-v1,SKU-0003,DAL,2025-05-23,0.0,False,False,2025-07-21T00:00:00+00:00,valid,"{""expected_uncensored"": 3.8903, ""family"": ""intermittent"", ""generator"": ""synthetic-1.0"", ""seed"": 42, ""shock_multiplier"": 1.0}"
21597d75268f4b76f8e4d872,sample-v1,SKU-0003,DAL,2025-05-24,0.0,False,False,2025-07-21T00:00:00+00:00,valid,"{""expected_uncensored"": 3.6239, ""family"": ""intermittent"", ""generator"": ""synthetic-1.0"", ""seed"": 42, ""shock_multiplier"": 1.0}"
aeb31d6ed92520142556666a,sample-v1,SKU-0003,DAL,2025-05-25,0.0,False,False,2025-07-21T00:00:00+00:00,valid,"{""expected_uncensored"": 3.719, ""family"": ""intermittent"", ""generator"": ""synthetic-1.0"", ""seed"": 42, ""shock_multiplier"": 1.0}"
5d43528e6f3e49e5c4df8747,sample-v1,SKU-0003,DAL,2025-05-26,0.0,False,False,2025-07-21T00:00:00+00:00,valid,"{""expected_uncensored"": 4.104, ""family"": ""intermittent"", ""generator"": ""synthetic-1.0"", ""seed"": 42, ""shock_multiplier"": 1.0}"
f57286d4e5eb1075ed0a74d5,sample-v1,SKU-0003,DAL,2025-05-27,0.0,False,False,2025-07-21T00:00:00+00:00,valid,"{""expected_uncensored"": 4.489, ""family"": ""intermittent"", ""generator"": ""synthetic-1.0"", ""seed"": 42, ""shock_multiplier"": 1.0}"
6d156f5ca1eb0b28b7ed570b,sample-v1,SKU-0003,DAL,2025-05-28,0.0,False,False,2025-07-21T00:00:00+00:00,valid,"{""expected_uncensored"": 4.5841, ""family"": ""intermittent"", ""generator"": ""synthetic-1.0"", ""seed"": 42, ""shock_multiplier"": 1.0}"
c08fde06ab8ed5e1f9bd5298,sample-v1,SKU-0003,DAL,2025-05-29,0.0,False,False,2025-07-21T00:00:00+00:00,valid,"{""expected_uncensored"": 4.3177, ""family"": ""intermittent"", ""generator"": ""synthetic-1.0"", ""seed"": 42, ""shock_multiplier"": 1.0}"
237f73a892b1647609d71211,sample-v1,SKU-0003,DAL,2025-05-30,0.0,False,False,2025-07-21T00:00:00+00:00,valid,"{""expected_uncensored"": 3.8903, ""family"": ""intermittent"", ""generator"": ""synthetic-1.0"", ""seed"": 42, ""shock_multiplier"": 1.0}"
ebc5a7a77213b116d89ff504,sample-v1,SKU-0003,DAL,2025-05-31,0.0,False,False,2025-07-21T00:00:00+00:00,valid,"{""expected_uncensored"": 3.6239, ""family"": ""intermittent"", ""generator"": ""synthetic-1.0"", ""seed"": 42, ""shock_multiplier"": 1.0}"
6a2fb46ba2be0fc3438fc032,sample-v1,SKU-0003,DAL,2025-06-01,0.0,False,False,2025-07-21T00:00:00+00:00,valid,"{""expected_uncensored"": 3.719, ""family"": ""intermittent"", ""generator"": ""synthetic-1.0"", ""seed"": 42, ""shock_multiplier"": 1.0}"
e3c786df654f1629a8210ce9,sample-v1,SKU-0003,DAL,2025-06-02,0.0,False,False,2025-07-21T00:00:00+00:00,valid,"{""expected_uncensored"": 4.104, ""family"": ""intermittent"", ""generator"": ""synthetic-1.0"", ""seed"": 42, ""shock_multiplier"": 1.0}"
5613144285473ea97bfb747f,sample-v1,SKU-0003,DAL,2025-06-03,0.0,False,False,2025-07-21T00:00:00+00:00,valid,"{""expected_uncensored"": 4.489, ""family"": ""intermittent"", ""generator"": ""synthetic-1.0"", ""seed"": 42, ""shock_multiplier"": 1.0}"
3e1b1430404a13331c1b3d45,sample-v1,SKU-0003,DAL,2025-06-04,0.0,False,False,2025-07-21T00:00:00+00:00,valid,"{""expected_uncensored"": 4.5841, ""family"": ""intermittent"", ""generator"": ""synthetic-1.0"", ""seed"": 42, ""shock_multiplier"": 1.0}"
b451c20757e16296037bd340,sample-v1,SKU-0003,DAL,2025-06-05,0.0,False,False,2025-07-21T00:00:00+00:00,valid,"{""expected_uncensored"": 4.3177, ""family"": ""intermittent"", ""generator"": ""synthetic-1.0"", ""seed"": 42, ""shock_multiplier"": 1.0}"
15cba6fc662fc82debc28257,sample-v1,SKU-0003,DAL,2025-06-06,18.0,False,False,2025-07-21T00:00:00+00:00,valid,"{""expected_uncensored"": 3.8903, ""family"": ""intermittent"", ""generator"": ""synthetic-1.0"", ""seed"": 42, ""shock_multiplier"": 1.0}"
e467320496f04c11c5a98c9f,sample-v1,SKU-0003,DAL,2025-06-07,0.0,False,False,2025-07-21T00:00:00+00:00,valid,"{""expected_uncensored"": 3.6239, ""family"": ""intermittent"", ""generator"": ""synthetic-1.0"", ""seed"": 42, ""shock_multiplier"": 1.0}"
d10d5cb000f7e2b60ef255c5,sample-v1,SKU-0003,DAL,2025-06-08,0.0,False,False,2025-07-21T00:00:00+00:00,valid,"{""expected_uncensored"": 3.719, ""family"": ""intermittent"", ""generator"": ""synthetic-1.0"", ""seed"": 42, ""shock_multiplier"": 1.0}"
04dbae8d0e5d7c0a09ded1b6,sample-v1,SKU-0003,DAL,2025-06-09,0.0,False,False,2025-07-21T00:00:00+00:00,valid,"{""expected_uncensored"": 4.104, ""family"": ""intermittent"", ""generator"": ""synthetic-1.0"", ""seed"": 42, ""shock_multiplier"": 1.0}"
171ac235d6101ce88ff80d83,sample-v1,SKU-0003,DAL,2025-06-10,23.0,False,False,2025-07-21T00:00:00+00:00,valid,"{""expected_uncensored"": 4.489, ""family"": ""intermittent"", ""generator"": ""synthetic-1.0"", ""seed"": 42, ""shock_multiplier"": 1.0}"
fa40d9a3c8c7d091597ac50b,sample-v1,SKU-0003,DAL,2025-06-11,0.0,False,False,2025-07-21T00:00:00+00:00,valid,"{""expected_uncensored"": 4.5841, ""family"": ""intermittent"", ""generator"": ""synthetic-1.0"", ""seed"": 42, ""shock_multiplier"": 1.0}"
bab3e0cf9c285da60fd00df0,sample-v1,SKU-0003,DAL,2025-06-12,0.0,False,False,2025-07-21T00:00:00+00:00,valid,"{""expected_uncensored"": 4.3177, ""family"": ""intermittent"", ""generator"": ""synthetic-1.0"", ""seed"": 42, ""shock_multiplier"": 1.0}"
6e4faaa87b8c481e66bc0c70,sample-v1,SKU-0003,DAL,2025-06-13,19.0,False,False,2025-07-21T00:00:00+00:00,valid,"{""expected_uncensored"": 3.8903, ""family"": ""intermittent"", ""generator"": ""synthetic-1.0"", ""seed"": 42, ""shock_multiplier"": 1.0}"
e2fac40ca3b9ebd77036558a,sample-v1,SKU-0003,DAL,2025-06-14,0.0,False,False,2025-07-21T00:00:00+00:00,valid,"{""expected_uncensored"": 3.6239, ""family"": ""intermittent"", ""generator"": ""synthetic-1.0"", ""seed"": 42, ""shock_multiplier"": 1.0}"
90d76485c5d0226105affc16,sample-v1,SKU-0003,DAL,2025-06-15,0.0,False,False,2025-07-21T00:00:00+00:00,valid,"{""expected_uncensored"": 3.719, ""family"": ""intermittent"", ""generator"": ""synthetic-1.0"", ""seed"": 42, ""shock_multiplier"": 1.0}"
a44cc401c41a8568f188e5af,sample-v1,SKU-0003,DAL,2025-06-16,20.0,False,False,2025-07-21T00:00:00+00:00,valid,"{""expected_uncensored"": 4.104, ""family"": ""intermittent"", ""generator"": ""synthetic-1.0"", ""seed"": 42, ""shock_multiplier"": 1.0}"
55baa239cac9ae0d98a04c61,sample-v1,SKU-0003,DAL,2025-06-17,28.0,False,False,2025-07-21T00:00:00+00:00,valid,"{""expected_uncensored"": 4.489, ""family"": ""intermittent"", ""generator"": ""synthetic-1.0"", ""seed"": 42, ""shock_multiplier"": 1.0}"
47ed389e863a982e2832a63e,sample-v1,SKU-0003,DAL,2025-06-18,16.0,False,False,2025-07-21T00:00:00+00:00,valid,"{""expected_uncensored"": 4.5841, ""family"": ""intermittent"", ""generator"": ""synthetic-1.0"", ""seed"": 42, ""shock_multiplier"": 1.0}"
795d53395856ce12f64876d9,sample-v1,SKU-0003,DAL,2025-06-19,19.0,False,False,2025-07-21T00:00:00+00:00,valid,"{""expected_uncensored"": 4.3177, ""family"": ""intermittent"", ""generator"": ""synthetic-1.0"", ""seed"": 42, ""shock_multiplier"": 1.0}"
5f14e280e680275d6e2871c4,sample-v1,SKU-0003,DAL,2025-06-20,17.0,False,False,2025-07-21T00:00:00+00:00,valid,"{""expected_uncensored"": 3.8903, ""family"": ""intermittent"", ""generator"": ""synthetic-1.0"", ""seed"": 42, ""shock_multiplier"": 1.0}"
635cd16d2a1d18a1295b85ae,sample-v1,SKU-0003,DAL,2025-06-21,0.0,False,False,2025-07-21T00:00:00+00:00,valid,"{""expected_uncensored"": 3.6239, ""family"": ""intermittent"", ""generator"": ""synthetic-1.0"", ""seed"": 42, ""shock_multiplier"": 1.0}"
46a9104e692be6add150e27e,sample-v1,SKU-0003,DAL,2025-06-22,0.0,False,False,2025-07-21T00:00:00+00:00,valid,"{""expected_uncensored"": 3.719, ""family"": ""intermittent"", ""generator"": ""synthetic-1.0"", ""seed"": 42, ""shock_multiplier"": 1.0}"
5fe6cc592b976e2bbcde7bf1,sample-v1,SKU-0003,DAL,2025-06-23,0.0,False,False,2025-07-21T00:00:00+00:00,valid,"{""expected_uncensored"": 4.104, ""family"": ""intermittent"", ""generator"": ""synthetic-1.0"", ""seed"": 42, ""shock_multiplier"": 1.0}"
149d208668b586e80dfbb6c5,sample-v1,SKU-0003,DAL,2025-06-24,0.0,False,False,2025-07-21T00:00:00+00:00,valid,"{""expected_uncensored"": 4.489, ""family"": ""intermittent"", ""generator"": ""synthetic-1.0"", ""seed"": 42, ""shock_multiplier"": 1.0}"
bef02e73d9b2679a19962e88,sample-v1,SKU-0003,DAL,2025-06-25,0.0,False,False,2025-07-21T00:00:00+00:00,valid,"{""expected_uncensored"": 4.5841, ""family"": ""intermittent"", ""generator"": ""synthetic-1.0"", ""seed"": 42, ""shock_multiplier"": 1.0}"
0b3e7743d8cb21a5f9a6b15b,sample-v1,SKU-0003,DAL,2025-06-26,0.0,False,False,2025-07-21T00:00:00+00:00,valid,"{""expected_uncensored"": 4.3177, ""family"": ""intermittent"", ""generator"": ""synthetic-1.0"", ""seed"": 42, ""shock_multiplier"": 1.0}"
c6bbf11a7bd46ad68c6f5dc7,sample-v1,SKU-0003,DAL,2025-06-27,0.0,False,False,2025-07-21T00:00:00+00:00,valid,"{""expected_uncensored"": 3.8903, ""family"": ""intermittent"", ""generator"": ""synthetic-1.0"", ""seed"": 42, ""shock_multiplier"": 1.0}"
ad5da5233fbd7ac875de99fa,sample-v1,SKU-0003,DAL,2025-06-28,0.0,False,False,2025-07-21T00:00:00+00:00,valid,"{""expected_uncensored"": 3.6239, ""family"": ""intermittent"", ""generator"": ""synthetic-1.0"", ""seed"": 42, ""shock_multiplier"": 1.0}"
7e3a4fcf727f734f508ee691,sample-v1,SKU-0003,DAL,2025-06-29,0.0,False,False,2025-07-21T00:00:00+00:00,valid,"{""expected_uncensored"": 3.719, ""family"": ""intermittent"", ""generator"": ""synthetic-1.0"", ""seed"": 42, ""shock_multiplier"": 1.0}"
c8fd810a3063382f93690061,sample-v1,SKU-0003,DAL,2025-06-30,0.0,False,False,2025-07-21T00:00:00+00:00,valid,"{""expected_uncensored"": 4.104, ""family"": ""intermittent"", ""generator"": ""synthetic-1.0"", ""seed"": 42, ""shock_multiplier"": 1.0}"
321f6039c359b198df34fd8b,sample-v1,SKU-0003,DAL,2025-07-01,0.0,False,False,2025-07-21T00:00:00+00:00,valid,"{""expected_uncensored"": 4.489, ""family"": ""intermittent"", ""generator"": ""synthetic-1.0"", ""seed"": 42, ""shock_multiplier"": 1.0}"
d3f5548d70f4a802e7feb3cf,sample-v1,SKU-0003,DAL,2025-07-02,0.0,False,False,2025-07-21T00:00:00+00:00,valid,"{""expected_uncensored"": 4.5841, ""family"": ""intermittent"", ""generator"": ""synthetic-1.0"", ""seed"": 42, ""shock_multiplier"": 1.0}"
bc66ea62c758afbd1c467573,sample-v1,SKU-0003,DAL,2025-07-03,0.0,False,False,2025-07-21T00:00:00+00:00,valid,"{""expected_uncensored"": 4.3177, ""family"": ""intermittent"", ""generator"": ""synthetic-1.0"", ""seed"": 42, ""shock_multiplier"": 1.0}"
d230d83274a17c710dd248f8,sample-v1,SKU-0003,DAL,2025-07-04,18.0,False,False,2025-07-21T00:00:00+00:00,valid,"{""expected_uncensored"": 3.8903, ""family"": ""intermittent"", ""generator"": ""synthetic-1.0"", ""seed"": 42, ""shock_multiplier"": 1.0}"
88440e9e981bed6192574298,sample-v1,SKU-0003,DAL,2025-07-05,0.0,False,False,2025-07-21T00:00:00+00:00,valid,"{""expected_uncensored"": 3.6239, ""family"": ""intermittent"", ""generator"": ""synthetic-1.0"", ""seed"": 42, ""shock_multiplier"": 1.0}"
5e176fef739d5aa6b3f29ace,sample-v1,SKU-0003,DAL,2025-07-06,0.0,False,False,2025-07-21T00:00:00+00:00,valid,"{""expected_uncensored"": 3.719, ""family"": ""intermittent"", ""generator"": ""synthetic-1.0"", ""seed"": 42, ""shock_multiplier"": 1.0}"
af7a263650ca7ffd2902da4b,sample-v1,SKU-0003,DAL,2025-07-07,0.0,False,False,2025-07-21T00:00:00+00:00,valid,"{""expected_uncensored"": 4.104, ""family"": ""intermittent"", ""generator"": ""synthetic-1.0"", ""seed"": 42, ""shock_multiplier"": 1.0}"
8d1468d8373287e9bc0f48be,sample-v1,SKU-0003,DAL,2025-07-08,0.0,False,False,2025-07-21T00:00:00+00:00,valid,"{""expected_uncensored"": 4.489, ""family"": ""intermittent"", ""generator"": ""synthetic-1.0"", ""seed"": 42, ""shock_multiplier"": 1.0}"
31f8687e5ede4c658c60fe22,sample-v1,SKU-0003,DAL,2025-07-09,0.0,False,False,2025-07-21T00:00:00+00:00,valid,"{""expected_uncensored"": 4.5841, ""family"": ""intermittent"", ""generator"": ""synthetic-1.0"", ""seed"": 42, ""shock_multiplier"": 1.0}"
e3b176bf821647d9a2cde4f3,sample-v1,SKU-0003,DAL,2025-07-10,0.0,False,False,2025-07-21T00:00:00+00:00,valid,"{""expected_uncensored"": 4.3177, ""family"": ""intermittent"", ""generator"": ""synthetic-1.0"", ""seed"": 42, ""shock_multiplier"": 1.0}"
9537b20b23e8b25082576a99,sample-v1,SKU-0003,DAL,2025-07-11,0.0,False,False,2025-07-21T00:00:00+00:00,valid,"{""expected_uncensored"": 3.8903, ""family"": ""intermittent"", ""generator"": ""synthetic-1.0"", ""seed"": 42, ""shock_multiplier"": 1.0}"
96ca277c6d9691b03a1abeea,sample-v1,SKU-0003,DAL,2025-07-12,0.0,False,False,2025-07-21T00:00:00+00:00,valid,"{""expected_uncensored"": 3.6239, ""family"": ""intermittent"", ""generator"": ""synthetic-1.0"", ""seed"": 42, ""shock_multiplier"": 1.0}"
fdb316b509827dbbe06c6d92,sample-v1,SKU-0003,DAL,2025-07-13,0.0,False,False,2025-07-21T00:00:00+00:00,valid,"{""expected_uncensored"": 3.719, ""family"": ""intermittent"", ""generator"": ""synthetic-1.0"", ""seed"": 42, ""shock_multiplier"": 1.0}"
2ea3ec6b92709e5004b2e22a,sample-v1,SKU-0003,DAL,2025-07-14,0.0,False,False,2025-07-21T00:00:00+00:00,valid,"{""expected_uncensored"": 4.104, ""family"": ""intermittent"", ""generator"": ""synthetic-1.0"", ""seed"": 42, ""shock_multiplier"": 1.0}"
852059a6b69233cbcfc244ab,sample-v1,SKU-0003,DAL,2025-07-15,0.0,True,False,2025-07-21T00:00:00+00:00,valid,"{""expected_uncensored"": 7.4069, ""family"": ""intermittent"", ""generator"": ""synthetic-1.0"", ""seed"": 42, ""shock_multiplier"": 1.0}"
7ff5e221d7522d4e9aaeed66,sample-v1,SKU-0003,DAL,2025-07-16,0.0,True,False,2025-07-21T00:00:00+00:00,valid,"{""expected_uncensored"": 7.5638, ""family"": ""intermittent"", ""generator"": ""synthetic-1.0"", ""seed"": 42, ""shock_multiplier"": 1.0}"
6c8da272b692ccc65b135c27,sample-v1,SKU-0003,DAL,2025-07-17,0.0,True,False,2025-07-21T00:00:00+00:00,valid,"{""expected_uncensored"": 7.1242, ""family"": ""intermittent"", ""generator"": ""synthetic-1.0"", ""seed"": 42, ""shock_multiplier"": 1.0}"
ad951a3bf1188a8d759d9f80,sample-v1,SKU-0003,DAL,2025-07-18,0.0,True,False,2025-07-21T00:00:00+00:00,valid,"{""expected_uncensored"": 6.419, ""family"": ""intermittent"", ""generator"": ""synthetic-1.0"", ""seed"": 42, ""shock_multiplier"": 1.0}"
52a7b21a91323b5eeb4fd551,sample-v1,SKU-0003,DAL,2025-07-19,0.0,True,False,2025-07-21T00:00:00+00:00,valid,"{""expected_uncensored"": 5.9794, ""family"": ""intermittent"", ""generator"": ""synthetic-1.0"", ""seed"": 42, ""shock_multiplier"": 1.0}"
af187bb4213f676cd1c51f36,sample-v1,SKU-0003,DAL,2025-07-20,0.0,True,False,2025-07-21T00:00:00+00:00,valid,"{""expected_uncensored"": 6.1363, ""family"": ""intermittent"", ""generator"": ""synthetic-1.0"", ""seed"": 42, ""shock_multiplier"": 1.0}"
c70417c4e238823ae85be5fd,sample-v1,SKU-0003,SEA,2025-01-06,0.0,False,False,2025-07-21T00:00:00+00:00,valid,"{""expected_uncensored"": 5.434, ""family"": ""intermittent"", ""generator"": ""synthetic-1.0"", ""seed"": 42, ""shock_multiplier"": 1.0}"
f224c76de49d54b7568693d0,sample-v1,SKU-0003,SEA,2025-01-07,0.0,True,False,2025-07-21T00:00:00+00:00,valid,"{""expected_uncensored"": 9.8073, ""family"": ""intermittent"", ""generator"": ""synthetic-1.0"", ""seed"": 42, ""shock_multiplier"": 1.0}"
40939025db4f8906aa374186,sample-v1,SKU-0003,SEA,2025-01-08,0.0,True,False,2025-07-21T00:00:00+00:00,valid,"{""expected_uncensored"": 10.0151, ""family"": ""intermittent"", ""generator"": ""synthetic-1.0"", ""seed"": 42, ""shock_multiplier"": 1.0}"
af08c59765046adb6a10a523,sample-v1,SKU-0003,SEA,2025-01-09,0.0,True,False,2025-07-21T00:00:00+00:00,valid,"{""expected_uncensored"": 9.4329, ""family"": ""intermittent"", ""generator"": ""synthetic-1.0"", ""seed"": 42, ""shock_multiplier"": 1.0}"
ecd72617b9df82d7680886cf,sample-v1,SKU-0003,SEA,2025-01-10,0.0,True,False,2025-07-21T00:00:00+00:00,valid,"{""expected_uncensored"": 8.4993, ""family"": ""intermittent"", ""generator"": ""synthetic-1.0"", ""seed"": 42, ""shock_multiplier"": 1.0}"
4b698d17fa2cd85155f798a5,sample-v1,SKU-0003,SEA,2025-01-11,0.0,True,False,2025-07-21T00:00:00+00:00,valid,"{""expected_uncensored"": 7.9171, ""family"": ""intermittent"", ""generator"": ""synthetic-1.0"", ""seed"": 42, ""shock_multiplier"": 1.0}"
a13454dd93280e0756c943fd,sample-v1,SKU-0003,SEA,2025-01-12,40.0,True,False,2025-07-21T00:00:00+00:00,valid,"{""expected_uncensored"": 8.1249, ""family"": ""intermittent"", ""generator"": ""synthetic-1.0"", ""seed"": 42, ""shock_multiplier"": 1.0}"
aef92f003637ad6d67e0bdfa,sample-v1,SKU-0003,SEA,2025-01-13,0.0,True,False,2025-07-21T00:00:00+00:00,valid,"{""expected_uncensored"": 8.9661, ""family"": ""intermittent"", ""generator"": ""synthetic-1.0"", ""seed"": 42, ""shock_multiplier"": 1.0}"
a6a3976a0d2ae4e886bfa25c,sample-v1,SKU-0003,SEA,2025-01-14,0.0,False,False,2025-07-21T00:00:00+00:00,valid,"{""expected_uncensored"": 5.9438, ""family"": ""intermittent"", ""generator"": ""synthetic-1.0"", ""seed"": 42, ""shock_multiplier"": 1.0}"
72a70c881060ea0920567e5a,sample-v1,SKU-0003,SEA,2025-01-15,0.0,False,False,2025-07-21T00:00:00+00:00,valid,"{""expected_uncensored"": 6.0697, ""family"": ""intermittent"", ""generator"": ""synthetic-1.0"", ""seed"": 42, ""shock_multiplier"": 1.0}"
6750579928a29cad7f8f947c,sample-v1,SKU-0003,SEA,2025-01-16,0.0,False,False,2025-07-21T00:00:00+00:00,valid,"{""expected_uncensored"": 5.7169, ""family"": ""intermittent"", ""generator"": ""synthetic-1.0"", ""seed"": 42, ""shock_multiplier"": 1.0}"
2c00bd55e4c010a77f66d4fb,sample-v1,SKU-0003,SEA,2025-01-17,0.0,False,False,2025-07-21T00:00:00+00:00,valid,"{""expected_uncensored"": 5.1511, ""family"": ""intermittent"", ""generator"": ""synthetic-1.0"", ""seed"": 42, ""shock_multiplier"": 1.0}"
1a4f7b2a4135e03514a1e07c,sample-v1,SKU-0003,SEA,2025-01-18,0.0,False,False,2025-07-21T00:00:00+00:00,valid,"{""expected_uncensored"": 4.7983, ""family"": ""intermittent"", ""generator"": ""synthetic-1.0"", ""seed"": 42, ""shock_multiplier"": 1.0}"
8137a8ca13c1b10abcc03a02,sample-v1,SKU-0003,SEA,2025-01-19,0.0,False,False,2025-07-21T00:00:00+00:00,valid,"{""expected_uncensored"": 4.9242, ""family"": ""intermittent"", ""generator"": ""synthetic-1.0"", ""seed"": 42, ""shock_multiplier"": 1.0}"
8ee789c4c16ea6f86bca23cd,sample-v1,SKU-0003,SEA,2025-01-20,0.0,False,False,2025-07-21T00:00:00+00:00,valid,"{""expected_uncensored"": 5.434, ""family"": ""intermittent"", ""generator"": ""synthetic-1.0"", ""seed"": 42, ""shock_multiplier"": 1.0}"
4ec97451bdccfad15885aad4,sample-v1,SKU-0003,SEA,2025-01-21,0.0,False,False,2025-07-21T00:00:00+00:00,valid,"{""expected_uncensored"": 5.9438, ""family"": ""intermittent"", ""generator"": ""synthetic-1.0"", ""seed"": 42, ""shock_multiplier"": 1.0}"
36b3d9f121c1abe0897ceb7e,sample-v1,SKU-0003,SEA,2025-01-22,0.0,False,False,2025-07-21T00:00:00+00:00,valid,"{""expected_uncensored"": 6.0697, ""family"": ""intermittent"", ""generator"": ""synthetic-1.0"", ""seed"": 42, ""shock_multiplier"": 1.0}"
fc81abdf209856ff66f0ecdd,sample-v1,SKU-0003,SEA,2025-01-23,0.0,False,False,2025-07-21T00:00:00+00:00,valid,"{""expected_uncensored"": 5.7169, ""family"": ""intermittent"", ""generator"": ""synthetic-1.0"", ""seed"": 42, ""shock_multiplier"": 1.0}"
53f1116190360046bdf8294e,sample-v1,SKU-0003,SEA,2025-01-24,0.0,False,False,2025-07-21T00:00:00+00:00,valid,"{""expected_uncensored"": 5.1511, ""family"": ""intermittent"", ""generator"": ""synthetic-1.0"", ""seed"": 42, ""shock_multiplier"": 1.0}"
6dff1e88513da279bbeb8382,sample-v1,SKU-0003,SEA,2025-01-25,0.0,False,False,2025-07-21T00:00:00+00:00,valid,"{""expected_uncensored"": 4.7983, ""family"": ""intermittent"", ""generator"": ""synthetic-1.0"", ""seed"": 42, ""shock_multiplier"": 1.0}"
eb0e90f56398d074322265d5,sample-v1,SKU-0003,SEA,2025-01-26,0.0,False,False,2025-07-21T00:00:00+00:00,valid,"{""expected_uncensored"": 4.9242, ""family"": ""intermittent"", ""generator"": ""synthetic-1.0"", ""seed"": 42, ""shock_multiplier"": 1.0}"
303395f4c5d4d456d8f52dd8,sample-v1,SKU-0003,SEA,2025-01-27,29.0,False,False,2025-07-21T00:00:00+00:00,valid,"{""expected_uncensored"": 5.434, ""family"": ""intermittent"", ""generator"": ""synthetic-1.0"", ""seed"": 42, ""shock_multiplier"": 1.0}"
df3193e018d9b4597de7093f,sample-v1,SKU-0003,SEA,2025-01-28,0.0,False,False,2025-07-21T00:00:00+00:00,valid,"{""expected_uncensored"": 5.9438, ""family"": ""intermittent"", ""generator"": ""synthetic-1.0"", ""seed"": 42, ""shock_multiplier"": 1.0}"
c2291dac8d1f33a2c2036063,sample-v1,SKU-0003,SEA,2025-01-29,30.0,False,False,2025-07-21T00:00:00+00:00,valid,"{""expected_uncensored"": 6.0697, ""family"": ""intermittent"", ""generator"": ""synthetic-1.0"", ""seed"": 42, ""shock_multiplier"": 1.0}"
8ce5d05dbcfa980c71c4291d,sample-v1,SKU-0003,SEA,2025-01-30,0.0,False,False,2025-07-21T00:00:00+00:00,valid,"{""expected_uncensored"": 5.7169, ""family"": ""intermittent"", ""generator"": ""synthetic-1.0"", ""seed"": 42, ""shock_multiplier"": 1.0}"
4a346889febea974815eb251,sample-v1,SKU-0003,SEA,2025-01-31,22.0,False,False,2025-07-21T00:00:00+00:00,valid,"{""expected_uncensored"": 5.1511, ""family"": ""intermittent"", ""generator"": ""synthetic-1.0"", ""seed"": 42, ""shock_multiplier"": 1.0}"
4dcfb1de176e1bf1a531e017,sample-v1,SKU-0003,SEA,2025-02-01,0.0,False,False,2025-07-21T00:00:00+00:00,valid,"{""expected_uncensored"": 4.7983, ""family"": ""intermittent"", ""generator"": ""synthetic-1.0"", ""seed"": 42, ""shock_multiplier"": 1.0}"
9c786429068263849980c5a0,sample-v1,SKU-0003,SEA,2025-02-02,0.0,False,False,2025-07-21T00:00:00+00:00,valid,"{""expected_uncensored"": 4.9242, ""family"": ""intermittent"", ""generator"": ""synthetic-1.0"", ""seed"": 42, ""shock_multiplier"": 1.0}"
ccc2fc44e599794f7aec2077,sample-v1,SKU-0003,SEA,2025-02-03,0.0,False,False,2025-07-21T00:00:00+00:00,valid,"{""expected_uncensored"": 5.434, ""family"": ""intermittent"", ""generator"": ""synthetic-1.0"", ""seed"": 42, ""shock_multiplier"": 1.0}"
18562725f9672f6d3ba5ee0f,sample-v1,SKU-0003,SEA,2025-02-04,0.0,False,False,2025-07-21T00:00:00+00:00,valid,"{""expected_uncensored"": 5.9438, ""family"": ""intermittent"", ""generator"": ""synthetic-1.0"", ""seed"": 42, ""shock_multiplier"": 1.0}"
3997b0e081c3c90d7592751f,sample-v1,SKU-0003,SEA,2025-02-05,33.0,False,False,2025-07-21T00:00:00+00:00,valid,"{""expected_uncensored"": 6.0697, ""family"": ""intermittent"", ""generator"": ""synthetic-1.0"", ""seed"": 42, ""shock_multiplier"": 1.0}"
ab1c5ab2e81b2cd6e482bba2,sample-v1,SKU-0003,SEA,2025-02-06,0.0,False,False,2025-07-21T00:00:00+00:00,valid,"{""expected_uncensored"": 5.7169, ""family"": ""intermittent"", ""generator"": ""synthetic-1.0"", ""seed"": 42, ""shock_multiplier"": 1.0}"
500d6fb92d9977718f901988,sample-v1,SKU-0003,SEA,2025-02-07,34.0,False,False,2025-07-21T00:00:00+00:00,valid,"{""expected_uncensored"": 5.1511, ""family"": ""intermittent"", ""generator"": ""synthetic-1.0"", ""seed"": 42, ""shock_multiplier"": 1.0}"
a9e2e39c0019facb34035be5,sample-v1,SKU-0003,SEA,2025-02-08,0.0,False,False,2025-07-21T00:00:00+00:00,valid,"{""expected_uncensored"": 4.7983, ""family"": ""intermittent"", ""generator"": ""synthetic-1.0"", ""seed"": 42, ""shock_multiplier"": 1.0}"
f803251ae19405ea56f8fe03,sample-v1,SKU-0003,SEA,2025-02-09,0.0,False,False,2025-07-21T00:00:00+00:00,valid,"{""expected_uncensored"": 4.9242, ""family"": ""intermittent"", ""generator"": ""synthetic-1.0"", ""seed"": 42, ""shock_multiplier"": 1.0}"
b62547744d7150795b18bfa7,sample-v1,SKU-0003,SEA,2025-02-10,0.0,False,False,2025-07-21T00:00:00+00:00,valid,"{""expected_uncensored"": 5.434, ""family"": ""intermittent"", ""generator"": ""synthetic-1.0"", ""seed"": 42, ""shock_multiplier"": 1.0}"
cdc567c785903437c5eb662e,sample-v1,SKU-0003,SEA,2025-02-11,0.0,False,False,2025-07-21T00:00:00+00:00,valid,"{""expected_uncensored"": 5.9438, ""family"": ""intermittent"", ""generator"": ""synthetic-1.0"", ""seed"": 42, ""shock_multiplier"": 1.0}"
6c023b64f129592565259b45,sample-v1,SKU-0003,SEA,2025-02-12,0.0,False,False,2025-07-21T00:00:00+00:00,valid,"{""expected_uncensored"": 6.0697, ""family"": ""intermittent"", ""generator"": ""synthetic-1.0"", ""seed"": 42, ""shock_multiplier"": 1.0}"
7f52e44cfea1de2eb20f5d03,sample-v1,SKU-0003,SEA,2025-02-13,0.0,False,False,2025-07-21T00:00:00+00:00,valid,"{""expected_uncensored"": 5.7169, ""family"": ""intermittent"", ""generator"": ""synthetic-1.0"", ""seed"": 42, ""shock_multiplier"": 1.0}"
3e1ac1ed5c17cc2509ee414b,sample-v1,SKU-0003,SEA,2025-02-14,0.0,False,False,2025-07-21T00:00:00+00:00,valid,"{""expected_uncensored"": 5.1511, ""family"": ""intermittent"", ""generator"": ""synthetic-1.0"", ""seed"": 42, ""shock_multiplier"": 1.0}"
ea6010b9ff6f17541881de90,sample-v1,SKU-0003,SEA,2025-02-15,0.0,False,False,2025-07-21T00:00:00+00:00,valid,"{""expected_uncensored"": 4.7983, ""family"": ""intermittent"", ""generator"": ""synthetic-1.0"", ""seed"": 42, ""shock_multiplier"": 1.0}"
d1406208429ba44a7f6f4fa0,sample-v1,SKU-0003,SEA,2025-02-16,0.0,False,False,2025-07-21T00:00:00+00:00,valid,"{""expected_uncensored"": 4.9242, ""family"": ""intermittent"", ""generator"": ""synthetic-1.0"", ""seed"": 42, ""shock_multiplier"": 1.0}"
7b0370b26b10c7a8d4a0625f,sample-v1,SKU-0003,SEA,2025-02-17,0.0,False,False,2025-07-21T00:00:00+00:00,valid,"{""expected_uncensored"": 5.434, ""family"": ""intermittent"", ""generator"": ""synthetic-1.0"", ""seed"": 42, ""shock_multiplier"": 1.0}"
314bb7436fdee9fafeb05189,sample-v1,SKU-0003,SEA,2025-02-18,0.0,False,False,2025-07-21T00:00:00+00:00,valid,"{""expected_uncensored"": 5.9438, ""family"": ""intermittent"", ""generator"": ""synthetic-1.0"", ""seed"": 42, ""shock_multiplier"": 1.0}"
d68a05e358c982ddf17d4a91,sample-v1,SKU-0003,SEA,2025-02-19,0.0,False,False,2025-07-21T00:00:00+00:00,valid,"{""expected_uncensored"": 6.0697, ""family"": ""intermittent"", ""generator"": ""synthetic-1.0"", ""seed"": 42, ""shock_multiplier"": 1.0}"
945da87414a5f2a69e45296b,sample-v1,SKU-0003,SEA,2025-02-20,0.0,False,False,2025-07-21T00:00:00+00:00,valid,"{""expected_uncensored"": 5.7169, ""family"": ""intermittent"", ""generator"": ""synthetic-1.0"", ""seed"": 42, ""shock_multiplier"": 1.0}"
e06385ea5766d35e4b6957e8,sample-v1,SKU-0003,SEA,2025-02-21,0.0,False,False,2025-07-21T00:00:00+00:00,valid,"{""expected_uncensored"": 5.1511, ""family"": ""intermittent"", ""generator"": ""synthetic-1.0"", ""seed"": 42, ""shock_multiplier"": 1.0}"
566e7ad91d3b8fa259d2dbd1,sample-v1,SKU-0003,SEA,2025-02-22,30.0,False,False,2025-07-21T00:00:00+00:00,valid,"{""expected_uncensored"": 4.7983, ""family"": ""intermittent"", ""generator"": ""synthetic-1.0"", ""seed"": 42, ""shock_multiplier"": 1.0}"
465559e5d13d97e86965c40e,sample-v1,SKU-0003,SEA,2025-02-23,22.0,False,False,2025-07-21T00:00:00+00:00,valid,"{""expected_uncensored"": 4.9242, ""family"": ""intermittent"", ""generator"": ""synthetic-1.0"", ""seed"": 42, ""shock_multiplier"": 1.0}"
3b22b2b1b24a77ad51b37430,sample-v1,SKU-0003,SEA,2025-02-24,0.0,False,False,2025-07-21T00:00:00+00:00,valid,"{""expected_uncensored"": 5.434, ""family"": ""intermittent"", ""generator"": ""synthetic-1.0"", ""seed"": 42, ""shock_multiplier"": 1.0}"
13760d029938f5bf59ac1d03,sample-v1,SKU-0003,SEA,2025-02-25,0.0,False,False,2025-07-21T00:00:00+00:00,valid,"{""expected_uncensored"": 5.9438, ""family"": ""intermittent"", ""generator"": ""synthetic-1.0"", ""seed"": 42, ""shock_multiplier"": 1.0}"
4fa15e6933b90e9d164734a8,sample-v1,SKU-0003,SEA,2025-02-26,0.0,False,False,2025-07-21T00:00:00+00:00,valid,"{""expected_uncensored"": 6.0697, ""family"": ""intermittent"", ""generator"": ""synthetic-1.0"", ""seed"": 42, ""shock_multiplier"": 1.0}"
f8e387d2536a8a1544c0b8db,sample-v1,SKU-0003,SEA,2025-02-27,0.0,False,False,2025-07-21T00:00:00+00:00,valid,"{""expected_uncensored"": 5.7169, ""family"": ""intermittent"", ""generator"": ""synthetic-1.0"", ""seed"": 42, ""shock_multiplier"": 1.0}"
ded7d9e724886f26d9131eaf,sample-v1,SKU-0003,SEA,2025-02-28,0.0,False,False,2025-07-21T00:00:00+00:00,valid,"{""expected_uncensored"": 5.1511, ""family"": ""intermittent"", ""generator"": ""synthetic-1.0"", ""seed"": 42, ""shock_multiplier"": 1.0}"
e1e6bc6bcae9bc0ad27c7a95,sample-v1,SKU-0003,SEA,2025-03-01,0.0,False,False,2025-07-21T00:00:00+00:00,valid,"{""expected_uncensored"": 4.7983, ""family"": ""intermittent"", ""generator"": ""synthetic-1.0"", ""seed"": 42, ""shock_multiplier"": 1.0}"
36b461cdc51c882e4063ad6f,sample-v1,SKU-0003,SEA,2025-03-02,0.0,False,False,2025-07-21T00:00:00+00:00,valid,"{""expected_uncensored"": 4.9242, ""family"": ""intermittent"", ""generator"": ""synthetic-1.0"", ""seed"": 42, ""shock_multiplier"": 1.0}"
5d41458250071ef1cf211d29,sample-v1,SKU-0003,SEA,2025-03-03,0.0,False,False,2025-07-21T00:00:00+00:00,valid,"{""expected_uncensored"": 5.434, ""family"": ""intermittent"", ""generator"": ""synthetic-1.0"", ""seed"": 42, ""shock_multiplier"": 1.0}"
8b3d6c2401faa1b8e37173d4,sample-v1,SKU-0003,SEA,2025-03-04,0.0,False,False,2025-07-21T00:00:00+00:00,valid,"{""expected_uncensored"": 5.9438, ""family"": ""intermittent"", ""generator"": ""synthetic-1.0"", ""seed"": 42, ""shock_multiplier"": 1.0}"
5d083c1310f76462a7447b77,sample-v1,SKU-0003,SEA,2025-03-05,0.0,False,False,2025-07-21T00:00:00+00:00,valid,"{""expected_uncensored"": 6.0697, ""family"": ""intermittent"", ""generator"": ""synthetic-1.0"", ""seed"": 42, ""shock_multiplier"": 1.0}"
1300fa7b045e93f3ec185c1c,sample-v1,SKU-0003,SEA,2025-03-06,0.0,False,False,2025-07-21T00:00:00+00:00,valid,"{""expected_uncensored"": 5.7169, ""family"": ""intermittent"", ""generator"": ""synthetic-1.0"", ""seed"": 42, ""shock_multiplier"": 1.0}"
acaf01774e79d19f3f35ee23,sample-v1,SKU-0003,SEA,2025-03-07,0.0,False,False,2025-07-21T00:00:00+00:00,valid,"{""expected_uncensored"": 5.1511, ""family"": ""intermittent"", ""generator"": ""synthetic-1.0"", ""seed"": 42, ""shock_multiplier"": 1.0}"
c51332d3d6f1e7b1367f7caa,sample-v1,SKU-0003,SEA,2025-03-08,0.0,False,False,2025-07-21T00:00:00+00:00,valid,"{""expected_uncensored"": 4.7983, ""family"": ""intermittent"", ""generator"": ""synthetic-1.0"", ""seed"": 42, ""shock_multiplier"": 1.0}"
9ffb7a88c2c6dd0aec570756,sample-v1,SKU-0003,SEA,2025-03-09,0.0,False,False,2025-07-21T00:00:00+00:00,valid,"{""expected_uncensored"": 4.9242, ""family"": ""intermittent"", ""generator"": ""synthetic-1.0"", ""seed"": 42, ""shock_multiplier"": 1.0}"
f4a87ae195330acf6ff3069c,sample-v1,SKU-0003,SEA,2025-03-10,0.0,False,False,2025-07-21T00:00:00+00:00,valid,"{""expected_uncensored"": 5.434, ""family"": ""intermittent"", ""generator"": ""synthetic-1.0"", ""seed"": 42, ""shock_multiplier"": 1.0}"
2dc2133a4b4b7e9218c30e71,sample-v1,SKU-0003,SEA,2025-03-11,0.0,True,False,2025-07-21T00:00:00+00:00,valid,"{""expected_uncensored"": 9.8073, ""family"": ""intermittent"", ""generator"": ""synthetic-1.0"", ""seed"": 42, ""shock_multiplier"": 1.0}"
9ab86d011eb3047de298224e,sample-v1,SKU-0003,SEA,2025-03-12,0.0,True,False,2025-07-21T00:00:00+00:00,valid,"{""expected_uncensored"": 10.0151, ""family"": ""intermittent"", ""generator"": ""synthetic-1.0"", ""seed"": 42, ""shock_multiplier"": 1.0}"
4ecc7ca6ad4455f538d92100,sample-v1,SKU-0003,SEA,2025-03-13,0.0,True,False,2025-07-21T00:00:00+00:00,valid,"{""expected_uncensored"": 9.4329, ""family"": ""intermittent"", ""generator"": ""synthetic-1.0"", ""seed"": 42, ""shock_multiplier"": 1.0}"
7dda76eee588e3bb78ba7112,sample-v1,SKU-0003,SEA,2025-03-14,0.0,True,False,2025-07-21T00:00:00+00:00,valid,"{""expected_uncensored"": 8.4993, ""family"": ""intermittent"", ""generator"": ""synthetic-1.0"", ""seed"": 42, ""shock_multiplier"": 1.0}"
94ff38eda755735db79554c0,sample-v1,SKU-0003,SEA,2025-03-15,0.0,True,False,2025-07-21T00:00:00+00:00,valid,"{""expected_uncensored"": 7.9171, ""family"": ""intermittent"", ""generator"": ""synthetic-1.0"", ""seed"": 42, ""shock_multiplier"": 1.0}"
40e411f817701610e5061590,sample-v1,SKU-0003,SEA,2025-03-16,0.0,True,False,2025-07-21T00:00:00+00:00,valid,"{""expected_uncensored"": 8.1249, ""family"": ""intermittent"", ""generator"": ""synthetic-1.0"", ""seed"": 42, ""shock_multiplier"": 1.0}"
f34788d3812e994b0dfc0f7c,sample-v1,SKU-0003,SEA,2025-03-17,0.0,True,False,2025-07-21T00:00:00+00:00,valid,"{""expected_uncensored"": 8.9661, ""family"": ""intermittent"", ""generator"": ""synthetic-1.0"", ""seed"": 42, ""shock_multiplier"": 1.0}"
4ad6ccf0092500734b961512,sample-v1,SKU-0003,SEA,2025-03-18,0.0,False,False,2025-07-21T00:00:00+00:00,valid,"{""expected_uncensored"": 5.9438, ""family"": ""intermittent"", ""generator"": ""synthetic-1.0"", ""seed"": 42, ""shock_multiplier"": 1.0}"
07c853ff662e16732bf23dfc,sample-v1,SKU-0003,SEA,2025-03-19,0.0,False,False,2025-07-21T00:00:00+00:00,valid,"{""expected_uncensored"": 6.0697, ""family"": ""intermittent"", ""generator"": ""synthetic-1.0"", ""seed"": 42, ""shock_multiplier"": 1.0}"
f1e979b62f9d5324813d3128,sample-v1,SKU-0003,SEA,2025-03-20,0.0,False,False,2025-07-21T00:00:00+00:00,valid,"{""expected_uncensored"": 5.7169, ""family"": ""intermittent"", ""generator"": ""synthetic-1.0"", ""seed"": 42, ""shock_multiplier"": 1.0}"
9462ce5ac6f0d0c8c5399562,sample-v1,SKU-0003,SEA,2025-03-21,0.0,False,False,2025-07-21T00:00:00+00:00,valid,"{""expected_uncensored"": 5.1511, ""family"": ""intermittent"", ""generator"": ""synthetic-1.0"", ""seed"": 42, ""shock_multiplier"": 1.0}"
ccf75c619594cc80a3c865a9,sample-v1,SKU-0003,SEA,2025-03-22,25.0,False,False,2025-07-21T00:00:00+00:00,valid,"{""expected_uncensored"": 4.7983, ""family"": ""intermittent"", ""generator"": ""synthetic-1.0"", ""seed"": 42, ""shock_multiplier"": 1.0}"
5ec143b5aadc3527bdfb7d26,sample-v1,SKU-0003,SEA,2025-03-23,0.0,False,False,2025-07-21T00:00:00+00:00,valid,"{""expected_uncensored"": 4.9242, ""family"": ""intermittent"", ""generator"": ""synthetic-1.0"", ""seed"": 42, ""shock_multiplier"": 1.0}"
78574140f46d7ddbd9639728,sample-v1,SKU-0003,SEA,2025-03-24,30.0,False,False,2025-07-21T00:00:00+00:00,valid,"{""expected_uncensored"": 5.434, ""family"": ""intermittent"", ""generator"": ""synthetic-1.0"", ""seed"": 42, ""shock_multiplier"": 1.0}"
0415d8ce26f20c6b12e641b0,sample-v1,SKU-0003,SEA,2025-03-25,0.0,False,False,2025-07-21T00:00:00+00:00,valid,"{""expected_uncensored"": 5.9438, ""family"": ""intermittent"", ""generator"": ""synthetic-1.0"", ""seed"": 42, ""shock_multiplier"": 1.0}"
b0d6be6e562b777a7bc6fb5f,sample-v1,SKU-0003,SEA,2025-03-26,0.0,False,False,2025-07-21T00:00:00+00:00,valid,"{""expected_uncensored"": 6.0697, ""family"": ""intermittent"", ""generator"": ""synthetic-1.0"", ""seed"": 42, ""shock_multiplier"": 1.0}"
1630f48daeaa0a8ddbe44c72,sample-v1,SKU-0003,SEA,2025-03-27,0.0,False,False,2025-07-21T00:00:00+00:00,valid,"{""expected_uncensored"": 5.7169, ""family"": ""intermittent"", ""generator"": ""synthetic-1.0"", ""seed"": 42, ""shock_multiplier"": 1.0}"
6988dcff6c17ad23ff012ea3,sample-v1,SKU-0003,SEA,2025-03-28,0.0,False,False,2025-07-21T00:00:00+00:00,valid,"{""expected_uncensored"": 5.1511, ""family"": ""intermittent"", ""generator"": ""synthetic-1.0"", ""seed"": 42, ""shock_multiplier"": 1.0}"
7576a4e7b2fcce9b35fc6ad4,sample-v1,SKU-0003,SEA,2025-03-29,0.0,False,False,2025-07-21T00:00:00+00:00,valid,"{""expected_uncensored"": 4.7983, ""family"": ""intermittent"", ""generator"": ""synthetic-1.0"", ""seed"": 42, ""shock_multiplier"": 1.0}"
7a3594548723aa58f10119b7,sample-v1,SKU-0003,SEA,2025-03-30,0.0,False,False,2025-07-21T00:00:00+00:00,valid,"{""expected_uncensored"": 4.9242, ""family"": ""intermittent"", ""generator"": ""synthetic-1.0"", ""seed"": 42, ""shock_multiplier"": 1.0}"
01d8c220244c89a88f73fc02,sample-v1,SKU-0003,SEA,2025-03-31,0.0,False,False,2025-07-21T00:00:00+00:00,valid,"{""expected_uncensored"": 5.434, ""family"": ""intermittent"", ""generator"": ""synthetic-1.0"", ""seed"": 42, ""shock_multiplier"": 1.0}"
9b240e79f7bf7a7a73e8f1e9,sample-v1,SKU-0003,SEA,2025-04-01,0.0,False,False,2025-07-21T00:00:00+00:00,valid,"{""expected_uncensored"": 5.9438, ""family"": ""intermittent"", ""generator"": ""synthetic-1.0"", ""seed"": 42, ""shock_multiplier"": 1.0}"
8ce66300257de11cd296ee62,sample-v1,SKU-0003,SEA,2025-04-02,0.0,False,False,2025-07-21T00:00:00+00:00,valid,"{""expected_uncensored"": 6.0697, ""family"": ""intermittent"", ""generator"": ""synthetic-1.0"", ""seed"": 42, ""shock_multiplier"": 1.0}"
8b4dfd46839e81ddac03f19b,sample-v1,SKU-0003,SEA,2025-04-03,0.0,False,False,2025-07-21T00:00:00+00:00,valid,"{""expected_uncensored"": 5.7169, ""family"": ""intermittent"", ""generator"": ""synthetic-1.0"", ""seed"": 42, ""shock_multiplier"": 1.0}"
2275ef52380fd90c5ce20027,sample-v1,SKU-0003,SEA,2025-04-04,0.0,False,False,2025-07-21T00:00:00+00:00,valid,"{""expected_uncensored"": 5.1511, ""family"": ""intermittent"", ""generator"": ""synthetic-1.0"", ""seed"": 42, ""shock_multiplier"": 1.0}"
8eb5e42527c975cdb7b6f52b,sample-v1,SKU-0003,SEA,2025-04-05,0.0,False,False,2025-07-21T00:00:00+00:00,valid,"{""expected_uncensored"": 4.7983, ""family"": ""intermittent"", ""generator"": ""synthetic-1.0"", ""seed"": 42, ""shock_multiplier"": 1.0}"
9d74eb686f225e4b16285ae1,sample-v1,SKU-0003,SEA,2025-04-06,0.0,False,False,2025-07-21T00:00:00+00:00,valid,"{""expected_uncensored"": 4.9242, ""family"": ""intermittent"", ""generator"": ""synthetic-1.0"", ""seed"": 42, ""shock_multiplier"": 1.0}"
4c3adaacbf2271c680220908,sample-v1,SKU-0003,SEA,2025-04-07,0.0,False,False,2025-07-21T00:00:00+00:00,valid,"{""expected_uncensored"": 5.434, ""family"": ""intermittent"", ""generator"": ""synthetic-1.0"", ""seed"": 42, ""shock_multiplier"": 1.0}"
2657d4e6db675cb3fd07dcbd,sample-v1,SKU-0003,SEA,2025-04-08,0.0,False,False,2025-07-21T00:00:00+00:00,valid,"{""expected_uncensored"": 5.9438, ""family"": ""intermittent"", ""generator"": ""synthetic-1.0"", ""seed"": 42, ""shock_multiplier"": 1.0}"
8f779c95734458ca86163ce3,sample-v1,SKU-0003,SEA,2025-04-09,0.0,False,False,2025-07-21T00:00:00+00:00,valid,"{""expected_uncensored"": 6.0697, ""family"": ""intermittent"", ""generator"": ""synthetic-1.0"", ""seed"": 42, ""shock_multiplier"": 1.0}"
7bda9659c1b129f0b7b2b6e9,sample-v1,SKU-0003,SEA,2025-04-10,0.0,False,False,2025-07-21T00:00:00+00:00,valid,"{""expected_uncensored"": 5.7169, ""family"": ""intermittent"", ""generator"": ""synthetic-1.0"", ""seed"": 42, ""shock_multiplier"": 1.0}"
a766ed7a63f2b1ecfa87c827,sample-v1,SKU-0003,SEA,2025-04-11,0.0,False,False,2025-07-21T00:00:00+00:00,valid,"{""expected_uncensored"": 5.1511, ""family"": ""intermittent"", ""generator"": ""synthetic-1.0"", ""seed"": 42, ""shock_multiplier"": 1.0}"
df503f2fa42ea25c81b7e218,sample-v1,SKU-0003,SEA,2025-04-12,0.0,False,False,2025-07-21T00:00:00+00:00,valid,"{""expected_uncensored"": 4.7983, ""family"": ""intermittent"", ""generator"": ""synthetic-1.0"", ""seed"": 42, ""shock_multiplier"": 1.0}"
1b6e1886b8f372fd4ef9c1a2,sample-v1,SKU-0003,SEA,2025-04-13,0.0,False,False,2025-07-21T00:00:00+00:00,valid,"{""expected_uncensored"": 4.9242, ""family"": ""intermittent"", ""generator"": ""synthetic-1.0"", ""seed"": 42, ""shock_multiplier"": 1.0}"
830a3ee7dfc2d8373e884480,sample-v1,SKU-0003,SEA,2025-04-14,0.0,False,False,2025-07-21T00:00:00+00:00,valid,"{""expected_uncensored"": 5.434, ""family"": ""intermittent"", ""generator"": ""synthetic-1.0"", ""seed"": 42, ""shock_multiplier"": 1.0}"
e7995564203e3028a5d7ad55,sample-v1,SKU-0003,SEA,2025-04-15,36.0,False,False,2025-07-21T00:00:00+00:00,valid,"{""expected_uncensored"": 5.9438, ""family"": ""intermittent"", ""generator"": ""synthetic-1.0"", ""seed"": 42, ""shock_multiplier"": 1.0}"
12a6766c3562ad0b04051581,sample-v1,SKU-0003,SEA,2025-04-16,0.0,False,False,2025-07-21T00:00:00+00:00,valid,"{""expected_uncensored"": 6.0697, ""family"": ""intermittent"", ""generator"": ""synthetic-1.0"", ""seed"": 42, ""shock_multiplier"": 1.0}"
ca664d028e47063172d1a532,sample-v1,SKU-0003,SEA,2025-04-17,0.0,False,False,2025-07-21T00:00:00+00:00,valid,"{""expected_uncensored"": 5.7169, ""family"": ""intermittent"", ""generator"": ""synthetic-1.0"", ""seed"": 42, ""shock_multiplier"": 1.0}"
2f1be26aa5733b85df34ef7a,sample-v1,SKU-0003,SEA,2025-04-18,0.0,False,False,2025-07-21T00:00:00+00:00,valid,"{""expected_uncensored"": 5.1511, ""family"": ""intermittent"", ""generator"": ""synthetic-1.0"", ""seed"": 42, ""shock_multiplier"": 1.0}"
adc103eeaeba1ef5f73cf995,sample-v1,SKU-0003,SEA,2025-04-19,0.0,False,False,2025-07-21T00:00:00+00:00,valid,"{""expected_uncensored"": 4.7983, ""family"": ""intermittent"", ""generator"": ""synthetic-1.0"", ""seed"": 42, ""shock_multiplier"": 1.0}"
47a6267c4479c9ccafc4d162,sample-v1,SKU-0003,SEA,2025-04-20,0.0,False,False,2025-07-21T00:00:00+00:00,valid,"{""expected_uncensored"": 4.9242, ""family"": ""intermittent"", ""generator"": ""synthetic-1.0"", ""seed"": 42, ""shock_multiplier"": 1.0}"
2d64527d57599a4b8bd9d77d,sample-v1,SKU-0003,SEA,2025-04-21,0.0,False,False,2025-07-21T00:00:00+00:00,valid,"{""expected_uncensored"": 5.434, ""family"": ""intermittent"", ""generator"": ""synthetic-1.0"", ""seed"": 42, ""shock_multiplier"": 1.0}"
4fe89a500b508d223289bb90,sample-v1,SKU-0003,SEA,2025-04-22,30.0,False,False,2025-07-21T00:00:00+00:00,valid,"{""expected_uncensored"": 5.9438, ""family"": ""intermittent"", ""generator"": ""synthetic-1.0"", ""seed"": 42, ""shock_multiplier"": 1.0}"
7a8065b17ca59b8fe4f287e9,sample-v1,SKU-0003,SEA,2025-04-23,27.0,False,False,2025-07-21T00:00:00+00:00,valid,"{""expected_uncensored"": 6.0697, ""family"": ""intermittent"", ""generator"": ""synthetic-1.0"", ""seed"": 42, ""shock_multiplier"": 1.0}"
d2a9249d9f1c6e92bd34a2de,sample-v1,SKU-0003,SEA,2025-04-24,0.0,False,False,2025-07-21T00:00:00+00:00,valid,"{""expected_uncensored"": 5.7169, ""family"": ""intermittent"", ""generator"": ""synthetic-1.0"", ""seed"": 42, ""shock_multiplier"": 1.0}"
4860783d335469d310103513,sample-v1,SKU-0003,SEA,2025-04-25,0.0,False,False,2025-07-21T00:00:00+00:00,valid,"{""expected_uncensored"": 5.1511, ""family"": ""intermittent"", ""generator"": ""synthetic-1.0"", ""seed"": 42, ""shock_multiplier"": 1.0}"
4075b644ab077704a13cab14,sample-v1,SKU-0003,SEA,2025-04-26,0.0,False,False,2025-07-21T00:00:00+00:00,valid,"{""expected_uncensored"": 4.7983, ""family"": ""intermittent"", ""generator"": ""synthetic-1.0"", ""seed"": 42, ""shock_multiplier"": 1.0}"
faff3081e15c1534e311cb4e,sample-v1,SKU-0003,SEA,2025-04-27,0.0,False,False,2025-07-21T00:00:00+00:00,valid,"{""expected_uncensored"": 4.9242, ""family"": ""intermittent"", ""generator"": ""synthetic-1.0"", ""seed"": 42, ""shock_multiplier"": 1.0}"
a98fb10c65e88dc97c0199bd,sample-v1,SKU-0003,SEA,2025-04-28,0.0,False,False,2025-07-21T00:00:00+00:00,valid,"{""expected_uncensored"": 5.434, ""family"": ""intermittent"", ""generator"": ""synthetic-1.0"", ""seed"": 42, ""shock_multiplier"": 1.0}"
1377fc59cd6023a6b78197c4,sample-v1,SKU-0003,SEA,2025-04-29,0.0,False,False,2025-07-21T00:00:00+00:00,valid,"{""expected_uncensored"": 5.9438, ""family"": ""intermittent"", ""generator"": ""synthetic-1.0"", ""seed"": 42, ""shock_multiplier"": 1.0}"
4911d8c22d5a8e07c712b075,sample-v1,SKU-0003,SEA,2025-04-30,0.0,False,False,2025-07-21T00:00:00+00:00,valid,"{""expected_uncensored"": 6.0697, ""family"": ""intermittent"", ""generator"": ""synthetic-1.0"", ""seed"": 42, ""shock_multiplier"": 1.0}"
13f7395d488627f74162ce6a,sample-v1,SKU-0003,SEA,2025-05-01,0.0,False,False,2025-07-21T00:00:00+00:00,valid,"{""expected_uncensored"": 5.7169, ""family"": ""intermittent"", ""generator"": ""synthetic-1.0"", ""seed"": 42, ""shock_multiplier"": 1.0}"
01d0ab9c7ad1230d6e88bfe7,sample-v1,SKU-0003,SEA,2025-05-02,0.0,False,False,2025-07-21T00:00:00+00:00,valid,"{""expected_uncensored"": 5.1511, ""family"": ""intermittent"", ""generator"": ""synthetic-1.0"", ""seed"": 42, ""shock_multiplier"": 1.0}"
612f4c20e150ee62255c6e2d,sample-v1,SKU-0003,SEA,2025-05-03,0.0,False,False,2025-07-21T00:00:00+00:00,valid,"{""expected_uncensored"": 4.7983, ""family"": ""intermittent"", ""generator"": ""synthetic-1.0"", ""seed"": 42, ""shock_multiplier"": 1.0}"
bf54b494f293fc2438a9a526,sample-v1,SKU-0003,SEA,2025-05-04,0.0,False,False,2025-07-21T00:00:00+00:00,valid,"{""expected_uncensored"": 4.9242, ""family"": ""intermittent"", ""generator"": ""synthetic-1.0"", ""seed"": 42, ""shock_multiplier"": 1.0}"
f062fe9780b7b95c1ec20a8a,sample-v1,SKU-0003,SEA,2025-05-05,0.0,False,False,2025-07-21T00:00:00+00:00,valid,"{""expected_uncensored"": 5.434, ""family"": ""intermittent"", ""generator"": ""synthetic-1.0"", ""seed"": 42, ""shock_multiplier"": 1.0}"
ff7d2802c31c14bf358f6e10,sample-v1,SKU-0003,SEA,2025-05-06,0.0,False,False,2025-07-21T00:00:00+00:00,valid,"{""expected_uncensored"": 5.9438, ""family"": ""intermittent"", ""generator"": ""synthetic-1.0"", ""seed"": 42, ""shock_multiplier"": 1.0}"
cd526739d74c5824a723f036,sample-v1,SKU-0003,SEA,2025-05-07,0.0,False,False,2025-07-21T00:00:00+00:00,valid,"{""expected_uncensored"": 6.0697, ""family"": ""intermittent"", ""generator"": ""synthetic-1.0"", ""seed"": 42, ""shock_multiplier"": 1.0}"
c293e5ef1be8d325c7e85e56,sample-v1,SKU-0003,SEA,2025-05-08,28.0,False,False,2025-07-21T00:00:00+00:00,valid,"{""expected_uncensored"": 5.7169, ""family"": ""intermittent"", ""generator"": ""synthetic-1.0"", ""seed"": 42, ""shock_multiplier"": 1.0}"
3557bc78b9f5bd97718f568e,sample-v1,SKU-0003,SEA,2025-05-09,0.0,False,False,2025-07-21T00:00:00+00:00,valid,"{""expected_uncensored"": 5.1511, ""family"": ""intermittent"", ""generator"": ""synthetic-1.0"", ""seed"": 42, ""shock_multiplier"": 1.0}"
ea8891253a5a7d6a7ef54928,sample-v1,SKU-0003,SEA,2025-05-10,0.0,False,False,2025-07-21T00:00:00+00:00,valid,"{""expected_uncensored"": 4.7983, ""family"": ""intermittent"", ""generator"": ""synthetic-1.0"", ""seed"": 42, ""shock_multiplier"": 1.0}"
c9f90b4232db93044377418d,sample-v1,SKU-0003,SEA,2025-05-11,0.0,False,False,2025-07-21T00:00:00+00:00,valid,"{""expected_uncensored"": 4.9242, ""family"": ""intermittent"", ""generator"": ""synthetic-1.0"", ""seed"": 42, ""shock_multiplier"": 1.0}"
90cb8ee942bf14f665429a5a,sample-v1,SKU-0003,SEA,2025-05-12,0.0,False,False,2025-07-21T00:00:00+00:00,valid,"{""expected_uncensored"": 5.434, ""family"": ""intermittent"", ""generator"": ""synthetic-1.0"", ""seed"": 42, ""shock_multiplier"": 1.0}"
bf42e4cce68d7149dc180aa3,sample-v1,SKU-0003,SEA,2025-05-13,0.0,True,False,2025-07-21T00:00:00+00:00,valid,"{""expected_uncensored"": 9.8073, ""family"": ""intermittent"", ""generator"": ""synthetic-1.0"", ""seed"": 42, ""shock_multiplier"": 1.0}"
f48ad9f7751e97f811509488,sample-v1,SKU-0003,SEA,2025-05-14,0.0,True,False,2025-07-21T00:00:00+00:00,valid,"{""expected_uncensored"": 10.0151, ""family"": ""intermittent"", ""generator"": ""synthetic-1.0"", ""seed"": 42, ""shock_multiplier"": 1.0}"
08b598892f2a0d93a760da01,sample-v1,SKU-0003,SEA,2025-05-15,0.0,True,False,2025-07-21T00:00:00+00:00,valid,"{""expected_uncensored"": 9.4329, ""family"": ""intermittent"", ""generator"": ""synthetic-1.0"", ""seed"": 42, ""shock_multiplier"": 1.0}"
3337b3dc86c93bf484bbdd34,sample-v1,SKU-0003,SEA,2025-05-16,0.0,True,False,2025-07-21T00:00:00+00:00,valid,"{""expected_uncensored"": 8.4993, ""family"": ""intermittent"", ""generator"": ""synthetic-1.0"", ""seed"": 42, ""shock_multiplier"": 1.0}"
5214108dc0753d464678010a,sample-v1,SKU-0003,SEA,2025-05-17,38.0,True,False,2025-07-21T00:00:00+00:00,valid,"{""expected_uncensored"": 7.9171, ""family"": ""intermittent"", ""generator"": ""synthetic-1.0"", ""seed"": 42, ""shock_multiplier"": 1.0}"
9d136326efe026ebdd39ee80,sample-v1,SKU-0003,SEA,2025-05-18,0.0,True,False,2025-07-21T00:00:00+00:00,valid,"{""expected_uncensored"": 8.1249, ""family"": ""intermittent"", ""generator"": ""synthetic-1.0"", ""seed"": 42, ""shock_multiplier"": 1.0}"
e3a7e202142a3d6e43c0c1a6,sample-v1,SKU-0003,SEA,2025-05-19,0.0,True,False,2025-07-21T00:00:00+00:00,valid,"{""expected_uncensored"": 8.9661, ""family"": ""intermittent"", ""generator"": ""synthetic-1.0"", ""seed"": 42, ""shock_multiplier"": 1.0}"
989994231aa36526c98c64cf,sample-v1,SKU-0003,SEA,2025-05-20,0.0,False,False,2025-07-21T00:00:00+00:00,valid,"{""expected_uncensored"": 5.9438, ""family"": ""intermittent"", ""generator"": ""synthetic-1.0"", ""seed"": 42, ""shock_multiplier"": 1.0}"
08683721502bef4232200669,sample-v1,SKU-0003,SEA,2025-05-21,0.0,False,False,2025-07-21T00:00:00+00:00,valid,"{""expected_uncensored"": 6.0697, ""family"": ""intermittent"", ""generator"": ""synthetic-1.0"", ""seed"": 42, ""shock_multiplier"": 1.0}"
1fa7520bba1272ef015620df,sample-v1,SKU-0003,SEA,2025-05-22,0.0,False,False,2025-07-21T00:00:00+00:00,valid,"{""expected_uncensored"": 5.7169, ""family"": ""intermittent"", ""generator"": ""synthetic-1.0"", ""seed"": 42, ""shock_multiplier"": 1.0}"
9201b9ff82116dc48f1587eb,sample-v1,SKU-0003,SEA,2025-05-23,0.0,False,False,2025-07-21T00:00:00+00:00,valid,"{""expected_uncensored"": 5.1511, ""family"": ""intermittent"", ""generator"": ""synthetic-1.0"", ""seed"": 42, ""shock_multiplier"": 1.0}"
420babbd2aac665cc9c088b6,sample-v1,SKU-0003,SEA,2025-05-24,0.0,False,False,2025-07-21T00:00:00+00:00,valid,"{""expected_uncensored"": 4.7983, ""family"": ""intermittent"", ""generator"": ""synthetic-1.0"", ""seed"": 42, ""shock_multiplier"": 1.0}"
f4adaee1a758a05f80470240,sample-v1,SKU-0003,SEA,2025-05-25,0.0,False,False,2025-07-21T00:00:00+00:00,valid,"{""expected_uncensored"": 4.9242, ""family"": ""intermittent"", ""generator"": ""synthetic-1.0"", ""seed"": 42, ""shock_multiplier"": 1.0}"
976228c88b65ee64f38f026e,sample-v1,SKU-0003,SEA,2025-05-26,0.0,False,False,2025-07-21T00:00:00+00:00,valid,"{""expected_uncensored"": 5.434, ""family"": ""intermittent"", ""generator"": ""synthetic-1.0"", ""seed"": 42, ""shock_multiplier"": 1.0}"
b08e13b91aa9f56727c9e857,sample-v1,SKU-0003,SEA,2025-05-27,28.0,False,False,2025-07-21T00:00:00+00:00,valid,"{""expected_uncensored"": 5.9438, ""family"": ""intermittent"", ""generator"": ""synthetic-1.0"", ""seed"": 42, ""shock_multiplier"": 1.0}"
a33aa8160e7b969626d553f3,sample-v1,SKU-0003,SEA,2025-05-28,0.0,False,False,2025-07-21T00:00:00+00:00,valid,"{""expected_uncensored"": 6.0697, ""family"": ""intermittent"", ""generator"": ""synthetic-1.0"", ""seed"": 42, ""shock_multiplier"": 1.0}"
16fa60fe621175e647d90186,sample-v1,SKU-0003,SEA,2025-05-29,0.0,False,False,2025-07-21T00:00:00+00:00,valid,"{""expected_uncensored"": 5.7169, ""family"": ""intermittent"", ""generator"": ""synthetic-1.0"", ""seed"": 42, ""shock_multiplier"": 1.0}"
022883f0b51e8a5e7ea0d106,sample-v1,SKU-0003,SEA,2025-05-30,0.0,False,False,2025-07-21T00:00:00+00:00,valid,"{""expected_uncensored"": 5.1511, ""family"": ""intermittent"", ""generator"": ""synthetic-1.0"", ""seed"": 42, ""shock_multiplier"": 1.0}"
b3173c5a3ac94bce22585abd,sample-v1,SKU-0003,SEA,2025-05-31,0.0,False,False,2025-07-21T00:00:00+00:00,valid,"{""expected_uncensored"": 4.7983, ""family"": ""intermittent"", ""generator"": ""synthetic-1.0"", ""seed"": 42, ""shock_multiplier"": 1.0}"
31c646e811ef3be8aac4a25f,sample-v1,SKU-0003,SEA,2025-06-01,31.0,False,False,2025-07-21T00:00:00+00:00,valid,"{""expected_uncensored"": 4.9242, ""family"": ""intermittent"", ""generator"": ""synthetic-1.0"", ""seed"": 42, ""shock_multiplier"": 1.0}"
2b6c45f7b13f7ffce950c4aa,sample-v1,SKU-0003,SEA,2025-06-02,28.0,False,False,2025-07-21T00:00:00+00:00,valid,"{""expected_uncensored"": 5.434, ""family"": ""intermittent"", ""generator"": ""synthetic-1.0"", ""seed"": 42, ""shock_multiplier"": 1.0}"
db8364ade71f8baaab9e36ab,sample-v1,SKU-0003,SEA,2025-06-03,27.0,False,False,2025-07-21T00:00:00+00:00,valid,"{""expected_uncensored"": 5.9438, ""family"": ""intermittent"", ""generator"": ""synthetic-1.0"", ""seed"": 42, ""shock_multiplier"": 1.0}"
4c0c44b4ab52d406c0b23fc7,sample-v1,SKU-0003,SEA,2025-06-04,0.0,False,False,2025-07-21T00:00:00+00:00,valid,"{""expected_uncensored"": 6.0697, ""family"": ""intermittent"", ""generator"": ""synthetic-1.0"", ""seed"": 42, ""shock_multiplier"": 1.0}"
bc3f8b9f337ffd16a715acea,sample-v1,SKU-0003,SEA,2025-06-05,0.0,False,False,2025-07-21T00:00:00+00:00,valid,"{""expected_uncensored"": 5.7169, ""family"": ""intermittent"", ""generator"": ""synthetic-1.0"", ""seed"": 42, ""shock_multiplier"": 1.0}"
a7a114c3e4ee82b13dc2eccc,sample-v1,SKU-0003,SEA,2025-06-06,0.0,False,False,2025-07-21T00:00:00+00:00,valid,"{""expected_uncensored"": 5.1511, ""family"": ""intermittent"", ""generator"": ""synthetic-1.0"", ""seed"": 42, ""shock_multiplier"": 1.0}"
3c0a9b99b8a609d1eb7eb335,sample-v1,SKU-0003,SEA,2025-06-07,24.0,False,False,2025-07-21T00:00:00+00:00,valid,"{""expected_uncensored"": 4.7983, ""family"": ""intermittent"", ""generator"": ""synthetic-1.0"", ""seed"": 42, ""shock_multiplier"": 1.0}"
fc090fb999ffa2e14beda472,sample-v1,SKU-0003,SEA,2025-06-08,23.0,False,False,2025-07-21T00:00:00+00:00,valid,"{""expected_uncensored"": 4.9242, ""family"": ""intermittent"", ""generator"": ""synthetic-1.0"", ""seed"": 42, ""shock_multiplier"": 1.0}"
9aaadb190c5acbbdb3ee577d,sample-v1,SKU-0003,SEA,2025-06-09,0.0,False,False,2025-07-21T00:00:00+00:00,valid,"{""expected_uncensored"": 5.434, ""family"": ""intermittent"", ""generator"": ""synthetic-1.0"", ""seed"": 42, ""shock_multiplier"": 1.0}"
b793baee8451d3c9b992b564,sample-v1,SKU-0003,SEA,2025-06-10,0.0,False,False,2025-07-21T00:00:00+00:00,valid,"{""expected_uncensored"": 5.9438, ""family"": ""intermittent"", ""generator"": ""synthetic-1.0"", ""seed"": 42, ""shock_multiplier"": 1.0}"
655c485b084c85191b3b91c5,sample-v1,SKU-0003,SEA,2025-06-11,29.0,False,False,2025-07-21T00:00:00+00:00,valid,"{""expected_uncensored"": 6.0697, ""family"": ""intermittent"", ""generator"": ""synthetic-1.0"", ""seed"": 42, ""shock_multiplier"": 1.0}"
04dd9eda9489fe05a596d9a2,sample-v1,SKU-0003,SEA,2025-06-12,0.0,False,False,2025-07-21T00:00:00+00:00,valid,"{""expected_uncensored"": 5.7169, ""family"": ""intermittent"", ""generator"": ""synthetic-1.0"", ""seed"": 42, ""shock_multiplier"": 1.0}"
68e820ed43db65fba4c411ea,sample-v1,SKU-0003,SEA,2025-06-13,0.0,False,False,2025-07-21T00:00:00+00:00,valid,"{""expected_uncensored"": 5.1511, ""family"": ""intermittent"", ""generator"": ""synthetic-1.0"", ""seed"": 42, ""shock_multiplier"": 1.0}"
e4609f9b51bd6ab2649e92c7,sample-v1,SKU-0003,SEA,2025-06-14,23.0,False,False,2025-07-21T00:00:00+00:00,valid,"{""expected_uncensored"": 4.7983, ""family"": ""intermittent"", ""generator"": ""synthetic-1.0"", ""seed"": 42, ""shock_multiplier"": 1.0}"
7963faf7652f43484dd8eb2f,sample-v1,SKU-0003,SEA,2025-06-15,0.0,False,False,2025-07-21T00:00:00+00:00,valid,"{""expected_uncensored"": 4.9242, ""family"": ""intermittent"", ""generator"": ""synthetic-1.0"", ""seed"": 42, ""shock_multiplier"": 1.0}"
9b3704a1e654145dae5c3ec7,sample-v1,SKU-0003,SEA,2025-06-16,0.0,False,False,2025-07-21T00:00:00+00:00,valid,"{""expected_uncensored"": 5.434, ""family"": ""intermittent"", ""generator"": ""synthetic-1.0"", ""seed"": 42, ""shock_multiplier"": 1.0}"
ef40effa078776438acb3286,sample-v1,SKU-0003,SEA,2025-06-17,22.0,False,False,2025-07-21T00:00:00+00:00,valid,"{""expected_uncensored"": 5.9438, ""family"": ""intermittent"", ""generator"": ""synthetic-1.0"", ""seed"": 42, ""shock_multiplier"": 1.0}"
3b165f29f03499679536cc4e,sample-v1,SKU-0003,SEA,2025-06-18,0.0,False,False,2025-07-21T00:00:00+00:00,valid,"{""expected_uncensored"": 6.0697, ""family"": ""intermittent"", ""generator"": ""synthetic-1.0"", ""seed"": 42, ""shock_multiplier"": 1.0}"
47f5dcb008a1fda028e56b1b,sample-v1,SKU-0003,SEA,2025-06-19,0.0,False,False,2025-07-21T00:00:00+00:00,valid,"{""expected_uncensored"": 5.7169, ""family"": ""intermittent"", ""generator"": ""synthetic-1.0"", ""seed"": 42, ""shock_multiplier"": 1.0}"
6046797369e2b406bd3f1c8c,sample-v1,SKU-0003,SEA,2025-06-20,38.0,False,False,2025-07-21T00:00:00+00:00,valid,"{""expected_uncensored"": 5.1511, ""family"": ""intermittent"", ""generator"": ""synthetic-1.0"", ""seed"": 42, ""shock_multiplier"": 1.0}"
9d0ce5c58f3e2a61fee89d36,sample-v1,SKU-0003,SEA,2025-06-21,0.0,False,False,2025-07-21T00:00:00+00:00,valid,"{""expected_uncensored"": 4.7983, ""family"": ""intermittent"", ""generator"": ""synthetic-1.0"", ""seed"": 42, ""shock_multiplier"": 1.0}"
dc94ace753a11f57a43538b0,sample-v1,SKU-0003,SEA,2025-06-22,0.0,False,False,2025-07-21T00:00:00+00:00,valid,"{""expected_uncensored"": 4.9242, ""family"": ""intermittent"", ""generator"": ""synthetic-1.0"", ""seed"": 42, ""shock_multiplier"": 1.0}"
501df29bd341437b482ea3ee,sample-v1,SKU-0003,SEA,2025-06-23,0.0,False,False,2025-07-21T00:00:00+00:00,valid,"{""expected_uncensored"": 5.434, ""family"": ""intermittent"", ""generator"": ""synthetic-1.0"", ""seed"": 42, ""shock_multiplier"": 1.0}"
3e5d5b71817b814b52fd4734,sample-v1,SKU-0003,SEA,2025-06-24,0.0,False,False,2025-07-21T00:00:00+00:00,valid,"{""expected_uncensored"": 5.9438, ""family"": ""intermittent"", ""generator"": ""synthetic-1.0"", ""seed"": 42, ""shock_multiplier"": 1.0}"
9d9e10ae0b675df4bafe0459,sample-v1,SKU-0003,SEA,2025-06-25,32.0,False,False,2025-07-21T00:00:00+00:00,valid,"{""expected_uncensored"": 6.0697, ""family"": ""intermittent"", ""generator"": ""synthetic-1.0"", ""seed"": 42, ""shock_multiplier"": 1.0}"
658d5eb586742a3badb1593b,sample-v1,SKU-0003,SEA,2025-06-26,0.0,False,False,2025-07-21T00:00:00+00:00,valid,"{""expected_uncensored"": 5.7169, ""family"": ""intermittent"", ""generator"": ""synthetic-1.0"", ""seed"": 42, ""shock_multiplier"": 1.0}"
72b7a90518be35a0594f8dc2,sample-v1,SKU-0003,SEA,2025-06-27,0.0,False,False,2025-07-21T00:00:00+00:00,valid,"{""expected_uncensored"": 5.1511, ""family"": ""intermittent"", ""generator"": ""synthetic-1.0"", ""seed"": 42, ""shock_multiplier"": 1.0}"
b63c64b6758dac063af9730c,sample-v1,SKU-0003,SEA,2025-06-28,0.0,False,False,2025-07-21T00:00:00+00:00,valid,"{""expected_uncensored"": 4.7983, ""family"": ""intermittent"", ""generator"": ""synthetic-1.0"", ""seed"": 42, ""shock_multiplier"": 1.0}"
98db23c002fd1f2f357b3ecd,sample-v1,SKU-0003,SEA,2025-06-29,0.0,False,False,2025-07-21T00:00:00+00:00,valid,"{""expected_uncensored"": 4.9242, ""family"": ""intermittent"", ""generator"": ""synthetic-1.0"", ""seed"": 42, ""shock_multiplier"": 1.0}"
e3db7176d10dac27fc44f97a,sample-v1,SKU-0003,SEA,2025-06-30,0.0,False,False,2025-07-21T00:00:00+00:00,valid,"{""expected_uncensored"": 5.434, ""family"": ""intermittent"", ""generator"": ""synthetic-1.0"", ""seed"": 42, ""shock_multiplier"": 1.0}"
a220588edc390ec74c40017b,sample-v1,SKU-0003,SEA,2025-07-01,0.0,False,False,2025-07-21T00:00:00+00:00,valid,"{""expected_uncensored"": 5.9438, ""family"": ""intermittent"", ""generator"": ""synthetic-1.0"", ""seed"": 42, ""shock_multiplier"": 1.0}"
ee8d36be4dbb0c82e356eb8e,sample-v1,SKU-0003,SEA,2025-07-02,0.0,False,False,2025-07-21T00:00:00+00:00,valid,"{""expected_uncensored"": 6.0697, ""family"": ""intermittent"", ""generator"": ""synthetic-1.0"", ""seed"": 42, ""shock_multiplier"": 1.0}"
be7f02487d48328a4e1a8391,sample-v1,SKU-0003,SEA,2025-07-03,0.0,False,False,2025-07-21T00:00:00+00:00,valid,"{""expected_uncensored"": 5.7169, ""family"": ""intermittent"", ""generator"": ""synthetic-1.0"", ""seed"": 42, ""shock_multiplier"": 1.0}"
065a31b4b88e9be5d0789e92,sample-v1,SKU-0003,SEA,2025-07-04,21.0,False,False,2025-07-21T00:00:00+00:00,valid,"{""expected_uncensored"": 5.1511, ""family"": ""intermittent"", ""generator"": ""synthetic-1.0"", ""seed"": 42, ""shock_multiplier"": 1.0}"
f49f63e074db60c380f0bf96,sample-v1,SKU-0003,SEA,2025-07-05,0.0,False,False,2025-07-21T00:00:00+00:00,valid,"{""expected_uncensored"": 4.7983, ""family"": ""intermittent"", ""generator"": ""synthetic-1.0"", ""seed"": 42, ""shock_multiplier"": 1.0}"
5585e5f676c2765377d7d4df,sample-v1,SKU-0003,SEA,2025-07-06,0.0,False,False,2025-07-21T00:00:00+00:00,valid,"{""expected_uncensored"": 4.9242, ""family"": ""intermittent"", ""generator"": ""synthetic-1.0"", ""seed"": 42, ""shock_multiplier"": 1.0}"
244386c05020283ef47524aa,sample-v1,SKU-0003,SEA,2025-07-07,0.0,False,False,2025-07-21T00:00:00+00:00,valid,"{""expected_uncensored"": 5.434, ""family"": ""intermittent"", ""generator"": ""synthetic-1.0"", ""seed"": 42, ""shock_multiplier"": 1.0}"
1f20da8461967058e984f53b,sample-v1,SKU-0003,SEA,2025-07-08,0.0,False,False,2025-07-21T00:00:00+00:00,valid,"{""expected_uncensored"": 5.9438, ""family"": ""intermittent"", ""generator"": ""synthetic-1.0"", ""seed"": 42, ""shock_multiplier"": 1.0}"
daaf5bf36c942d4d10887fd7,sample-v1,SKU-0003,SEA,2025-07-09,31.0,False,False,2025-07-21T00:00:00+00:00,valid,"{""expected_uncensored"": 6.0697, ""family"": ""intermittent"", ""generator"": ""synthetic-1.0"", ""seed"": 42, ""shock_multiplier"": 1.0}"
d3cb37796571a79e1a7ba49d,sample-v1,SKU-0003,SEA,2025-07-10,0.0,False,False,2025-07-21T00:00:00+00:00,valid,"{""expected_uncensored"": 5.7169, ""family"": ""intermittent"", ""generator"": ""synthetic-1.0"", ""seed"": 42, ""shock_multiplier"": 1.0}"
8f13c5431c5880bfb9ff5c8f,sample-v1,SKU-0003,SEA,2025-07-11,29.0,False,False,2025-07-21T00:00:00+00:00,valid,"{""expected_uncensored"": 5.1511, ""family"": ""intermittent"", ""generator"": ""synthetic-1.0"", ""seed"": 42, ""shock_multiplier"": 1.0}"
f5114e21bb94c2fffc6abb14,sample-v1,SKU-0003,SEA,2025-07-12,0.0,False,False,2025-07-21T00:00:00+00:00,valid,"{""expected_uncensored"": 4.7983, ""family"": ""intermittent"", ""generator"": ""synthetic-1.0"", ""seed"": 42, ""shock_multiplier"": 1.0}"
5ac4c6b56320155fd61f68d6,sample-v1,SKU-0003,SEA,2025-07-13,0.0,False,False,2025-07-21T00:00:00+00:00,valid,"{""expected_uncensored"": 4.9242, ""family"": ""intermittent"", ""generator"": ""synthetic-1.0"", ""seed"": 42, ""shock_multiplier"": 1.0}"
7ad667002d10e558512738e5,sample-v1,SKU-0003,SEA,2025-07-14,0.0,False,False,2025-07-21T00:00:00+00:00,valid,"{""expected_uncensored"": 5.434, ""family"": ""intermittent"", ""generator"": ""synthetic-1.0"", ""seed"": 42, ""shock_multiplier"": 1.0}"
729295234c4c1c7a52b2d329,sample-v1,SKU-0003,SEA,2025-07-15,0.0,True,False,2025-07-21T00:00:00+00:00,valid,"{""expected_uncensored"": 9.8073, ""family"": ""intermittent"", ""generator"": ""synthetic-1.0"", ""seed"": 42, ""shock_multiplier"": 1.0}"
e2a114da51e7adbe8983df09,sample-v1,SKU-0003,SEA,2025-07-16,0.0,True,False,2025-07-21T00:00:00+00:00,valid,"{""expected_uncensored"": 10.0151, ""family"": ""intermittent"", ""generator"": ""synthetic-1.0"", ""seed"": 42, ""shock_multiplier"": 1.0}"
f6652d50eaac300fcbdcd114,sample-v1,SKU-0003,SEA,2025-07-17,0.0,True,False,2025-07-21T00:00:00+00:00,valid,"{""expected_uncensored"": 9.4329, ""family"": ""intermittent"", ""generator"": ""synthetic-1.0"", ""seed"": 42, ""shock_multiplier"": 1.0}"
ff38c3357279ab2b372ad2ce,sample-v1,SKU-0003,SEA,2025-07-18,43.0,True,False,2025-07-21T00:00:00+00:00,valid,"{""expected_uncensored"": 8.4993, ""family"": ""intermittent"", ""generator"": ""synthetic-1.0"", ""seed"": 42, ""shock_multiplier"": 1.0}"
7f3943aba805b2ce41a04129,sample-v1,SKU-0003,SEA,2025-07-19,0.0,True,False,2025-07-21T00:00:00+00:00,valid,"{""expected_uncensored"": 7.9171, ""family"": ""intermittent"", ""generator"": ""synthetic-1.0"", ""seed"": 42, ""shock_multiplier"": 1.0}"
5da3281ae5d00b3a44cf6bcd,sample-v1,SKU-0003,SEA,2025-07-20,0.0,True,False,2025-07-21T00:00:00+00:00,valid,"{""expected_uncensored"": 8.1249, ""family"": ""intermittent"", ""generator"": ""synthetic-1.0"", ""seed"": 42, ""shock_multiplier"": 1.0}"
ab8dcdefd6b012307d1b2b29,sample-v1,SKU-0004,CHI,2025-01-06,216.0,True,False,2025-07-21T00:00:00+00:00,valid,"{""expected_uncensored"": 34.6302, ""family"": ""lumpy"", ""generator"": ""synthetic-1.0"", ""seed"": 42, ""shock_multiplier"": 1.0}"
e1efffd98e53b29fd0fcf3aa,sample-v1,SKU-0004,CHI,2025-01-07,0.0,True,False,2025-07-21T00:00:00+00:00,valid,"{""expected_uncensored"": 37.8792, ""family"": ""lumpy"", ""generator"": ""synthetic-1.0"", ""seed"": 42, ""shock_multiplier"": 1.0}"
61b176ca37793f0ca91dc927,sample-v1,SKU-0004,CHI,2025-01-08,0.0,True,False,2025-07-21T00:00:00+00:00,valid,"{""expected_uncensored"": 38.6816, ""family"": ""lumpy"", ""generator"": ""synthetic-1.0"", ""seed"": 42, ""shock_multiplier"": 1.0}"
3ef9c818a6df7db9476d85e9,sample-v1,SKU-0004,CHI,2025-01-09,0.0,True,False,2025-07-21T00:00:00+00:00,valid,"{""expected_uncensored"": 36.4333, ""family"": ""lumpy"", ""generator"": ""synthetic-1.0"", ""seed"": 42, ""shock_multiplier"": 1.0}"
7dc210fb629716c595987c27,sample-v1,SKU-0004,CHI,2025-01-10,0.0,True,False,2025-07-21T00:00:00+00:00,valid,"{""expected_uncensored"": 32.8271, ""family"": ""lumpy"", ""generator"": ""synthetic-1.0"", ""seed"": 42, ""shock_multiplier"": 1.0}"
9fb8e58557eefc43d68b40e6,sample-v1,SKU-0004,CHI,2025-01-11,44.0,False,False,2025-07-21T00:00:00+00:00,valid,"{""expected_uncensored"": 18.5326, ""family"": ""lumpy"", ""generator"": ""synthetic-1.0"", ""seed"": 42, ""shock_multiplier"": 1.0}"
1405bcf0a22b80b7abc7078f,sample-v1,SKU-0004,CHI,2025-01-12,112.0,False,False,2025-07-21T00:00:00+00:00,valid,"{""expected_uncensored"": 19.0189, ""family"": ""lumpy"", ""generator"": ""synthetic-1.0"", ""seed"": 42, ""shock_multiplier"": 1.0}"
c61fc0ed86505575add49e24,sample-v1,SKU-0004,CHI,2025-01-13,0.0,False,False,2025-07-21T00:00:00+00:00,valid,"{""expected_uncensored"": 20.988, ""family"": ""lumpy"", ""generator"": ""synthetic-1.0"", ""seed"": 42, ""shock_multiplier"": 1.0}"
246d4253f7a5128d27970a90,sample-v1,SKU-0004,CHI,2025-01-14,0.0,False,False,2025-07-21T00:00:00+00:00,valid,"{""expected_uncensored"": 22.9571, ""family"": ""lumpy"", ""generator"": ""synthetic-1.0"", ""seed"": 42, ""shock_multiplier"": 1.0}"
df3054e2af73425aab908ff9,sample-v1,SKU-0004,CHI,2025-01-15,0.0,False,False,2025-07-21T00:00:00+00:00,valid,"{""expected_uncensored"": 23.4434, ""family"": ""lumpy"", ""generator"": ""synthetic-1.0"", ""seed"": 42, ""shock_multiplier"": 1.0}"
47169838a9cfcebd3995d132,sample-v1,SKU-0004,CHI,2025-01-16,0.0,False,False,2025-07-21T00:00:00+00:00,valid,"{""expected_uncensored"": 22.0808, ""family"": ""lumpy"", ""generator"": ""synthetic-1.0"", ""seed"": 42, ""shock_multiplier"": 1.0}"
7ff4aa7101ab815a21d0c150,sample-v1,SKU-0004,CHI,2025-01-17,0.0,False,False,2025-07-21T00:00:00+00:00,valid,"{""expected_uncensored"": 19.8952, ""family"": ""lumpy"", ""generator"": ""synthetic-1.0"", ""seed"": 42, ""shock_multiplier"": 1.0}"
b2ef0afb311eac98cffa20a4,sample-v1,SKU-0004,CHI,2025-01-18,56.0,False,False,2025-07-21T00:00:00+00:00,valid,"{""expected_uncensored"": 18.5326, ""family"": ""lumpy"", ""generator"": ""synthetic-1.0"", ""seed"": 42, ""shock_multiplier"": 1.0}"
a1aa2630d3ce02c6f82d4b74,sample-v1,SKU-0004,CHI,2025-01-19,128.0,False,False,2025-07-21T00:00:00+00:00,valid,"{""expected_uncensored"": 19.0189, ""family"": ""lumpy"", ""generator"": ""synthetic-1.0"", ""seed"": 42, ""shock_multiplier"": 1.0}"
6c5ddd2a9a8319db0fc5d82b,sample-v1,SKU-0004,CHI,2025-01-20,15.0,False,False,2025-07-21T00:00:00+00:00,valid,"{""expected_uncensored"": 20.988, ""family"": ""lumpy"", ""generator"": ""synthetic-1.0"", ""seed"": 42, ""shock_multiplier"": 1.0}"
2465f2a3b78c73152dcfb0a7,sample-v1,SKU-0004,CHI,2025-01-21,0.0,False,False,2025-07-21T00:00:00+00:00,valid,"{""expected_uncensored"": 22.9571, ""family"": ""lumpy"", ""generator"": ""synthetic-1.0"", ""seed"": 42, ""shock_multiplier"": 1.0}"
27f4da8598e8158d7d02e497,sample-v1,SKU-0004,CHI,2025-01-22,176.0,False,False,2025-07-21T00:00:00+00:00,valid,"{""expected_uncensored"": 23.4434, ""family"": ""lumpy"", ""generator"": ""synthetic-1.0"", ""seed"": 42, ""shock_multiplier"": 1.0}"
98ead6d1b1cc342ede52e6d4,sample-v1,SKU-0004,CHI,2025-01-23,0.0,False,False,2025-07-21T00:00:00+00:00,valid,"{""expected_uncensored"": 22.0808, ""family"": ""lumpy"", ""generator"": ""synthetic-1.0"", ""seed"": 42, ""shock_multiplier"": 1.0}"
96ee95a30af0ace03cab7c98,sample-v1,SKU-0004,CHI,2025-01-24,0.0,False,False,2025-07-21T00:00:00+00:00,valid,"{""expected_uncensored"": 19.8952, ""family"": ""lumpy"", ""generator"": ""synthetic-1.0"", ""seed"": 42, ""shock_multiplier"": 1.0}"
b6e7b43c456fe60d0e270a4a,sample-v1,SKU-0004,CHI,2025-01-25,128.0,False,False,2025-07-21T00:00:00+00:00,valid,"{""expected_uncensored"": 18.5326, ""family"": ""lumpy"", ""generator"": ""synthetic-1.0"", ""seed"": 42, ""shock_multiplier"": 1.0}"
6c70a19a701d097dfe1dbcd3,sample-v1,SKU-0004,CHI,2025-01-26,0.0,False,False,2025-07-21T00:00:00+00:00,valid,"{""expected_uncensored"": 19.0189, ""family"": ""lumpy"", ""generator"": ""synthetic-1.0"", ""seed"": 42, ""shock_multiplier"": 1.0}"
2bcfe4d8e6f1fbf1fe5d78ff,sample-v1,SKU-0004,CHI,2025-01-27,0.0,False,False,2025-07-21T00:00:00+00:00,valid,"{""expected_uncensored"": 20.988, ""family"": ""lumpy"", ""generator"": ""synthetic-1.0"", ""seed"": 42, ""shock_multiplier"": 1.0}"
a22a4e4a7d4759ef8fe16f93,sample-v1,SKU-0004,CHI,2025-01-28,0.0,False,False,2025-07-21T00:00:00+00:00,valid,"{""expected_uncensored"": 22.9571, ""family"": ""lumpy"", ""generator"": ""synthetic-1.0"", ""seed"": 42, ""shock_multiplier"": 1.0}"
defc887f72a5cccdcb751e71,sample-v1,SKU-0004,CHI,2025-01-29,0.0,False,False,2025-07-21T00:00:00+00:00,valid,"{""expected_uncensored"": 23.4434, ""family"": ""lumpy"", ""generator"": ""synthetic-1.0"", ""seed"": 42, ""shock_multiplier"": 1.0}"
52f3b28720948b1bd080b1fe,sample-v1,SKU-0004,CHI,2025-01-30,0.0,False,False,2025-07-21T00:00:00+00:00,valid,"{""expected_uncensored"": 22.0808, ""family"": ""lumpy"", ""generator"": ""synthetic-1.0"", ""seed"": 42, ""shock_multiplier"": 1.0}"
71ca8d3fb0fbc0b98f7bdb01,sample-v1,SKU-0004,CHI,2025-01-31,14.0,False,False,2025-07-21T00:00:00+00:00,valid,"{""expected_uncensored"": 19.8952, ""family"": ""lumpy"", ""generator"": ""synthetic-1.0"", ""seed"": 42, ""shock_multiplier"": 1.0}"
5602a82e8d4d5b086cdb348f,sample-v1,SKU-0004,CHI,2025-02-01,0.0,False,False,2025-07-21T00:00:00+00:00,valid,"{""expected_uncensored"": 18.5326, ""family"": ""lumpy"", ""generator"": ""synthetic-1.0"", ""seed"": 42, ""shock_multiplier"": 1.0}"
46a8b405edf44eac6643f375,sample-v1,SKU-0004,CHI,2025-02-02,0.0,False,False,2025-07-21T00:00:00+00:00,valid,"{""expected_uncensored"": 19.0189, ""family"": ""lumpy"", ""generator"": ""synthetic-1.0"", ""seed"": 42, ""shock_multiplier"": 1.0}"
580df70f61aeb1ad076270da,sample-v1,SKU-0004,CHI,2025-02-03,15.0,False,False,2025-07-21T00:00:00+00:00,valid,"{""expected_uncensored"": 20.988, ""family"": ""lumpy"", ""generator"": ""synthetic-1.0"", ""seed"": 42, ""shock_multiplier"": 1.0}"
e6ee0c83e60f2f76598a9c2a,sample-v1,SKU-0004,CHI,2025-02-04,17.0,False,False,2025-07-21T00:00:00+00:00,valid,"{""expected_uncensored"": 22.9571, ""family"": ""lumpy"", ""generator"": ""synthetic-1.0"", ""seed"": 42, ""shock_multiplier"": 1.0}"
3910dc80bae5bb77dd9dbdcc,sample-v1,SKU-0004,CHI,2025-02-05,0.0,False,False,2025-07-21T00:00:00+00:00,valid,"{""expected_uncensored"": 23.4434, ""family"": ""lumpy"", ""generator"": ""synthetic-1.0"", ""seed"": 42, ""shock_multiplier"": 1.0}"
085d0150815caa1861b0d071,sample-v1,SKU-0004,CHI,2025-02-06,0.0,False,False,2025-07-21T00:00:00+00:00,valid,"{""expected_uncensored"": 22.0808, ""family"": ""lumpy"", ""generator"": ""synthetic-1.0"", ""seed"": 42, ""shock_multiplier"": 1.0}"
9d8d6b0fcc544a332bdb7508,sample-v1,SKU-0004,CHI,2025-02-07,0.0,False,False,2025-07-21T00:00:00+00:00,valid,"{""expected_uncensored"": 19.8952, ""family"": ""lumpy"", ""generator"": ""synthetic-1.0"", ""seed"": 42, ""shock_multiplier"": 1.0}"
0ca12cbfccfa0e4ac123f863,sample-v1,SKU-0004,CHI,2025-02-08,0.0,False,False,2025-07-21T00:00:00+00:00,valid,"{""expected_uncensored"": 18.5326, ""family"": ""lumpy"", ""generator"": ""synthetic-1.0"", ""seed"": 42, ""shock_multiplier"": 1.0}"
47f64bec7031e048d8e06922,sample-v1,SKU-0004,CHI,2025-02-09,17.0,False,False,2025-07-21T00:00:00+00:00,valid,"{""expected_uncensored"": 19.0189, ""family"": ""lumpy"", ""generator"": ""synthetic-1.0"", ""seed"": 42, ""shock_multiplier"": 1.0}"
50483b6f5d943b12bbf2e853,sample-v1,SKU-0004,CHI,2025-02-10,0.0,False,False,2025-07-21T00:00:00+00:00,valid,"{""expected_uncensored"": 20.988, ""family"": ""lumpy"", ""generator"": ""synthetic-1.0"", ""seed"": 42, ""shock_multiplier"": 1.0}"
c0694c9184ce05779b0a80ba,sample-v1,SKU-0004,CHI,2025-02-11,0.0,False,False,2025-07-21T00:00:00+00:00,valid,"{""expected_uncensored"": 22.9571, ""family"": ""lumpy"", ""generator"": ""synthetic-1.0"", ""seed"": 42, ""shock_multiplier"": 1.0}"
dbf55e7806a75b29af39e9dd,sample-v1,SKU-0004,CHI,2025-02-12,0.0,False,False,2025-07-21T00:00:00+00:00,valid,"{""expected_uncensored"": 23.4434, ""family"": ""lumpy"", ""generator"": ""synthetic-1.0"", ""seed"": 42, ""shock_multiplier"": 1.0}"
225ed4b73a2caf4189b83adf,sample-v1,SKU-0004,CHI,2025-02-13,0.0,False,False,2025-07-21T00:00:00+00:00,valid,"{""expected_uncensored"": 22.0808, ""family"": ""lumpy"", ""generator"": ""synthetic-1.0"", ""seed"": 42, ""shock_multiplier"": 1.0}"
0cb7a06b0c6bbd1d30d8e447,sample-v1,SKU-0004,CHI,2025-02-14,0.0,False,False,2025-07-21T00:00:00+00:00,valid,"{""expected_uncensored"": 19.8952, ""family"": ""lumpy"", ""generator"": ""synthetic-1.0"", ""seed"": 42, ""shock_multiplier"": 1.0}"
9aec6111a1c0f24471e09c1a,sample-v1,SKU-0004,CHI,2025-02-15,128.0,False,False,2025-07-21T00:00:00+00:00,valid,"{""expected_uncensored"": 18.5326, ""family"": ""lumpy"", ""generator"": ""synthetic-1.0"", ""seed"": 42, ""shock_multiplier"": 1.0}"
93f2396eb08f1dc2d43d17d3,sample-v1,SKU-0004,CHI,2025-02-16,0.0,False,False,2025-07-21T00:00:00+00:00,valid,"{""expected_uncensored"": 19.0189, ""family"": ""lumpy"", ""generator"": ""synthetic-1.0"", ""seed"": 42, ""shock_multiplier"": 1.0}"
58350ddc6634c2f94cd1a4bf,sample-v1,SKU-0004,CHI,2025-02-17,0.0,False,False,2025-07-21T00:00:00+00:00,valid,"{""expected_uncensored"": 20.988, ""family"": ""lumpy"", ""generator"": ""synthetic-1.0"", ""seed"": 42, ""shock_multiplier"": 1.0}"
18c3ed964c1501d3d674cd20,sample-v1,SKU-0004,CHI,2025-02-18,0.0,False,False,2025-07-21T00:00:00+00:00,valid,"{""expected_uncensored"": 22.9571, ""family"": ""lumpy"", ""generator"": ""synthetic-1.0"", ""seed"": 42, ""shock_multiplier"": 1.0}"
efcbe9f4e2cd44cb445b2923,sample-v1,SKU-0004,CHI,2025-02-19,24.0,False,False,2025-07-21T00:00:00+00:00,valid,"{""expected_uncensored"": 23.4434, ""family"": ""lumpy"", ""generator"": ""synthetic-1.0"", ""seed"": 42, ""shock_multiplier"": 1.0}"
e588071c86ba442f4cdb1df6,sample-v1,SKU-0004,CHI,2025-02-20,0.0,False,False,2025-07-21T00:00:00+00:00,valid,"{""expected_uncensored"": 22.0808, ""family"": ""lumpy"", ""generator"": ""synthetic-1.0"", ""seed"": 42, ""shock_multiplier"": 1.0}"
7694bd0063c666611386ca76,sample-v1,SKU-0004,CHI,2025-02-21,0.0,False,False,2025-07-21T00:00:00+00:00,valid,"{""expected_uncensored"": 19.8952, ""family"": ""lumpy"", ""generator"": ""synthetic-1.0"", ""seed"": 42, ""shock_multiplier"": 1.0}"
2dbb554ec2ac19d366a0c299,sample-v1,SKU-0004,CHI,2025-02-22,15.0,False,False,2025-07-21T00:00:00+00:00,valid,"{""expected_uncensored"": 18.5326, ""family"": ""lumpy"", ""generator"": ""synthetic-1.0"", ""seed"": 42, ""shock_multiplier"": 1.0}"
3ca9d291ff0ea40761561df6,sample-v1,SKU-0004,CHI,2025-02-23,0.0,False,False,2025-07-21T00:00:00+00:00,valid,"{""expected_uncensored"": 19.0189, ""family"": ""lumpy"", ""generator"": ""synthetic-1.0"", ""seed"": 42, ""shock_multiplier"": 1.0}"
f9d79e2f54297b8b110828b9,sample-v1,SKU-0004,CHI,2025-02-24,0.0,False,False,2025-07-21T00:00:00+00:00,valid,"{""expected_uncensored"": 20.988, ""family"": ""lumpy"", ""generator"": ""synthetic-1.0"", ""seed"": 42, ""shock_multiplier"": 1.0}"
e7161b4d99cde88ed8ecbcf1,sample-v1,SKU-0004,CHI,2025-02-25,0.0,False,False,2025-07-21T00:00:00+00:00,valid,"{""expected_uncensored"": 22.9571, ""family"": ""lumpy"", ""generator"": ""synthetic-1.0"", ""seed"": 42, ""shock_multiplier"": 1.0}"
06182bb40a6bd2b75de6d608,sample-v1,SKU-0004,CHI,2025-02-26,168.0,False,False,2025-07-21T00:00:00+00:00,valid,"{""expected_uncensored"": 23.4434, ""family"": ""lumpy"", ""generator"": ""synthetic-1.0"", ""seed"": 42, ""shock_multiplier"": 1.0}"
131d21a50107c028d2f64f22,sample-v1,SKU-0004,CHI,2025-02-27,128.0,False,False,2025-07-21T00:00:00+00:00,valid,"{""expected_uncensored"": 22.0808, ""family"": ""lumpy"", ""generator"": ""synthetic-1.0"", ""seed"": 42, ""shock_multiplier"": 1.0}"
a83a708037bf5426e59bb563,sample-v1,SKU-0004,CHI,2025-02-28,0.0,False,False,2025-07-21T00:00:00+00:00,valid,"{""expected_uncensored"": 19.8952, ""family"": ""lumpy"", ""generator"": ""synthetic-1.0"", ""seed"": 42, ""shock_multiplier"": 1.0}"
34b5957b568034615b3ee610,sample-v1,SKU-0004,CHI,2025-03-01,0.0,False,False,2025-07-21T00:00:00+00:00,valid,"{""expected_uncensored"": 18.5326, ""family"": ""lumpy"", ""generator"": ""synthetic-1.0"", ""seed"": 42, ""shock_multiplier"": 1.0}"
c2a410530f91b7eb6ab7b432,sample-v1,SKU-0004,CHI,2025-03-02,0.0,False,False,2025-07-21T00:00:00+00:00,valid,"{""expected_uncensored"": 19.0189, ""family"": ""lumpy"", ""generator"": ""synthetic-1.0"", ""seed"": 42, ""shock_multiplier"": 1.0}"
eadd124fffd1dbfab6c85acb,sample-v1,SKU-0004,CHI,2025-03-03,52.0,False,False,2025-07-21T00:00:00+00:00,valid,"{""expected_uncensored"": 20.988, ""family"": ""lumpy"", ""generator"": ""synthetic-1.0"", ""seed"": 42, ""shock_multiplier"": 1.0}"
4f5a29b16511757806f23557,sample-v1,SKU-0004,CHI,2025-03-04,16.0,False,False,2025-07-21T00:00:00+00:00,valid,"{""expected_uncensored"": 22.9571, ""family"": ""lumpy"", ""generator"": ""synthetic-1.0"", ""seed"": 42, ""shock_multiplier"": 1.0}"
df325a4cb01e2989d1da98a2,sample-v1,SKU-0004,CHI,2025-03-05,0.0,False,False,2025-07-21T00:00:00+00:00,valid,"{""expected_uncensored"": 23.4434, ""family"": ""lumpy"", ""generator"": ""synthetic-1.0"", ""seed"": 42, ""shock_multiplier"": 1.0}"
a5a4b85ef3fa861c7a6675d6,sample-v1,SKU-0004,CHI,2025-03-06,0.0,False,False,2025-07-21T00:00:00+00:00,valid,"{""expected_uncensored"": 22.0808, ""family"": ""lumpy"", ""generator"": ""synthetic-1.0"", ""seed"": 42, ""shock_multiplier"": 1.0}"
894090e4afb9175a3de6c7f8,sample-v1,SKU-0004,CHI,2025-03-07,14.0,False,False,2025-07-21T00:00:00+00:00,valid,"{""expected_uncensored"": 19.8952, ""family"": ""lumpy"", ""generator"": ""synthetic-1.0"", ""seed"": 42, ""shock_multiplier"": 1.0}"
5339a69b806c2c8f2e6864bc,sample-v1,SKU-0004,CHI,2025-03-08,0.0,True,False,2025-07-21T00:00:00+00:00,valid,"{""expected_uncensored"": 30.5788, ""family"": ""lumpy"", ""generator"": ""synthetic-1.0"", ""seed"": 42, ""shock_multiplier"": 1.0}"
c51fcd415f0be19dac3ca73d,sample-v1,SKU-0004,CHI,2025-03-09,62.0,True,False,2025-07-21T00:00:00+00:00,valid,"{""expected_uncensored"": 31.3812, ""family"": ""lumpy"", ""generator"": ""synthetic-1.0"", ""seed"": 42, ""shock_multiplier"": 1.0}"
c89f0c7b3609df533b96cee9,sample-v1,SKU-0004,CHI,2025-03-10,31.0,True,False,2025-07-21T00:00:00+00:00,valid,"{""expected_uncensored"": 34.6302, ""family"": ""lumpy"", ""generator"": ""synthetic-1.0"", ""seed"": 42, ""shock_multiplier"": 1.0}"
2c199aed3e0dd27790d0b3b0,sample-v1,SKU-0004,CHI,2025-03-11,0.0,True,False,2025-07-21T00:00:00+00:00,valid,"{""expected_uncensored"": 37.8792, ""family"": ""lumpy"", ""generator"": ""synthetic-1.0"", ""seed"": 42, ""shock_multiplier"": 1.0}"
98116e1a2d32853196913760,sample-v1,SKU-0004,CHI,2025-03-12,0.0,True,False,2025-07-21T00:00:00+00:00,valid,"{""expected_uncensored"": 38.6816, ""family"": ""lumpy"", ""generator"": ""synthetic-1.0"", ""seed"": 42, ""shock_multiplier"": 1.0}"
8918d69bbcf72712f58abf62,sample-v1,SKU-0004,CHI,2025-03-13,0.0,True,False,2025-07-21T00:00:00+00:00,valid,"{""expected_uncensored"": 36.4333, ""family"": ""lumpy"", ""generator"": ""synthetic-1.0"", ""seed"": 42, ""shock_multiplier"": 1.0}"
a4870b151c4fcae6973e3ef8,sample-v1,SKU-0004,CHI,2025-03-14,0.0,True,False,2025-07-21T00:00:00+00:00,valid,"{""expected_uncensored"": 32.8271, ""family"": ""lumpy"", ""generator"": ""synthetic-1.0"", ""seed"": 42, ""shock_multiplier"": 1.0}"
1f3780d411ba6f3c48987860,sample-v1,SKU-0004,CHI,2025-03-15,0.0,False,False,2025-07-21T00:00:00+00:00,valid,"{""expected_uncensored"": 18.5326, ""family"": ""lumpy"", ""generator"": ""synthetic-1.0"", ""seed"": 42, ""shock_multiplier"": 1.0}"
dd50b93663c1c476d559a51a,sample-v1,SKU-0004,CHI,2025-03-16,144.0,False,False,2025-07-21T00:00:00+00:00,valid,"{""expected_uncensored"": 19.0189, ""family"": ""lumpy"", ""generator"": ""synthetic-1.0"", ""seed"": 42, ""shock_multiplier"": 1.0}"
836593f5bfbeb40e3fb714d6,sample-v1,SKU-0004,CHI,2025-03-17,0.0,False,False,2025-07-21T00:00:00+00:00,valid,"{""expected_uncensored"": 20.988, ""family"": ""lumpy"", ""generator"": ""synthetic-1.0"", ""seed"": 42, ""shock_multiplier"": 1.0}"
1fb9fcde3dd3a8529d254fc7,sample-v1,SKU-0004,CHI,2025-03-18,0.0,False,False,2025-07-21T00:00:00+00:00,valid,"{""expected_uncensored"": 22.9571, ""family"": ""lumpy"", ""generator"": ""synthetic-1.0"", ""seed"": 42, ""shock_multiplier"": 1.0}"
4044802ce6a486e9d5d9d04a,sample-v1,SKU-0004,CHI,2025-03-19,0.0,False,False,2025-07-21T00:00:00+00:00,valid,"{""expected_uncensored"": 23.4434, ""family"": ""lumpy"", ""generator"": ""synthetic-1.0"", ""seed"": 42, ""shock_multiplier"": 1.0}"
544c4aea82c1e9db78550ae4,sample-v1,SKU-0004,CHI,2025-03-20,15.0,False,False,2025-07-21T00:00:00+00:00,valid,"{""expected_uncensored"": 22.0808, ""family"": ""lumpy"", ""generator"": ""synthetic-1.0"", ""seed"": 42, ""shock_multiplier"": 1.0}"
da2f056aaee2a4bb3f637d8e,sample-v1,SKU-0004,CHI,2025-03-21,16.0,False,False,2025-07-21T00:00:00+00:00,valid,"{""expected_uncensored"": 19.8952, ""family"": ""lumpy"", ""generator"": ""synthetic-1.0"", ""seed"": 42, ""shock_multiplier"": 1.0}"
95506b4bdd2b381c41daaa7e,sample-v1,SKU-0004,CHI,2025-03-22,42.0,False,False,2025-07-21T00:00:00+00:00,valid,"{""expected_uncensored"": 18.5326, ""family"": ""lumpy"", ""generator"": ""synthetic-1.0"", ""seed"": 42, ""shock_multiplier"": 1.0}"
a9400ee24d402a0bb80f1ed8,sample-v1,SKU-0004,CHI,2025-03-23,0.0,False,False,2025-07-21T00:00:00+00:00,valid,"{""expected_uncensored"": 19.0189, ""family"": ""lumpy"", ""generator"": ""synthetic-1.0"", ""seed"": 42, ""shock_multiplier"": 1.0}"
f6f02763abaa97718c7a74ed,sample-v1,SKU-0004,CHI,2025-03-24,0.0,False,False,2025-07-21T00:00:00+00:00,valid,"{""expected_uncensored"": 20.988, ""family"": ""lumpy"", ""generator"": ""synthetic-1.0"", ""seed"": 42, ""shock_multiplier"": 1.0}"
88f218fb9080108ec33d12c0,sample-v1,SKU-0004,CHI,2025-03-25,0.0,False,False,2025-07-21T00:00:00+00:00,valid,"{""expected_uncensored"": 22.9571, ""family"": ""lumpy"", ""generator"": ""synthetic-1.0"", ""seed"": 42, ""shock_multiplier"": 1.0}"
1548fb086e75ff71381fb364,sample-v1,SKU-0004,CHI,2025-03-26,0.0,False,False,2025-07-21T00:00:00+00:00,valid,"{""expected_uncensored"": 23.4434, ""family"": ""lumpy"", ""generator"": ""synthetic-1.0"", ""seed"": 42, ""shock_multiplier"": 1.0}"
1c673f317431e19399d8605e,sample-v1,SKU-0004,CHI,2025-03-27,184.0,False,False,2025-07-21T00:00:00+00:00,valid,"{""expected_uncensored"": 22.0808, ""family"": ""lumpy"", ""generator"": ""synthetic-1.0"", ""seed"": 42, ""shock_multiplier"": 1.0}"
9e8761a7740fc1e39343fb4f,sample-v1,SKU-0004,CHI,2025-03-28,88.0,False,False,2025-07-21T00:00:00+00:00,valid,"{""expected_uncensored"": 19.8952, ""family"": ""lumpy"", ""generator"": ""synthetic-1.0"", ""seed"": 42, ""shock_multiplier"": 1.0}"
19ec3f3821f555fe6fcde3f6,sample-v1,SKU-0004,CHI,2025-03-29,0.0,False,False,2025-07-21T00:00:00+00:00,valid,"{""expected_uncensored"": 18.5326, ""family"": ""lumpy"", ""generator"": ""synthetic-1.0"", ""seed"": 42, ""shock_multiplier"": 1.0}"
19f0edc8975cf25150058c1c,sample-v1,SKU-0004,CHI,2025-03-30,0.0,False,False,2025-07-21T00:00:00+00:00,valid,"{""expected_uncensored"": 19.0189, ""family"": ""lumpy"", ""generator"": ""synthetic-1.0"", ""seed"": 42, ""shock_multiplier"": 1.0}"
75403fec668c99da6b6614cb,sample-v1,SKU-0004,CHI,2025-03-31,0.0,False,False,2025-07-21T00:00:00+00:00,valid,"{""expected_uncensored"": 20.988, ""family"": ""lumpy"", ""generator"": ""synthetic-1.0"", ""seed"": 42, ""shock_multiplier"": 1.0}"
5a081e4b6c35ed29d1194cc0,sample-v1,SKU-0004,CHI,2025-04-01,32.0,False,False,2025-07-21T00:00:00+00:00,valid,"{""expected_uncensored"": 22.9571, ""family"": ""lumpy"", ""generator"": ""synthetic-1.0"", ""seed"": 42, ""shock_multiplier"": 1.0}"
33310350dec5715b990bac6b,sample-v1,SKU-0004,CHI,2025-04-02,0.0,False,False,2025-07-21T00:00:00+00:00,valid,"{""expected_uncensored"": 23.4434, ""family"": ""lumpy"", ""generator"": ""synthetic-1.0"", ""seed"": 42, ""shock_multiplier"": 1.0}"
6403cd6f8203b7d8685e650d,sample-v1,SKU-0004,CHI,2025-04-03,0.0,False,False,2025-07-21T00:00:00+00:00,valid,"{""expected_uncensored"": 22.0808, ""family"": ""lumpy"", ""generator"": ""synthetic-1.0"", ""seed"": 42, ""shock_multiplier"": 1.0}"
cebe4f951683744175a65b01,sample-v1,SKU-0004,CHI,2025-04-04,38.0,False,False,2025-07-21T00:00:00+00:00,valid,"{""expected_uncensored"": 19.8952, ""family"": ""lumpy"", ""generator"": ""synthetic-1.0"", ""seed"": 42, ""shock_multiplier"": 1.0}"
fe79865c8da6bc4ca45e3476,sample-v1,SKU-0004,CHI,2025-04-05,22.0,False,False,2025-07-21T00:00:00+00:00,valid,"{""expected_uncensored"": 18.5326, ""family"": ""lumpy"", ""generator"": ""synthetic-1.0"", ""seed"": 42, ""shock_multiplier"": 1.0}"
53b0fc19656c69a081f4aed8,sample-v1,SKU-0004,CHI,2025-04-06,0.0,False,False,2025-07-21T00:00:00+00:00,valid,"{""expected_uncensored"": 19.0189, ""family"": ""lumpy"", ""generator"": ""synthetic-1.0"", ""seed"": 42, ""shock_multiplier"": 1.0}"
52551a8a7787145f98a66487,sample-v1,SKU-0004,CHI,2025-04-07,28.0,False,False,2025-07-21T00:00:00+00:00,valid,"{""expected_uncensored"": 20.988, ""family"": ""lumpy"", ""generator"": ""synthetic-1.0"", ""seed"": 42, ""shock_multiplier"": 1.0}"
c6a42922f1dc7ef1c25019e9,sample-v1,SKU-0004,CHI,2025-04-08,32.0,False,False,2025-07-21T00:00:00+00:00,valid,"{""expected_uncensored"": 22.9571, ""family"": ""lumpy"", ""generator"": ""synthetic-1.0"", ""seed"": 42, ""shock_multiplier"": 1.0}"
510423a57b51331b80921871,sample-v1,SKU-0004,CHI,2025-04-09,160.0,False,False,2025-07-21T00:00:00+00:00,valid,"{""expected_uncensored"": 23.4434, ""family"": ""lumpy"", ""generator"": ""synthetic-1.0"", ""seed"": 42, ""shock_multiplier"": 1.0}"
45fdfe677d9c5da40eb29c96,sample-v1,SKU-0004,CHI,2025-04-10,36.0,False,False,2025-07-21T00:00:00+00:00,valid,"{""expected_uncensored"": 22.0808, ""family"": ""lumpy"", ""generator"": ""synthetic-1.0"", ""seed"": 42, ""shock_multiplier"": 1.0}"
046efd47b2a749e7d8f5b2bc,sample-v1,SKU-0004,CHI,2025-04-11,0.0,False,False,2025-07-21T00:00:00+00:00,valid,"{""expected_uncensored"": 19.8952, ""family"": ""lumpy"", ""generator"": ""synthetic-1.0"", ""seed"": 42, ""shock_multiplier"": 1.0}"
f69e5d70376bc2c309a5b39c,sample-v1,SKU-0004,CHI,2025-04-12,0.0,False,False,2025-07-21T00:00:00+00:00,valid,"{""expected_uncensored"": 18.5326, ""family"": ""lumpy"", ""generator"": ""synthetic-1.0"", ""seed"": 42, ""shock_multiplier"": 1.0}"
df5a52add440958237f9d704,sample-v1,SKU-0004,CHI,2025-04-13,0.0,False,False,2025-07-21T00:00:00+00:00,valid,"{""expected_uncensored"": 19.0189, ""family"": ""lumpy"", ""generator"": ""synthetic-1.0"", ""seed"": 42, ""shock_multiplier"": 1.0}"
291cbdfd00c328c45ec594ee,sample-v1,SKU-0004,CHI,2025-04-14,0.0,False,False,2025-07-21T00:00:00+00:00,valid,"{""expected_uncensored"": 20.988, ""family"": ""lumpy"", ""generator"": ""synthetic-1.0"", ""seed"": 42, ""shock_multiplier"": 1.0}"
9b95a1d88049a13340556d29,sample-v1,SKU-0004,CHI,2025-04-15,80.0,False,False,2025-07-21T00:00:00+00:00,valid,"{""expected_uncensored"": 22.9571, ""family"": ""lumpy"", ""generator"": ""synthetic-1.0"", ""seed"": 42, ""shock_multiplier"": 1.0}"
0b960163b9fb65e3d90ae1d1,sample-v1,SKU-0004,CHI,2025-04-16,0.0,False,False,2025-07-21T00:00:00+00:00,valid,"{""expected_uncensored"": 23.4434, ""family"": ""lumpy"", ""generator"": ""synthetic-1.0"", ""seed"": 42, ""shock_multiplier"": 1.0}"
44c0abb289d8243d2dfeb2f2,sample-v1,SKU-0004,CHI,2025-04-17,32.0,False,False,2025-07-21T00:00:00+00:00,valid,"{""expected_uncensored"": 22.0808, ""family"": ""lumpy"", ""generator"": ""synthetic-1.0"", ""seed"": 42, ""shock_multiplier"": 1.0}"
0c95ccf8980bf3724189df79,sample-v1,SKU-0004,CHI,2025-04-18,0.0,False,False,2025-07-21T00:00:00+00:00,valid,"{""expected_uncensored"": 19.8952, ""family"": ""lumpy"", ""generator"": ""synthetic-1.0"", ""seed"": 42, ""shock_multiplier"": 1.0}"
8f401627ab4c95af80e0fe69,sample-v1,SKU-0004,CHI,2025-04-19,0.0,False,False,2025-07-21T00:00:00+00:00,valid,"{""expected_uncensored"": 18.5326, ""family"": ""lumpy"", ""generator"": ""synthetic-1.0"", ""seed"": 42, ""shock_multiplier"": 1.0}"
6365075a5ad12ba82ace8ac5,sample-v1,SKU-0004,CHI,2025-04-20,160.0,False,False,2025-07-21T00:00:00+00:00,valid,"{""expected_uncensored"": 19.0189, ""family"": ""lumpy"", ""generator"": ""synthetic-1.0"", ""seed"": 42, ""shock_multiplier"": 1.0}"
7168f000d511fa45b5588660,sample-v1,SKU-0004,CHI,2025-04-21,11.0,False,False,2025-07-21T00:00:00+00:00,valid,"{""expected_uncensored"": 20.988, ""family"": ""lumpy"", ""generator"": ""synthetic-1.0"", ""seed"": 42, ""shock_multiplier"": 1.0}"
ad5102e0824e71de315fe534,sample-v1,SKU-0004,CHI,2025-04-22,44.0,False,False,2025-07-21T00:00:00+00:00,valid,"{""expected_uncensored"": 22.9571, ""family"": ""lumpy"", ""generator"": ""synthetic-1.0"", ""seed"": 42, ""shock_multiplier"": 1.0}"
bc0e75c83e07e8cdcdac6b02,sample-v1,SKU-0004,CHI,2025-04-23,0.0,False,False,2025-07-21T00:00:00+00:00,valid,"{""expected_uncensored"": 23.4434, ""family"": ""lumpy"", ""generator"": ""synthetic-1.0"", ""seed"": 42, ""shock_multiplier"": 1.0}"
16f5f0e757a094b3b3aaa1e7,sample-v1,SKU-0004,CHI,2025-04-24,0.0,False,False,2025-07-21T00:00:00+00:00,valid,"{""expected_uncensored"": 22.0808, ""family"": ""lumpy"", ""generator"": ""synthetic-1.0"", ""seed"": 42, ""shock_multiplier"": 1.0}"
898281f361b9164bba358f3b,sample-v1,SKU-0004,CHI,2025-04-25,28.0,False,False,2025-07-21T00:00:00+00:00,valid,"{""expected_uncensored"": 19.8952, ""family"": ""lumpy"", ""generator"": ""synthetic-1.0"", ""seed"": 42, ""shock_multiplier"": 1.0}"
dd2e816b932be6ec8ca12dbd,sample-v1,SKU-0004,CHI,2025-04-26,0.0,False,False,2025-07-21T00:00:00+00:00,valid,"{""expected_uncensored"": 18.5326, ""family"": ""lumpy"", ""generator"": ""synthetic-1.0"", ""seed"": 42, ""shock_multiplier"": 1.0}"
1f590918756111bf11b58888,sample-v1,SKU-0004,CHI,2025-04-27,0.0,False,False,2025-07-21T00:00:00+00:00,valid,"{""expected_uncensored"": 19.0189, ""family"": ""lumpy"", ""generator"": ""synthetic-1.0"", ""seed"": 42, ""shock_multiplier"": 1.0}"
2c4e91e208e9c25a36dae972,sample-v1,SKU-0004,CHI,2025-04-28,0.0,False,False,2025-07-21T00:00:00+00:00,valid,"{""expected_uncensored"": 20.988, ""family"": ""lumpy"", ""generator"": ""synthetic-1.0"", ""seed"": 42, ""shock_multiplier"": 1.0}"
3f8d685f214ecea42bc1b764,sample-v1,SKU-0004,CHI,2025-04-29,0.0,False,False,2025-07-21T00:00:00+00:00,valid,"{""expected_uncensored"": 22.9571, ""family"": ""lumpy"", ""generator"": ""synthetic-1.0"", ""seed"": 42, ""shock_multiplier"": 1.0}"
b9bed63736117d84dfbac9bc,sample-v1,SKU-0004,CHI,2025-04-30,0.0,False,False,2025-07-21T00:00:00+00:00,valid,"{""expected_uncensored"": 23.4434, ""family"": ""lumpy"", ""generator"": ""synthetic-1.0"", ""seed"": 42, ""shock_multiplier"": 1.0}"
bcd9ec7c8f388053fc40eaf7,sample-v1,SKU-0004,CHI,2025-05-01,0.0,False,False,2025-07-21T00:00:00+00:00,valid,"{""expected_uncensored"": 22.0808, ""family"": ""lumpy"", ""generator"": ""synthetic-1.0"", ""seed"": 42, ""shock_multiplier"": 1.0}"
f46d9af3c5f33aa31976afc6,sample-v1,SKU-0004,CHI,2025-05-02,0.0,False,False,2025-07-21T00:00:00+00:00,valid,"{""expected_uncensored"": 19.8952, ""family"": ""lumpy"", ""generator"": ""synthetic-1.0"", ""seed"": 42, ""shock_multiplier"": 1.0}"
dbf302e5bf1d4f6094a483e5,sample-v1,SKU-0004,CHI,2025-05-03,0.0,False,False,2025-07-21T00:00:00+00:00,valid,"{""expected_uncensored"": 18.5326, ""family"": ""lumpy"", ""generator"": ""synthetic-1.0"", ""seed"": 42, ""shock_multiplier"": 1.0}"
e1ac22a4ff7847240af74018,sample-v1,SKU-0004,CHI,2025-05-04,0.0,False,False,2025-07-21T00:00:00+00:00,valid,"{""expected_uncensored"": 19.0189, ""family"": ""lumpy"", ""generator"": ""synthetic-1.0"", ""seed"": 42, ""shock_multiplier"": 1.0}"
0cc192e6ed8497d6dc971328,sample-v1,SKU-0004,CHI,2025-05-05,18.0,False,False,2025-07-21T00:00:00+00:00,valid,"{""expected_uncensored"": 20.988, ""family"": ""lumpy"", ""generator"": ""synthetic-1.0"", ""seed"": 42, ""shock_multiplier"": 1.0}"
5f65ebbadaab200ec0796b0c,sample-v1,SKU-0004,CHI,2025-05-06,0.0,False,False,2025-07-21T00:00:00+00:00,valid,"{""expected_uncensored"": 22.9571, ""family"": ""lumpy"", ""generator"": ""synthetic-1.0"", ""seed"": 42, ""shock_multiplier"": 1.0}"
65abd1d08bca73b9f03141ae,sample-v1,SKU-0004,CHI,2025-05-07,112.0,False,False,2025-07-21T00:00:00+00:00,valid,"{""expected_uncensored"": 23.4434, ""family"": ""lumpy"", ""generator"": ""synthetic-1.0"", ""seed"": 42, ""shock_multiplier"": 1.0}"
83a1a66182f82420d98eafa2,sample-v1,SKU-0004,CHI,2025-05-08,0.0,False,False,2025-07-21T00:00:00+00:00,valid,"{""expected_uncensored"": 22.0808, ""family"": ""lumpy"", ""generator"": ""synthetic-1.0"", ""seed"": 42, ""shock_multiplier"": 1.0}"
fa9b4b34080ccdaae798bdf4,sample-v1,SKU-0004,CHI,2025-05-09,0.0,False,False,2025-07-21T00:00:00+00:00,valid,"{""expected_uncensored"": 19.8952, ""family"": ""lumpy"", ""generator"": ""synthetic-1.0"", ""seed"": 42, ""shock_multiplier"": 1.0}"
3669b760dc7a1131566be2a8,sample-v1,SKU-0004,CHI,2025-05-10,0.0,True,False,2025-07-21T00:00:00+00:00,valid,"{""expected_uncensored"": 30.5788, ""family"": ""lumpy"", ""generator"": ""synthetic-1.0"", ""seed"": 42, ""shock_multiplier"": 1.0}"
c7ed81fe30199beb18c4a6d9,sample-v1,SKU-0004,CHI,2025-05-11,200.0,True,False,2025-07-21T00:00:00+00:00,valid,"{""expected_uncensored"": 31.3812, ""family"": ""lumpy"", ""generator"": ""synthetic-1.0"", ""seed"": 42, ""shock_multiplier"": 1.0}"
39703582e0a7b163fcb57785,sample-v1,SKU-0004,CHI,2025-05-12,0.0,True,False,2025-07-21T00:00:00+00:00,valid,"{""expected_uncensored"": 34.6302, ""family"": ""lumpy"", ""generator"": ""synthetic-1.0"", ""seed"": 42, ""shock_multiplier"": 1.0}"
36042a31deb481d71e0c51d0,sample-v1,SKU-0004,CHI,2025-05-13,44.0,True,False,2025-07-21T00:00:00+00:00,valid,"{""expected_uncensored"": 37.8792, ""family"": ""lumpy"", ""generator"": ""synthetic-1.0"", ""seed"": 42, ""shock_multiplier"": 1.0}"
4a4b8d0459693e23a86dcd0d,sample-v1,SKU-0004,CHI,2025-05-14,48.0,True,False,2025-07-21T00:00:00+00:00,valid,"{""expected_uncensored"": 38.6816, ""family"": ""lumpy"", ""generator"": ""synthetic-1.0"", ""seed"": 42, ""shock_multiplier"": 1.0}"
ee9db43e7b311ac3b32a079a,sample-v1,SKU-0004,CHI,2025-05-15,0.0,True,False,2025-07-21T00:00:00+00:00,valid,"{""expected_uncensored"": 36.4333, ""family"": ""lumpy"", ""generator"": ""synthetic-1.0"", ""seed"": 42, ""shock_multiplier"": 1.0}"
0c5bb863a7b5f7fc61336afe,sample-v1,SKU-0004,CHI,2025-05-16,48.0,True,False,2025-07-21T00:00:00+00:00,valid,"{""expected_uncensored"": 32.8271, ""family"": ""lumpy"", ""generator"": ""synthetic-1.0"", ""seed"": 42, ""shock_multiplier"": 1.0}"
4ebc6b02edf706b5bb7f100b,sample-v1,SKU-0004,CHI,2025-05-17,20.0,False,False,2025-07-21T00:00:00+00:00,valid,"{""expected_uncensored"": 18.5326, ""family"": ""lumpy"", ""generator"": ""synthetic-1.0"", ""seed"": 42, ""shock_multiplier"": 1.0}"
d8c5497639078363e58acbcc,sample-v1,SKU-0004,CHI,2025-05-18,0.0,False,False,2025-07-21T00:00:00+00:00,valid,"{""expected_uncensored"": 19.0189, ""family"": ""lumpy"", ""generator"": ""synthetic-1.0"", ""seed"": 42, ""shock_multiplier"": 1.0}"
9a9112eaf77b5809df825891,sample-v1,SKU-0004,CHI,2025-05-19,0.0,False,False,2025-07-21T00:00:00+00:00,valid,"{""expected_uncensored"": 20.988, ""family"": ""lumpy"", ""generator"": ""synthetic-1.0"", ""seed"": 42, ""shock_multiplier"": 1.0}"
602dbee4f867adfb74a25322,sample-v1,SKU-0004,CHI,2025-05-20,0.0,False,False,2025-07-21T00:00:00+00:00,valid,"{""expected_uncensored"": 22.9571, ""family"": ""lumpy"", ""generator"": ""synthetic-1.0"", ""seed"": 42, ""shock_multiplier"": 1.0}"
d9717b00d5055aeda5edf760,sample-v1,SKU-0004,CHI,2025-05-21,16.0,False,False,2025-07-21T00:00:00+00:00,valid,"{""expected_uncensored"": 23.4434, ""family"": ""lumpy"", ""generator"": ""synthetic-1.0"", ""seed"": 42, ""shock_multiplier"": 1.0}"
a4b1bd7c1a6dc2df18197fc3,sample-v1,SKU-0004,CHI,2025-05-22,96.0,False,False,2025-07-21T00:00:00+00:00,valid,"{""expected_uncensored"": 22.0808, ""family"": ""lumpy"", ""generator"": ""synthetic-1.0"", ""seed"": 42, ""shock_multiplier"": 1.0}"
ef64f2b6fc3fbd58c17acf3a,sample-v1,SKU-0004,CHI,2025-05-23,36.0,False,False,2025-07-21T00:00:00+00:00,valid,"{""expected_uncensored"": 19.8952, ""family"": ""lumpy"", ""generator"": ""synthetic-1.0"", ""seed"": 42, ""shock_multiplier"": 1.0}"
bbf51c7cb36d2185cde0995a,sample-v1,SKU-0004,CHI,2025-05-24,0.0,False,False,2025-07-21T00:00:00+00:00,valid,"{""expected_uncensored"": 18.5326, ""family"": ""lumpy"", ""generator"": ""synthetic-1.0"", ""seed"": 42, ""shock_multiplier"": 1.0}"
3e7f0e33e214e7b64738d46d,sample-v1,SKU-0004,CHI,2025-05-25,0.0,False,False,2025-07-21T00:00:00+00:00,valid,"{""expected_uncensored"": 19.0189, ""family"": ""lumpy"", ""generator"": ""synthetic-1.0"", ""seed"": 42, ""shock_multiplier"": 1.0}"
5b00cee3e5a1c0f49d67e2b9,sample-v1,SKU-0004,CHI,2025-05-26,0.0,False,False,2025-07-21T00:00:00+00:00,valid,"{""expected_uncensored"": 20.988, ""family"": ""lumpy"", ""generator"": ""synthetic-1.0"", ""seed"": 42, ""shock_multiplier"": 1.0}"
9cfae677a6286f44c0e2440d,sample-v1,SKU-0004,CHI,2025-05-27,28.0,False,False,2025-07-21T00:00:00+00:00,valid,"{""expected_uncensored"": 22.9571, ""family"": ""lumpy"", ""generator"": ""synthetic-1.0"", ""seed"": 42, ""shock_multiplier"": 1.0}"
ab03aba610fa69b41911698e,sample-v1,SKU-0004,CHI,2025-05-28,0.0,False,False,2025-07-21T00:00:00+00:00,valid,"{""expected_uncensored"": 23.4434, ""family"": ""lumpy"", ""generator"": ""synthetic-1.0"", ""seed"": 42, ""shock_multiplier"": 1.0}"
4a2117d408ae1be817d7166b,sample-v1,SKU-0004,CHI,2025-05-29,0.0,False,False,2025-07-21T00:00:00+00:00,valid,"{""expected_uncensored"": 22.0808, ""family"": ""lumpy"", ""generator"": ""synthetic-1.0"", ""seed"": 42, ""shock_multiplier"": 1.0}"
ea18cd194ef052cb1d6f0f64,sample-v1,SKU-0004,CHI,2025-05-30,0.0,False,False,2025-07-21T00:00:00+00:00,valid,"{""expected_uncensored"": 19.8952, ""family"": ""lumpy"", ""generator"": ""synthetic-1.0"", ""seed"": 42, ""shock_multiplier"": 1.0}"
af771df165373883ad013c86,sample-v1,SKU-0004,CHI,2025-05-31,0.0,False,False,2025-07-21T00:00:00+00:00,valid,"{""expected_uncensored"": 18.5326, ""family"": ""lumpy"", ""generator"": ""synthetic-1.0"", ""seed"": 42, ""shock_multiplier"": 1.0}"
3671259fb573879e5cba0a0d,sample-v1,SKU-0004,CHI,2025-06-01,0.0,False,False,2025-07-21T00:00:00+00:00,valid,"{""expected_uncensored"": 19.0189, ""family"": ""lumpy"", ""generator"": ""synthetic-1.0"", ""seed"": 42, ""shock_multiplier"": 1.0}"
1288de6c32e2ed70d321903c,sample-v1,SKU-0004,CHI,2025-06-02,0.0,False,False,2025-07-21T00:00:00+00:00,valid,"{""expected_uncensored"": 20.988, ""family"": ""lumpy"", ""generator"": ""synthetic-1.0"", ""seed"": 42, ""shock_multiplier"": 1.0}"
0adc7ff36a45db1047b619dc,sample-v1,SKU-0004,CHI,2025-06-03,128.0,False,False,2025-07-21T00:00:00+00:00,valid,"{""expected_uncensored"": 22.9571, ""family"": ""lumpy"", ""generator"": ""synthetic-1.0"", ""seed"": 42, ""shock_multiplier"": 1.0}"
b2f37d0b7bd34e33ca495f17,sample-v1,SKU-0004,CHI,2025-06-04,0.0,False,False,2025-07-21T00:00:00+00:00,valid,"{""expected_uncensored"": 23.4434, ""family"": ""lumpy"", ""generator"": ""synthetic-1.0"", ""seed"": 42, ""shock_multiplier"": 1.0}"
88417b2992e36761339ae4ec,sample-v1,SKU-0004,CHI,2025-06-05,0.0,False,False,2025-07-21T00:00:00+00:00,valid,"{""expected_uncensored"": 22.0808, ""family"": ""lumpy"", ""generator"": ""synthetic-1.0"", ""seed"": 42, ""shock_multiplier"": 1.0}"
4d7271e32d4eb599f048ab22,sample-v1,SKU-0004,CHI,2025-06-06,16.0,False,False,2025-07-21T00:00:00+00:00,valid,"{""expected_uncensored"": 19.8952, ""family"": ""lumpy"", ""generator"": ""synthetic-1.0"", ""seed"": 42, ""shock_multiplier"": 1.0}"
b46c0f9d12b58d207226d66c,sample-v1,SKU-0004,CHI,2025-06-07,0.0,False,False,2025-07-21T00:00:00+00:00,valid,"{""expected_uncensored"": 18.5326, ""family"": ""lumpy"", ""generator"": ""synthetic-1.0"", ""seed"": 42, ""shock_multiplier"": 1.0}"
511c3d27d22d6d6c4f2954bd,sample-v1,SKU-0004,CHI,2025-06-08,21.0,False,False,2025-07-21T00:00:00+00:00,valid,"{""expected_uncensored"": 19.0189, ""family"": ""lumpy"", ""generator"": ""synthetic-1.0"", ""seed"": 42, ""shock_multiplier"": 1.0}"
a6350786d0866ea0e1f00586,sample-v1,SKU-0004,CHI,2025-06-09,0.0,False,False,2025-07-21T00:00:00+00:00,valid,"{""expected_uncensored"": 20.988, ""family"": ""lumpy"", ""generator"": ""synthetic-1.0"", ""seed"": 42, ""shock_multiplier"": 1.0}"
3c35c38f0c7e02425663babd,sample-v1,SKU-0004,CHI,2025-06-10,40.0,False,False,2025-07-21T00:00:00+00:00,valid,"{""expected_uncensored"": 22.9571, ""family"": ""lumpy"", ""generator"": ""synthetic-1.0"", ""seed"": 42, ""shock_multiplier"": 1.0}"
86cbe0a40a809bbce6def99d,sample-v1,SKU-0004,CHI,2025-06-11,0.0,False,False,2025-07-21T00:00:00+00:00,valid,"{""expected_uncensored"": 23.4434, ""family"": ""lumpy"", ""generator"": ""synthetic-1.0"", ""seed"": 42, ""shock_multiplier"": 1.0}"
793700829faf64660b692837,sample-v1,SKU-0004,CHI,2025-06-12,0.0,False,False,2025-07-21T00:00:00+00:00,valid,"{""expected_uncensored"": 22.0808, ""family"": ""lumpy"", ""generator"": ""synthetic-1.0"", ""seed"": 42, ""shock_multiplier"": 1.0}"
6ada8e1061d01ed263c8f894,sample-v1,SKU-0004,CHI,2025-06-13,0.0,False,False,2025-07-21T00:00:00+00:00,valid,"{""expected_uncensored"": 19.8952, ""family"": ""lumpy"", ""generator"": ""synthetic-1.0"", ""seed"": 42, ""shock_multiplier"": 1.0}"
c891e43776abb0686375e894,sample-v1,SKU-0004,CHI,2025-06-14,0.0,False,False,2025-07-21T00:00:00+00:00,valid,"{""expected_uncensored"": 18.5326, ""family"": ""lumpy"", ""generator"": ""synthetic-1.0"", ""seed"": 42, ""shock_multiplier"": 1.0}"
2ce047b105ee33b07755a8d3,sample-v1,SKU-0004,CHI,2025-06-15,0.0,False,False,2025-07-21T00:00:00+00:00,valid,"{""expected_uncensored"": 19.0189, ""family"": ""lumpy"", ""generator"": ""synthetic-1.0"", ""seed"": 42, ""shock_multiplier"": 1.0}"
2a67322b847f3290c2887a6c,sample-v1,SKU-0004,CHI,2025-06-16,136.0,False,False,2025-07-21T00:00:00+00:00,valid,"{""expected_uncensored"": 20.988, ""family"": ""lumpy"", ""generator"": ""synthetic-1.0"", ""seed"": 42, ""shock_multiplier"": 1.0}"
8a32e1e905e3aa4cd0e2fed0,sample-v1,SKU-0004,CHI,2025-06-17,0.0,False,False,2025-07-21T00:00:00+00:00,valid,"{""expected_uncensored"": 22.9571, ""family"": ""lumpy"", ""generator"": ""synthetic-1.0"", ""seed"": 42, ""shock_multiplier"": 1.0}"
1b2ac32b4d069491e6f429f4,sample-v1,SKU-0004,CHI,2025-06-18,15.0,False,False,2025-07-21T00:00:00+00:00,valid,"{""expected_uncensored"": 23.4434, ""family"": ""lumpy"", ""generator"": ""synthetic-1.0"", ""seed"": 42, ""shock_multiplier"": 1.0}"
cc458aa34ab05dc63c954b73,sample-v1,SKU-0004,CHI,2025-06-19,0.0,False,False,2025-07-21T00:00:00+00:00,valid,"{""expected_uncensored"": 22.0808, ""family"": ""lumpy"", ""generator"": ""synthetic-1.0"", ""seed"": 42, ""shock_multiplier"": 1.0}"
a122bd8cd99a1e640b6de438,sample-v1,SKU-0004,CHI,2025-06-20,0.0,False,False,2025-07-21T00:00:00+00:00,valid,"{""expected_uncensored"": 19.8952, ""family"": ""lumpy"", ""generator"": ""synthetic-1.0"", ""seed"": 42, ""shock_multiplier"": 1.0}"
101a5ef4e9e51f72a89fe428,sample-v1,SKU-0004,CHI,2025-06-21,0.0,False,False,2025-07-21T00:00:00+00:00,valid,"{""expected_uncensored"": 18.5326, ""family"": ""lumpy"", ""generator"": ""synthetic-1.0"", ""seed"": 42, ""shock_multiplier"": 1.0}"
e46b8e179396e95c9144a086,sample-v1,SKU-0004,CHI,2025-06-22,15.0,False,False,2025-07-21T00:00:00+00:00,valid,"{""expected_uncensored"": 19.0189, ""family"": ""lumpy"", ""generator"": ""synthetic-1.0"", ""seed"": 42, ""shock_multiplier"": 1.0}"
f97da99ea74bd1dca8ee60c1,sample-v1,SKU-0004,CHI,2025-06-23,104.0,False,False,2025-07-21T00:00:00+00:00,valid,"{""expected_uncensored"": 20.988, ""family"": ""lumpy"", ""generator"": ""synthetic-1.0"", ""seed"": 42, ""shock_multiplier"": 1.0}"
b9bf3f118321869ba5dd27a7,sample-v1,SKU-0004,CHI,2025-06-24,0.0,False,False,2025-07-21T00:00:00+00:00,valid,"{""expected_uncensored"": 22.9571, ""family"": ""lumpy"", ""generator"": ""synthetic-1.0"", ""seed"": 42, ""shock_multiplier"": 1.0}"
1303c9d85a1809eed89a77e9,sample-v1,SKU-0004,CHI,2025-06-25,0.0,False,False,2025-07-21T00:00:00+00:00,valid,"{""expected_uncensored"": 23.4434, ""family"": ""lumpy"", ""generator"": ""synthetic-1.0"", ""seed"": 42, ""shock_multiplier"": 1.0}"
f6bcf575229e55b39337a8b0,sample-v1,SKU-0004,CHI,2025-06-26,0.0,False,False,2025-07-21T00:00:00+00:00,valid,"{""expected_uncensored"": 22.0808, ""family"": ""lumpy"", ""generator"": ""synthetic-1.0"", ""seed"": 42, ""shock_multiplier"": 1.0}"
58091ebb8e706cd79a60c028,sample-v1,SKU-0004,CHI,2025-06-27,14.0,False,False,2025-07-21T00:00:00+00:00,valid,"{""expected_uncensored"": 19.8952, ""family"": ""lumpy"", ""generator"": ""synthetic-1.0"", ""seed"": 42, ""shock_multiplier"": 1.0}"
e734517cf544e60e5b17c23a,sample-v1,SKU-0004,CHI,2025-06-28,0.0,False,False,2025-07-21T00:00:00+00:00,valid,"{""expected_uncensored"": 18.5326, ""family"": ""lumpy"", ""generator"": ""synthetic-1.0"", ""seed"": 42, ""shock_multiplier"": 1.0}"
533c87b27895e8e419bdb886,sample-v1,SKU-0004,CHI,2025-06-29,0.0,False,False,2025-07-21T00:00:00+00:00,valid,"{""expected_uncensored"": 19.0189, ""family"": ""lumpy"", ""generator"": ""synthetic-1.0"", ""seed"": 42, ""shock_multiplier"": 1.0}"
5c88132d4c4f84f017ab5a23,sample-v1,SKU-0004,CHI,2025-06-30,152.0,False,False,2025-07-21T00:00:00+00:00,valid,"{""expected_uncensored"": 20.988, ""family"": ""lumpy"", ""generator"": ""synthetic-1.0"", ""seed"": 42, ""shock_multiplier"": 1.0}"
a9e41c0c771b416c14f1b978,sample-v1,SKU-0004,CHI,2025-07-01,0.0,False,False,2025-07-21T00:00:00+00:00,valid,"{""expected_uncensored"": 22.9571, ""family"": ""lumpy"", ""generator"": ""synthetic-1.0"", ""seed"": 42, ""shock_multiplier"": 1.0}"
0d284b3bb97f1787e07e06eb,sample-v1,SKU-0004,CHI,2025-07-02,36.0,False,False,2025-07-21T00:00:00+00:00,valid,"{""expected_uncensored"": 23.4434, ""family"": ""lumpy"", ""generator"": ""synthetic-1.0"", ""seed"": 42, ""shock_multiplier"": 1.0}"
dc5624410ba5449fbdcd3054,sample-v1,SKU-0004,CHI,2025-07-03,0.0,False,False,2025-07-21T00:00:00+00:00,valid,"{""expected_uncensored"": 22.0808, ""family"": ""lumpy"", ""generator"": ""synthetic-1.0"", ""seed"": 42, ""shock_multiplier"": 1.0}"
17648901709256af6bd26be3,sample-v1,SKU-0004,CHI,2025-07-04,0.0,False,False,2025-07-21T00:00:00+00:00,valid,"{""expected_uncensored"": 19.8952, ""family"": ""lumpy"", ""generator"": ""synthetic-1.0"", ""seed"": 42, ""shock_multiplier"": 1.0}"
5eeae9dbd95ad13054b481f4,sample-v1,SKU-0004,CHI,2025-07-05,26.0,False,False,2025-07-21T00:00:00+00:00,valid,"{""expected_uncensored"": 18.5326, ""family"": ""lumpy"", ""generator"": ""synthetic-1.0"", ""seed"": 42, ""shock_multiplier"": 1.0}"
8bedd76c1a62ecb2a7da45da,sample-v1,SKU-0004,CHI,2025-07-06,18.0,False,False,2025-07-21T00:00:00+00:00,valid,"{""expected_uncensored"": 19.0189, ""family"": ""lumpy"", ""generator"": ""synthetic-1.0"", ""seed"": 42, ""shock_multiplier"": 1.0}"
7f1f94436dc25da19da2bef6,sample-v1,SKU-0004,CHI,2025-07-07,0.0,False,False,2025-07-21T00:00:00+00:00,valid,"{""expected_uncensored"": 20.988, ""family"": ""lumpy"", ""generator"": ""synthetic-1.0"", ""seed"": 42, ""shock_multiplier"": 1.0}"
9488e0ab87e4c7b1822d2e3a,sample-v1,SKU-0004,CHI,2025-07-08,0.0,False,False,2025-07-21T00:00:00+00:00,valid,"{""expected_uncensored"": 22.9571, ""family"": ""lumpy"", ""generator"": ""synthetic-1.0"", ""seed"": 42, ""shock_multiplier"": 1.0}"
2751a7fb46a7b141790ca7b5,sample-v1,SKU-0004,CHI,2025-07-09,30.0,False,False,2025-07-21T00:00:00+00:00,valid,"{""expected_uncensored"": 23.4434, ""family"": ""lumpy"", ""generator"": ""synthetic-1.0"", ""seed"": 42, ""shock_multiplier"": 1.0}"
8537f936dd5357f3d8b9f293,sample-v1,SKU-0004,CHI,2025-07-10,144.0,False,False,2025-07-21T00:00:00+00:00,valid,"{""expected_uncensored"": 22.0808, ""family"": ""lumpy"", ""generator"": ""synthetic-1.0"", ""seed"": 42, ""shock_multiplier"": 1.0}"
ffdacd050bea6c9970db749d,sample-v1,SKU-0004,CHI,2025-07-11,0.0,False,False,2025-07-21T00:00:00+00:00,valid,"{""expected_uncensored"": 19.8952, ""family"": ""lumpy"", ""generator"": ""synthetic-1.0"", ""seed"": 42, ""shock_multiplier"": 1.0}"
ec63b2dabc4a1d6f870922aa,sample-v1,SKU-0004,CHI,2025-07-12,0.0,True,False,2025-07-21T00:00:00+00:00,valid,"{""expected_uncensored"": 30.5788, ""family"": ""lumpy"", ""generator"": ""synthetic-1.0"", ""seed"": 42, ""shock_multiplier"": 1.0}"
1068c5cc78f895e7eb00cb7f,sample-v1,SKU-0004,CHI,2025-07-13,0.0,True,False,2025-07-21T00:00:00+00:00,valid,"{""expected_uncensored"": 31.3812, ""family"": ""lumpy"", ""generator"": ""synthetic-1.0"", ""seed"": 42, ""shock_multiplier"": 1.0}"
8e5a839770ebb75a44067261,sample-v1,SKU-0004,CHI,2025-07-14,18.0,True,False,2025-07-21T00:00:00+00:00,valid,"{""expected_uncensored"": 34.6302, ""family"": ""lumpy"", ""generator"": ""synthetic-1.0"", ""seed"": 42, ""shock_multiplier"": 1.0}"
5671138742e5beca64310ce6,sample-v1,SKU-0004,CHI,2025-07-15,0.0,True,False,2025-07-21T00:00:00+00:00,valid,"{""expected_uncensored"": 37.8792, ""family"": ""lumpy"", ""generator"": ""synthetic-1.0"", ""seed"": 42, ""shock_multiplier"": 1.0}"
f33d28c75bd5c4e9d793fb33,sample-v1,SKU-0004,CHI,2025-07-16,0.0,True,False,2025-07-21T00:00:00+00:00,valid,"{""expected_uncensored"": 38.6816, ""family"": ""lumpy"", ""generator"": ""synthetic-1.0"", ""seed"": 42, ""shock_multiplier"": 1.0}"
7f6c619745e4fc6e5a234489,sample-v1,SKU-0004,CHI,2025-07-17,0.0,True,False,2025-07-21T00:00:00+00:00,valid,"{""expected_uncensored"": 36.4333, ""family"": ""lumpy"", ""generator"": ""synthetic-1.0"", ""seed"": 42, ""shock_multiplier"": 1.0}"
19aebe649f702b51cbdf829d,sample-v1,SKU-0004,CHI,2025-07-18,224.0,True,False,2025-07-21T00:00:00+00:00,valid,"{""expected_uncensored"": 32.8271, ""family"": ""lumpy"", ""generator"": ""synthetic-1.0"", ""seed"": 42, ""shock_multiplier"": 1.0}"
57785cc70614b212efeb1323,sample-v1,SKU-0004,CHI,2025-07-19,28.0,False,False,2025-07-21T00:00:00+00:00,valid,"{""expected_uncensored"": 18.5326, ""family"": ""lumpy"", ""generator"": ""synthetic-1.0"", ""seed"": 42, ""shock_multiplier"": 1.0}"
8b75d1c8887c119049a83d92,sample-v1,SKU-0004,CHI,2025-07-20,0.0,False,False,2025-07-21T00:00:00+00:00,valid,"{""expected_uncensored"": 19.0189, ""family"": ""lumpy"", ""generator"": ""synthetic-1.0"", ""seed"": 42, ""shock_multiplier"": 1.0}"
227174655a133e0710c1fc23,sample-v1,SKU-0004,DAL,2025-01-06,0.0,True,False,2025-07-21T00:00:00+00:00,valid,"{""expected_uncensored"": 49.8762, ""family"": ""lumpy"", ""generator"": ""synthetic-1.0"", ""seed"": 42, ""shock_multiplier"": 1.0}"
91d113574afe382866ccc188,sample-v1,SKU-0004,DAL,2025-01-07,0.0,True,False,2025-07-21T00:00:00+00:00,valid,"{""expected_uncensored"": 54.5556, ""family"": ""lumpy"", ""generator"": ""synthetic-1.0"", ""seed"": 42, ""shock_multiplier"": 1.0}"
adee2616eb067b785550019d,sample-v1,SKU-0004,DAL,2025-01-08,304.0,True,False,2025-07-21T00:00:00+00:00,valid,"{""expected_uncensored"": 55.7113, ""family"": ""lumpy"", ""generator"": ""synthetic-1.0"", ""seed"": 42, ""shock_multiplier"": 1.0}"
2e9ee732aa5e3e4f8604d4c3,sample-v1,SKU-0004,DAL,2025-01-09,0.0,True,False,2025-07-21T00:00:00+00:00,valid,"{""expected_uncensored"": 52.4731, ""family"": ""lumpy"", ""generator"": ""synthetic-1.0"", ""seed"": 42, ""shock_multiplier"": 1.0}"
ac05ba9013b603b7056bb1e1,sample-v1,SKU-0004,DAL,2025-01-10,0.0,True,False,2025-07-21T00:00:00+00:00,valid,"{""expected_uncensored"": 47.2793, ""family"": ""lumpy"", ""generator"": ""synthetic-1.0"", ""seed"": 42, ""shock_multiplier"": 1.0}"
fe725d9862fc2e682bbda10e,sample-v1,SKU-0004,DAL,2025-01-11,0.0,False,False,2025-07-21T00:00:00+00:00,valid,"{""expected_uncensored"": 26.6916, ""family"": ""lumpy"", ""generator"": ""synthetic-1.0"", ""seed"": 42, ""shock_multiplier"": 1.0}"
d155912a0ea61d1f7780f9eb,sample-v1,SKU-0004,DAL,2025-01-12,0.0,False,False,2025-07-21T00:00:00+00:00,valid,"{""expected_uncensored"": 27.392, ""family"": ""lumpy"", ""generator"": ""synthetic-1.0"", ""seed"": 42, ""shock_multiplier"": 1.0}"
8315e00b1734f5701acf4577,sample-v1,SKU-0004,DAL,2025-01-13,0.0,False,False,2025-07-21T00:00:00+00:00,valid,"{""expected_uncensored"": 30.228, ""family"": ""lumpy"", ""generator"": ""synthetic-1.0"", ""seed"": 42, ""shock_multiplier"": 1.0}"
1430fe5f0082ec68667aa5c2,sample-v1,SKU-0004,DAL,2025-01-14,216.0,False,False,2025-07-21T00:00:00+00:00,valid,"{""expected_uncensored"": 33.064, ""family"": ""lumpy"", ""generator"": ""synthetic-1.0"", ""seed"": 42, ""shock_multiplier"": 1.0}"
6929ed05e218e6b019ac9227,sample-v1,SKU-0004,DAL,2025-01-15,0.0,False,False,2025-07-21T00:00:00+00:00,valid,"{""expected_uncensored"": 33.7644, ""family"": ""lumpy"", ""generator"": ""synthetic-1.0"", ""seed"": 42, ""shock_multiplier"": 1.0}"
7046d124fd408b90a8cb701f,sample-v1,SKU-0004,DAL,2025-01-16,0.0,False,False,2025-07-21T00:00:00+00:00,valid,"{""expected_uncensored"": 31.8019, ""family"": ""lumpy"", ""generator"": ""synthetic-1.0"", ""seed"": 42, ""shock_multiplier"": 1.0}"
b9d7b518a2c16ef6262e6a85,sample-v1,SKU-0004,DAL,2025-01-17,0.0,False,False,2025-07-21T00:00:00+00:00,valid,"{""expected_uncensored"": 28.6541, ""family"": ""lumpy"", ""generator"": ""synthetic-1.0"", ""seed"": 42, ""shock_multiplier"": 1.0}"
8373eae06bb030a4498a75a4,sample-v1,SKU-0004,DAL,2025-01-18,208.0,False,False,2025-07-21T00:00:00+00:00,valid,"{""expected_uncensored"": 26.6916, ""family"": ""lumpy"", ""generator"": ""synthetic-1.0"", ""seed"": 42, ""shock_multiplier"": 1.0}"
370b1fe48afdd78918e94c4c,sample-v1,SKU-0004,DAL,2025-01-19,0.0,False,False,2025-07-21T00:00:00+00:00,valid,"{""expected_uncensored"": 27.392, ""family"": ""lumpy"", ""generator"": ""synthetic-1.0"", ""seed"": 42, ""shock_multiplier"": 1.0}"
696324d7da382ab76771e288,sample-v1,SKU-0004,DAL,2025-01-20,0.0,False,False,2025-07-21T00:00:00+00:00,valid,"{""expected_uncensored"": 30.228, ""family"": ""lumpy"", ""generator"": ""synthetic-1.0"", ""seed"": 42, ""shock_multiplier"": 1.0}"
ba0aa85374a660112f26bfec,sample-v1,SKU-0004,DAL,2025-01-21,0.0,False,False,2025-07-21T00:00:00+00:00,valid,"{""expected_uncensored"": 33.064, ""family"": ""lumpy"", ""generator"": ""synthetic-1.0"", ""seed"": 42, ""shock_multiplier"": 1.0}"
2702e4b6d6ada1f0a9387f43,sample-v1,SKU-0004,DAL,2025-01-22,0.0,False,False,2025-07-21T00:00:00+00:00,valid,"{""expected_uncensored"": 33.7644, ""family"": ""lumpy"", ""generator"": ""synthetic-1.0"", ""seed"": 42, ""shock_multiplier"": 1.0}"
14d37d6dda5a595c75c3f506,sample-v1,SKU-0004,DAL,2025-01-23,0.0,False,False,2025-07-21T00:00:00+00:00,valid,"{""expected_uncensored"": 31.8019, ""family"": ""lumpy"", ""generator"": ""synthetic-1.0"", ""seed"": 42, ""shock_multiplier"": 1.0}"
98a31391b77e7b0da674943e,sample-v1,SKU-0004,DAL,2025-01-24,0.0,False,False,2025-07-21T00:00:00+00:00,valid,"{""expected_uncensored"": 28.6541, ""family"": ""lumpy"", ""generator"": ""synthetic-1.0"", ""seed"": 42, ""shock_multiplier"": 1.0}"
cca0e0d72e0375a5d565d39b,sample-v1,SKU-0004,DAL,2025-01-25,0.0,False,False,2025-07-21T00:00:00+00:00,valid,"{""expected_uncensored"": 26.6916, ""family"": ""lumpy"", ""generator"": ""synthetic-1.0"", ""seed"": 42, ""shock_multiplier"": 1.0}"
f063f77092a3cb058b94b9a7,sample-v1,SKU-0004,DAL,2025-01-26,0.0,False,False,2025-07-21T00:00:00+00:00,valid,"{""expected_uncensored"": 27.392, ""family"": ""lumpy"", ""generator"": ""synthetic-1.0"", ""seed"": 42, ""shock_multiplier"": 1.0}"
c9cd1377a19e0372fa697c33,sample-v1,SKU-0004,DAL,2025-01-27,0.0,False,False,2025-07-21T00:00:00+00:00,valid,"{""expected_uncensored"": 30.228, ""family"": ""lumpy"", ""generator"": ""synthetic-1.0"", ""seed"": 42, ""shock_multiplier"": 1.0}"
1f6f17d0c452d1e39344a31a,sample-v1,SKU-0004,DAL,2025-01-28,0.0,False,False,2025-07-21T00:00:00+00:00,valid,"{""expected_uncensored"": 33.064, ""family"": ""lumpy"", ""generator"": ""synthetic-1.0"", ""seed"": 42, ""shock_multiplier"": 1.0}"
0878c4bb786bc08b2f15d6b6,sample-v1,SKU-0004,DAL,2025-01-29,0.0,False,False,2025-07-21T00:00:00+00:00,valid,"{""expected_uncensored"": 33.7644, ""family"": ""lumpy"", ""generator"": ""synthetic-1.0"", ""seed"": 42, ""shock_multiplier"": 1.0}"
44abb515dfba1ce61ecbd6eb,sample-v1,SKU-0004,DAL,2025-01-30,0.0,False,False,2025-07-21T00:00:00+00:00,valid,"{""expected_uncensored"": 31.8019, ""family"": ""lumpy"", ""generator"": ""synthetic-1.0"", ""seed"": 42, ""shock_multiplier"": 1.0}"
cc6019e4304c29f3a4e58063,sample-v1,SKU-0004,DAL,2025-01-31,0.0,False,False,2025-07-21T00:00:00+00:00,valid,"{""expected_uncensored"": 28.6541, ""family"": ""lumpy"", ""generator"": ""synthetic-1.0"", ""seed"": 42, ""shock_multiplier"": 1.0}"
4a0c5ceeb90957f8539254d4,sample-v1,SKU-0004,DAL,2025-02-01,0.0,False,False,2025-07-21T00:00:00+00:00,valid,"{""expected_uncensored"": 26.6916, ""family"": ""lumpy"", ""generator"": ""synthetic-1.0"", ""seed"": 42, ""shock_multiplier"": 1.0}"
b5a0bad0f78724df76b84aad,sample-v1,SKU-0004,DAL,2025-02-02,168.0,False,False,2025-07-21T00:00:00+00:00,valid,"{""expected_uncensored"": 27.392, ""family"": ""lumpy"", ""generator"": ""synthetic-1.0"", ""seed"": 42, ""shock_multiplier"": 1.0}"
cc7305420a14423d56b05b9e,sample-v1,SKU-0004,DAL,2025-02-03,0.0,False,False,2025-07-21T00:00:00+00:00,valid,"{""expected_uncensored"": 30.228, ""family"": ""lumpy"", ""generator"": ""synthetic-1.0"", ""seed"": 42, ""shock_multiplier"": 1.0}"
e8c09216f9a9a594272c499d,sample-v1,SKU-0004,DAL,2025-02-04,0.0,False,False,2025-07-21T00:00:00+00:00,valid,"{""expected_uncensored"": 33.064, ""family"": ""lumpy"", ""generator"": ""synthetic-1.0"", ""seed"": 42, ""shock_multiplier"": 1.0}"
b6a8183053dd827bceec31d6,sample-v1,SKU-0004,DAL,2025-02-05,0.0,False,False,2025-07-21T00:00:00+00:00,valid,"{""expected_uncensored"": 33.7644, ""family"": ""lumpy"", ""generator"": ""synthetic-1.0"", ""seed"": 42, ""shock_multiplier"": 1.0}"
450535e5419294cbe90423f3,sample-v1,SKU-0004,DAL,2025-02-06,0.0,False,False,2025-07-21T00:00:00+00:00,valid,"{""expected_uncensored"": 31.8019, ""family"": ""lumpy"", ""generator"": ""synthetic-1.0"", ""seed"": 42, ""shock_multiplier"": 1.0}"
1c61dfaf4399b579de4089b8,sample-v1,SKU-0004,DAL,2025-02-07,0.0,False,False,2025-07-21T00:00:00+00:00,valid,"{""expected_uncensored"": 28.6541, ""family"": ""lumpy"", ""generator"": ""synthetic-1.0"", ""seed"": 42, ""shock_multiplier"": 1.0}"
de9b9a3c4b7504e3d2cb3602,sample-v1,SKU-0004,DAL,2025-02-08,232.0,False,False,2025-07-21T00:00:00+00:00,valid,"{""expected_uncensored"": 26.6916, ""family"": ""lumpy"", ""generator"": ""synthetic-1.0"", ""seed"": 42, ""shock_multiplier"": 1.0}"
c8604a3d6d40ddc770e27c7c,sample-v1,SKU-0004,DAL,2025-02-09,11.0,False,False,2025-07-21T00:00:00+00:00,valid,"{""expected_uncensored"": 27.392, ""family"": ""lumpy"", ""generator"": ""synthetic-1.0"", ""seed"": 42, ""shock_multiplier"": 1.0}"
4a757981ad017fe539f4e608,sample-v1,SKU-0004,DAL,2025-02-10,38.0,False,False,2025-07-21T00:00:00+00:00,valid,"{""expected_uncensored"": 30.228, ""family"": ""lumpy"", ""generator"": ""synthetic-1.0"", ""seed"": 42, ""shock_multiplier"": 1.0}"
8ad18652908a3ea2f896ac84,sample-v1,SKU-0004,DAL,2025-02-11,35.0,False,False,2025-07-21T00:00:00+00:00,valid,"{""expected_uncensored"": 33.064, ""family"": ""lumpy"", ""generator"": ""synthetic-1.0"", ""seed"": 42, ""shock_multiplier"": 1.0}"
bf3a142f56eded97a46b659e,sample-v1,SKU-0004,DAL,2025-02-12,0.0,False,False,2025-07-21T00:00:00+00:00,valid,"{""expected_uncensored"": 33.7644, ""family"": ""lumpy"", ""generator"": ""synthetic-1.0"", ""seed"": 42, ""shock_multiplier"": 1.0}"
ad66c8aedbc33dd1737b1d6c,sample-v1,SKU-0004,DAL,2025-02-13,0.0,False,False,2025-07-21T00:00:00+00:00,valid,"{""expected_uncensored"": 31.8019, ""family"": ""lumpy"", ""generator"": ""synthetic-1.0"", ""seed"": 42, ""shock_multiplier"": 1.0}"
ae9701fe94e2950971d5d136,sample-v1,SKU-0004,DAL,2025-02-14,0.0,False,False,2025-07-21T00:00:00+00:00,valid,"{""expected_uncensored"": 28.6541, ""family"": ""lumpy"", ""generator"": ""synthetic-1.0"", ""seed"": 42, ""shock_multiplier"": 1.0}"
bb962f09de5abb6b60ff5500,sample-v1,SKU-0004,DAL,2025-02-15,0.0,False,False,2025-07-21T00:00:00+00:00,valid,"{""expected_uncensored"": 26.6916, ""family"": ""lumpy"", ""generator"": ""synthetic-1.0"", ""seed"": 42, ""shock_multiplier"": 1.0}"
5b1330e811f6c69843975c57,sample-v1,SKU-0004,DAL,2025-02-16,34.0,False,False,2025-07-21T00:00:00+00:00,valid,"{""expected_uncensored"": 27.392, ""family"": ""lumpy"", ""generator"": ""synthetic-1.0"", ""seed"": 42, ""shock_multiplier"": 1.0}"
e4cb77fd2b25d31d2f938d73,sample-v1,SKU-0004,DAL,2025-02-17,176.0,False,False,2025-07-21T00:00:00+00:00,valid,"{""expected_uncensored"": 30.228, ""family"": ""lumpy"", ""generator"": ""synthetic-1.0"", ""seed"": 42, ""shock_multiplier"": 1.0}"
b234a992de836daba11dd929,sample-v1,SKU-0004,DAL,2025-02-18,0.0,False,False,2025-07-21T00:00:00+00:00,valid,"{""expected_uncensored"": 33.064, ""family"": ""lumpy"", ""generator"": ""synthetic-1.0"", ""seed"": 42, ""shock_multiplier"": 1.0}"
6a0b8bfe19b7c51f820a3c2e,sample-v1,SKU-0004,DAL,2025-02-19,0.0,False,False,2025-07-21T00:00:00+00:00,valid,"{""expected_uncensored"": 33.7644, ""family"": ""lumpy"", ""generator"": ""synthetic-1.0"", ""seed"": 42, ""shock_multiplier"": 1.0}"
feefc77bd84902a2df07070b,sample-v1,SKU-0004,DAL,2025-02-20,0.0,False,False,2025-07-21T00:00:00+00:00,valid,"{""expected_uncensored"": 31.8019, ""family"": ""lumpy"", ""generator"": ""synthetic-1.0"", ""seed"": 42, ""shock_multiplier"": 1.0}"
0c1e040992179aea884b31d9,sample-v1,SKU-0004,DAL,2025-02-21,0.0,False,False,2025-07-21T00:00:00+00:00,valid,"{""expected_uncensored"": 28.6541, ""family"": ""lumpy"", ""generator"": ""synthetic-1.0"", ""seed"": 42, ""shock_multiplier"": 1.0}"
aa7877434c76db5756f57b3e,sample-v1,SKU-0004,DAL,2025-02-22,192.0,False,False,2025-07-21T00:00:00+00:00,valid,"{""expected_uncensored"": 26.6916, ""family"": ""lumpy"", ""generator"": ""synthetic-1.0"", ""seed"": 42, ""shock_multiplier"": 1.0}"
6085499123925f0bb5b58c42,sample-v1,SKU-0004,DAL,2025-02-23,56.0,False,False,2025-07-21T00:00:00+00:00,valid,"{""expected_uncensored"": 27.392, ""family"": ""lumpy"", ""generator"": ""synthetic-1.0"", ""seed"": 42, ""shock_multiplier"": 1.0}"
8921fe1612b133f6a06a1ec2,sample-v1,SKU-0004,DAL,2025-02-24,0.0,False,False,2025-07-21T00:00:00+00:00,valid,"{""expected_uncensored"": 30.228, ""family"": ""lumpy"", ""generator"": ""synthetic-1.0"", ""seed"": 42, ""shock_multiplier"": 1.0}"
c129d0b0c2e612faeece5e84,sample-v1,SKU-0004,DAL,2025-02-25,0.0,False,False,2025-07-21T00:00:00+00:00,valid,"{""expected_uncensored"": 33.064, ""family"": ""lumpy"", ""generator"": ""synthetic-1.0"", ""seed"": 42, ""shock_multiplier"": 1.0}"
e504d4335c3a3db09e96a4ff,sample-v1,SKU-0004,DAL,2025-02-26,0.0,False,False,2025-07-21T00:00:00+00:00,valid,"{""expected_uncensored"": 33.7644, ""family"": ""lumpy"", ""generator"": ""synthetic-1.0"", ""seed"": 42, ""shock_multiplier"": 1.0}"
b3040e24b57cc47dcf7fa4a7,sample-v1,SKU-0004,DAL,2025-02-27,232.0,False,False,2025-07-21T00:00:00+00:00,valid,"{""expected_uncensored"": 31.8019, ""family"": ""lumpy"", ""generator"": ""synthetic-1.0"", ""seed"": 42, ""shock_multiplier"": 1.0}"
5fb256ad2cdefac8d4e917b0,sample-v1,SKU-0004,DAL,2025-02-28,23.0,False,False,2025-07-21T00:00:00+00:00,valid,"{""expected_uncensored"": 28.6541, ""family"": ""lumpy"", ""generator"": ""synthetic-1.0"", ""seed"": 42, ""shock_multiplier"": 1.0}"
f6d2efa0a417add983e41f2d,sample-v1,SKU-0004,DAL,2025-03-01,26.0,False,False,2025-07-21T00:00:00+00:00,valid,"{""expected_uncensored"": 26.6916, ""family"": ""lumpy"", ""generator"": ""synthetic-1.0"", ""seed"": 42, ""shock_multiplier"": 1.0}"
4b2c5d91908ea915836b4000,sample-v1,SKU-0004,DAL,2025-03-02,0.0,False,False,2025-07-21T00:00:00+00:00,valid,"{""expected_uncensored"": 27.392, ""family"": ""lumpy"", ""generator"": ""synthetic-1.0"", ""seed"": 42, ""shock_multiplier"": 1.0}"
27567d38d39d91f534c285b1,sample-v1,SKU-0004,DAL,2025-03-03,0.0,False,False,2025-07-21T00:00:00+00:00,valid,"{""expected_uncensored"": 30.228, ""family"": ""lumpy"", ""generator"": ""synthetic-1.0"", ""seed"": 42, ""shock_multiplier"": 1.0}"
a497c34f7622fdfd5138d3e7,sample-v1,SKU-0004,DAL,2025-03-04,192.0,False,False,2025-07-21T00:00:00+00:00,valid,"{""expected_uncensored"": 33.064, ""family"": ""lumpy"", ""generator"": ""synthetic-1.0"", ""seed"": 42, ""shock_multiplier"": 1.0}"
3e087fbec705cba8b80837a9,sample-v1,SKU-0004,DAL,2025-03-05,36.0,False,False,2025-07-21T00:00:00+00:00,valid,"{""expected_uncensored"": 33.7644, ""family"": ""lumpy"", ""generator"": ""synthetic-1.0"", ""seed"": 42, ""shock_multiplier"": 1.0}"
552b50924cf4a130f72fbd3f,sample-v1,SKU-0004,DAL,2025-03-06,0.0,False,False,2025-07-21T00:00:00+00:00,valid,"{""expected_uncensored"": 31.8019, ""family"": ""lumpy"", ""generator"": ""synthetic-1.0"", ""seed"": 42, ""shock_multiplier"": 1.0}"
2fac2a7770136cfa747aa901,sample-v1,SKU-0004,DAL,2025-03-07,0.0,False,False,2025-07-21T00:00:00+00:00,valid,"{""expected_uncensored"": 28.6541, ""family"": ""lumpy"", ""generator"": ""synthetic-1.0"", ""seed"": 42, ""shock_multiplier"": 1.0}"
7c0cca7e6d4cd9d0219c455d,sample-v1,SKU-0004,DAL,2025-03-08,368.0,True,False,2025-07-21T00:00:00+00:00,valid,"{""expected_uncensored"": 44.0411, ""family"": ""lumpy"", ""generator"": ""synthetic-1.0"", ""seed"": 42, ""shock_multiplier"": 1.0}"
e6813fb5cbf878064dd3743e,sample-v1,SKU-0004,DAL,2025-03-09,0.0,True,False,2025-07-21T00:00:00+00:00,valid,"{""expected_uncensored"": 45.1968, ""family"": ""lumpy"", ""generator"": ""synthetic-1.0"", ""seed"": 42, ""shock_multiplier"": 1.0}"
5fa98ee4829d10746988c3d8,sample-v1,SKU-0004,DAL,2025-03-10,76.0,True,False,2025-07-21T00:00:00+00:00,valid,"{""expected_uncensored"": 49.8762, ""family"": ""lumpy"", ""generator"": ""synthetic-1.0"", ""seed"": 42, ""shock_multiplier"": 1.0}"
12d94b2be64a6a04e02c3915,sample-v1,SKU-0004,DAL,2025-03-11,0.0,True,False,2025-07-21T00:00:00+00:00,valid,"{""expected_uncensored"": 54.5556, ""family"": ""lumpy"", ""generator"": ""synthetic-1.0"", ""seed"": 42, ""shock_multiplier"": 1.0}"
7b21b4f72c43d54a21f2b009,sample-v1,SKU-0004,DAL,2025-03-12,54.0,True,False,2025-07-21T00:00:00+00:00,valid,"{""expected_uncensored"": 55.7113, ""family"": ""lumpy"", ""generator"": ""synthetic-1.0"", ""seed"": 42, ""shock_multiplier"": 1.0}"
b3208b73fa19f1ef0d58cbbd,sample-v1,SKU-0004,DAL,2025-03-13,0.0,True,False,2025-07-21T00:00:00+00:00,valid,"{""expected_uncensored"": 52.4731, ""family"": ""lumpy"", ""generator"": ""synthetic-1.0"", ""seed"": 42, ""shock_multiplier"": 1.0}"
c055fbc15e54820f5fb3751f,sample-v1,SKU-0004,DAL,2025-03-14,40.0,True,False,2025-07-21T00:00:00+00:00,valid,"{""expected_uncensored"": 47.2793, ""family"": ""lumpy"", ""generator"": ""synthetic-1.0"", ""seed"": 42, ""shock_multiplier"": 1.0}"
bbb1e302cf3290eebdaa748d,sample-v1,SKU-0004,DAL,2025-03-15,0.0,False,False,2025-07-21T00:00:00+00:00,valid,"{""expected_uncensored"": 26.6916, ""family"": ""lumpy"", ""generator"": ""synthetic-1.0"", ""seed"": 42, ""shock_multiplier"": 1.0}"
50447bab8839a869519696ba,sample-v1,SKU-0004,DAL,2025-03-16,0.0,False,False,2025-07-21T00:00:00+00:00,valid,"{""expected_uncensored"": 27.392, ""family"": ""lumpy"", ""generator"": ""synthetic-1.0"", ""seed"": 42, ""shock_multiplier"": 1.0}"
49d4db93e7b3696c6ba884bc,sample-v1,SKU-0004,DAL,2025-03-17,208.0,False,False,2025-07-21T00:00:00+00:00,valid,"{""expected_uncensored"": 30.228, ""family"": ""lumpy"", ""generator"": ""synthetic-1.0"", ""seed"": 42, ""shock_multiplier"": 1.0}"
1ff743e1346d289a6cda4dd9,sample-v1,SKU-0004,DAL,2025-03-18,0.0,False,False,2025-07-21T00:00:00+00:00,valid,"{""expected_uncensored"": 33.064, ""family"": ""lumpy"", ""generator"": ""synthetic-1.0"", ""seed"": 42, ""shock_multiplier"": 1.0}"
67c119fdf0ea41e42115ed17,sample-v1,SKU-0004,DAL,2025-03-19,176.0,False,False,2025-07-21T00:00:00+00:00,valid,"{""expected_uncensored"": 33.7644, ""family"": ""lumpy"", ""generator"": ""synthetic-1.0"", ""seed"": 42, ""shock_multiplier"": 1.0}"
b3f8165b1e209b58ca84d4dd,sample-v1,SKU-0004,DAL,2025-03-20,0.0,False,False,2025-07-21T00:00:00+00:00,valid,"{""expected_uncensored"": 31.8019, ""family"": ""lumpy"", ""generator"": ""synthetic-1.0"", ""seed"": 42, ""shock_multiplier"": 1.0}"
2dce0e64c334b30aad840f27,sample-v1,SKU-0004,DAL,2025-03-21,14.0,False,False,2025-07-21T00:00:00+00:00,valid,"{""expected_uncensored"": 28.6541, ""family"": ""lumpy"", ""generator"": ""synthetic-1.0"", ""seed"": 42, ""shock_multiplier"": 1.0}"
d2dec2fa5e9e5da07cf711ee,sample-v1,SKU-0004,DAL,2025-03-22,112.0,False,False,2025-07-21T00:00:00+00:00,valid,"{""expected_uncensored"": 26.6916, ""family"": ""lumpy"", ""generator"": ""synthetic-1.0"", ""seed"": 42, ""shock_multiplier"": 1.0}"
a3bac14680a16f561e19826d,sample-v1,SKU-0004,DAL,2025-03-23,0.0,False,False,2025-07-21T00:00:00+00:00,valid,"{""expected_uncensored"": 27.392, ""family"": ""lumpy"", ""generator"": ""synthetic-1.0"", ""seed"": 42, ""shock_multiplier"": 1.0}"
4fa0d28f781403f3ae945b95,sample-v1,SKU-0004,DAL,2025-03-24,0.0,False,False,2025-07-21T00:00:00+00:00,valid,"{""expected_uncensored"": 30.228, ""family"": ""lumpy"", ""generator"": ""synthetic-1.0"", ""seed"": 42, ""shock_multiplier"": 1.0}"
e7eb3a13e562b42566dd585c,sample-v1,SKU-0004,DAL,2025-03-25,0.0,False,False,2025-07-21T00:00:00+00:00,valid,"{""expected_uncensored"": 33.064, ""family"": ""lumpy"", ""generator"": ""synthetic-1.0"", ""seed"": 42, ""shock_multiplier"": 1.0}"
09272096e2442be4b1b52f9b,sample-v1,SKU-0004,DAL,2025-03-26,0.0,False,False,2025-07-21T00:00:00+00:00,valid,"{""expected_uncensored"": 33.7644, ""family"": ""lumpy"", ""generator"": ""synthetic-1.0"", ""seed"": 42, ""shock_multiplier"": 1.0}"
1b1bd827602ebb32769a027e,sample-v1,SKU-0004,DAL,2025-03-27,0.0,False,False,2025-07-21T00:00:00+00:00,valid,"{""expected_uncensored"": 31.8019, ""family"": ""lumpy"", ""generator"": ""synthetic-1.0"", ""seed"": 42, ""shock_multiplier"": 1.0}"
88a522aecb3fa43b92c89835,sample-v1,SKU-0004,DAL,2025-03-28,0.0,False,False,2025-07-21T00:00:00+00:00,valid,"{""expected_uncensored"": 28.6541, ""family"": ""lumpy"", ""generator"": ""synthetic-1.0"", ""seed"": 42, ""shock_multiplier"": 1.0}"
1e37569dac252cbd77bf33af,sample-v1,SKU-0004,DAL,2025-03-29,0.0,False,False,2025-07-21T00:00:00+00:00,valid,"{""expected_uncensored"": 26.6916, ""family"": ""lumpy"", ""generator"": ""synthetic-1.0"", ""seed"": 42, ""shock_multiplier"": 1.0}"
2a89b8b1864c483d136dfb66,sample-v1,SKU-0004,DAL,2025-03-30,184.0,False,False,2025-07-21T00:00:00+00:00,valid,"{""expected_uncensored"": 27.392, ""family"": ""lumpy"", ""generator"": ""synthetic-1.0"", ""seed"": 42, ""shock_multiplier"": 1.0}"
3bd3c2c2671aa5426b5656e9,sample-v1,SKU-0004,DAL,2025-03-31,24.0,False,False,2025-07-21T00:00:00+00:00,valid,"{""expected_uncensored"": 30.228, ""family"": ""lumpy"", ""generator"": ""synthetic-1.0"", ""seed"": 42, ""shock_multiplier"": 1.0}"
056850e07a39c64ca0b64cf5,sample-v1,SKU-0004,DAL,2025-04-01,0.0,False,False,2025-07-21T00:00:00+00:00,valid,"{""expected_uncensored"": 33.064, ""family"": ""lumpy"", ""generator"": ""synthetic-1.0"", ""seed"": 42, ""shock_multiplier"": 1.0}"
14d17c80d443f3cc637e5575,sample-v1,SKU-0004,DAL,2025-04-02,0.0,False,False,2025-07-21T00:00:00+00:00,valid,"{""expected_uncensored"": 33.7644, ""family"": ""lumpy"", ""generator"": ""synthetic-1.0"", ""seed"": 42, ""shock_multiplier"": 1.0}"
10b4fc20b0d1c2186def39c3,sample-v1,SKU-0004,DAL,2025-04-03,0.0,False,False,2025-07-21T00:00:00+00:00,valid,"{""expected_uncensored"": 31.8019, ""family"": ""lumpy"", ""generator"": ""synthetic-1.0"", ""seed"": 42, ""shock_multiplier"": 1.0}"
99973561fa845d0c6fcfbbc3,sample-v1,SKU-0004,DAL,2025-04-04,0.0,False,False,2025-07-21T00:00:00+00:00,valid,"{""expected_uncensored"": 28.6541, ""family"": ""lumpy"", ""generator"": ""synthetic-1.0"", ""seed"": 42, ""shock_multiplier"": 1.0}"
e96dae195da8bd3af40e3be8,sample-v1,SKU-0004,DAL,2025-04-05,0.0,False,False,2025-07-21T00:00:00+00:00,valid,"{""expected_uncensored"": 26.6916, ""family"": ""lumpy"", ""generator"": ""synthetic-1.0"", ""seed"": 42, ""shock_multiplier"": 1.0}"
510694c5aef900d78be22f27,sample-v1,SKU-0004,DAL,2025-04-06,136.0,False,False,2025-07-21T00:00:00+00:00,valid,"{""expected_uncensored"": 27.392, ""family"": ""lumpy"", ""generator"": ""synthetic-1.0"", ""seed"": 42, ""shock_multiplier"": 1.0}"
db3f28a9135ce4cc461e0ab9,sample-v1,SKU-0004,DAL,2025-04-07,0.0,False,False,2025-07-21T00:00:00+00:00,valid,"{""expected_uncensored"": 30.228, ""family"": ""lumpy"", ""generator"": ""synthetic-1.0"", ""seed"": 42, ""shock_multiplier"": 1.0}"
b4ceda66f83ddd9e90ae7a28,sample-v1,SKU-0004,DAL,2025-04-08,0.0,False,False,2025-07-21T00:00:00+00:00,valid,"{""expected_uncensored"": 33.064, ""family"": ""lumpy"", ""generator"": ""synthetic-1.0"", ""seed"": 42, ""shock_multiplier"": 1.0}"
03f28c03bf3315cef599e0fd,sample-v1,SKU-0004,DAL,2025-04-09,240.0,False,False,2025-07-21T00:00:00+00:00,valid,"{""expected_uncensored"": 33.7644, ""family"": ""lumpy"", ""generator"": ""synthetic-1.0"", ""seed"": 42, ""shock_multiplier"": 1.0}"
1f68fc65444325ff3b89a93a,sample-v1,SKU-0004,DAL,2025-04-10,0.0,False,False,2025-07-21T00:00:00+00:00,valid,"{""expected_uncensored"": 31.8019, ""family"": ""lumpy"", ""generator"": ""synthetic-1.0"", ""seed"": 42, ""shock_multiplier"": 1.0}"
04aa2bb0242ab1c4082b57ca,sample-v1,SKU-0004,DAL,2025-04-11,0.0,False,False,2025-07-21T00:00:00+00:00,valid,"{""expected_uncensored"": 28.6541, ""family"": ""lumpy"", ""generator"": ""synthetic-1.0"", ""seed"": 42, ""shock_multiplier"": 1.0}"
a14c7072e3101225148f4513,sample-v1,SKU-0004,DAL,2025-04-12,15.0,False,False,2025-07-21T00:00:00+00:00,valid,"{""expected_uncensored"": 26.6916, ""family"": ""lumpy"", ""generator"": ""synthetic-1.0"", ""seed"": 42, ""shock_multiplier"": 1.0}"
1899dc74ebe9660d0930bbaf,sample-v1,SKU-0004,DAL,2025-04-13,0.0,False,False,2025-07-21T00:00:00+00:00,valid,"{""expected_uncensored"": 27.392, ""family"": ""lumpy"", ""generator"": ""synthetic-1.0"", ""seed"": 42, ""shock_multiplier"": 1.0}"
b4d0140a79de234507fb7c2a,sample-v1,SKU-0004,DAL,2025-04-14,0.0,False,False,2025-07-21T00:00:00+00:00,valid,"{""expected_uncensored"": 30.228, ""family"": ""lumpy"", ""generator"": ""synthetic-1.0"", ""seed"": 42, ""shock_multiplier"": 1.0}"
79ee48e8dd60200edb552aaf,sample-v1,SKU-0004,DAL,2025-04-15,0.0,False,False,2025-07-21T00:00:00+00:00,valid,"{""expected_uncensored"": 33.064, ""family"": ""lumpy"", ""generator"": ""synthetic-1.0"", ""seed"": 42, ""shock_multiplier"": 1.0}"
42534df20e2d7a9509b66f72,sample-v1,SKU-0004,DAL,2025-04-16,120.0,False,False,2025-07-21T00:00:00+00:00,valid,"{""expected_uncensored"": 33.7644, ""family"": ""lumpy"", ""generator"": ""synthetic-1.0"", ""seed"": 42, ""shock_multiplier"": 1.0}"
63ca09ed431da36c720d270a,sample-v1,SKU-0004,DAL,2025-04-17,0.0,False,False,2025-07-21T00:00:00+00:00,valid,"{""expected_uncensored"": 31.8019, ""family"": ""lumpy"", ""generator"": ""synthetic-1.0"", ""seed"": 42, ""shock_multiplier"": 1.0}"
dbe2e2a3ceda7de5e34e5dd4,sample-v1,SKU-0004,DAL,2025-04-18,0.0,False,False,2025-07-21T00:00:00+00:00,valid,"{""expected_uncensored"": 28.6541, ""family"": ""lumpy"", ""generator"": ""synthetic-1.0"", ""seed"": 42, ""shock_multiplier"": 1.0}"
c304e28c4d65239bc4f90a75,sample-v1,SKU-0004,DAL,2025-04-19,0.0,False,False,2025-07-21T00:00:00+00:00,valid,"{""expected_uncensored"": 26.6916, ""family"": ""lumpy"", ""generator"": ""synthetic-1.0"", ""seed"": 42, ""shock_multiplier"": 1.0}"
67fdb86ff812e87cd964d07c,sample-v1,SKU-0004,DAL,2025-04-20,184.0,False,False,2025-07-21T00:00:00+00:00,valid,"{""expected_uncensored"": 27.392, ""family"": ""lumpy"", ""generator"": ""synthetic-1.0"", ""seed"": 42, ""shock_multiplier"": 1.0}"
185f2c59f35d546be1eb11ba,sample-v1,SKU-0004,DAL,2025-04-21,152.0,False,False,2025-07-21T00:00:00+00:00,valid,"{""expected_uncensored"": 30.228, ""family"": ""lumpy"", ""generator"": ""synthetic-1.0"", ""seed"": 42, ""shock_multiplier"": 1.0}"
84ed5f8f634876e83ed0bd62,sample-v1,SKU-0004,DAL,2025-04-22,0.0,False,False,2025-07-21T00:00:00+00:00,valid,"{""expected_uncensored"": 33.064, ""family"": ""lumpy"", ""generator"": ""synthetic-1.0"", ""seed"": 42, ""shock_multiplier"": 1.0}"
731e1d718cd27aa0441f68dd,sample-v1,SKU-0004,DAL,2025-04-23,0.0,False,False,2025-07-21T00:00:00+00:00,valid,"{""expected_uncensored"": 33.7644, ""family"": ""lumpy"", ""generator"": ""synthetic-1.0"", ""seed"": 42, ""shock_multiplier"": 1.0}"
4bc32f068e38801d3b4499be,sample-v1,SKU-0004,DAL,2025-04-24,0.0,False,False,2025-07-21T00:00:00+00:00,valid,"{""expected_uncensored"": 31.8019, ""family"": ""lumpy"", ""generator"": ""synthetic-1.0"", ""seed"": 42, ""shock_multiplier"": 1.0}"
4ecb89028a3e026911b62542,sample-v1,SKU-0004,DAL,2025-04-25,0.0,False,False,2025-07-21T00:00:00+00:00,valid,"{""expected_uncensored"": 28.6541, ""family"": ""lumpy"", ""generator"": ""synthetic-1.0"", ""seed"": 42, ""shock_multiplier"": 1.0}"
ab0819563098692af86c7c8e,sample-v1,SKU-0004,DAL,2025-04-26,0.0,False,False,2025-07-21T00:00:00+00:00,valid,"{""expected_uncensored"": 26.6916, ""family"": ""lumpy"", ""generator"": ""synthetic-1.0"", ""seed"": 42, ""shock_multiplier"": 1.0}"
0482d03692a33638a4d58236,sample-v1,SKU-0004,DAL,2025-04-27,42.0,False,False,2025-07-21T00:00:00+00:00,valid,"{""expected_uncensored"": 27.392, ""family"": ""lumpy"", ""generator"": ""synthetic-1.0"", ""seed"": 42, ""shock_multiplier"": 1.0}"
7595f983386336d0d30680c7,sample-v1,SKU-0004,DAL,2025-04-28,0.0,False,False,2025-07-21T00:00:00+00:00,valid,"{""expected_uncensored"": 30.228, ""family"": ""lumpy"", ""generator"": ""synthetic-1.0"", ""seed"": 42, ""shock_multiplier"": 1.0}"
ff891b016fca85f4d99432db,sample-v1,SKU-0004,DAL,2025-04-29,216.0,False,False,2025-07-21T00:00:00+00:00,valid,"{""expected_uncensored"": 33.064, ""family"": ""lumpy"", ""generator"": ""synthetic-1.0"", ""seed"": 42, ""shock_multiplier"": 1.0}"
0f711e296bbb7c0ccfd95875,sample-v1,SKU-0004,DAL,2025-04-30,0.0,False,False,2025-07-21T00:00:00+00:00,valid,"{""expected_uncensored"": 33.7644, ""family"": ""lumpy"", ""generator"": ""synthetic-1.0"", ""seed"": 42, ""shock_multiplier"": 1.0}"
1b05d0b841f3f2c1d2a4569f,sample-v1,SKU-0004,DAL,2025-05-01,34.0,False,False,2025-07-21T00:00:00+00:00,valid,"{""expected_uncensored"": 31.8019, ""family"": ""lumpy"", ""generator"": ""synthetic-1.0"", ""seed"": 42, ""shock_multiplier"": 1.0}"
505a2ba6caabae28b5f15382,sample-v1,SKU-0004,DAL,2025-05-02,0.0,False,False,2025-07-21T00:00:00+00:00,valid,"{""expected_uncensored"": 28.6541, ""family"": ""lumpy"", ""generator"": ""synthetic-1.0"", ""seed"": 42, ""shock_multiplier"": 1.0}"
352f04da97a642d63fffb541,sample-v1,SKU-0004,DAL,2025-05-03,17.0,False,False,2025-07-21T00:00:00+00:00,valid,"{""expected_uncensored"": 26.6916, ""family"": ""lumpy"", ""generator"": ""synthetic-1.0"", ""seed"": 42, ""shock_multiplier"": 1.0}"
5dc181308e63721bcb5f002f,sample-v1,SKU-0004,DAL,2025-05-04,0.0,False,False,2025-07-21T00:00:00+00:00,valid,"{""expected_uncensored"": 27.392, ""family"": ""lumpy"", ""generator"": ""synthetic-1.0"", ""seed"": 42, ""shock_multiplier"": 1.0}"
029ea8b8f0d240c9cd05b51c,sample-v1,SKU-0004,DAL,2025-05-05,0.0,False,False,2025-07-21T00:00:00+00:00,valid,"{""expected_uncensored"": 30.228, ""family"": ""lumpy"", ""generator"": ""synthetic-1.0"", ""seed"": 42, ""shock_multiplier"": 1.0}"
8c4269c80f8426468a89182b,sample-v1,SKU-0004,DAL,2025-05-06,17.0,False,False,2025-07-21T00:00:00+00:00,valid,"{""expected_uncensored"": 33.064, ""family"": ""lumpy"", ""generator"": ""synthetic-1.0"", ""seed"": 42, ""shock_multiplier"": 1.0}"
4a8d4536747b56fb1dd113e2,sample-v1,SKU-0004,DAL,2025-05-07,0.0,False,False,2025-07-21T00:00:00+00:00,valid,"{""expected_uncensored"": 33.7644, ""family"": ""lumpy"", ""generator"": ""synthetic-1.0"", ""seed"": 42, ""shock_multiplier"": 1.0}"
971f2612a252fd9423258ecd,sample-v1,SKU-0004,DAL,2025-05-08,0.0,False,False,2025-07-21T00:00:00+00:00,valid,"{""expected_uncensored"": 31.8019, ""family"": ""lumpy"", ""generator"": ""synthetic-1.0"", ""seed"": 42, ""shock_multiplier"": 1.0}"
e8ac5b95485881a4c152ce50,sample-v1,SKU-0004,DAL,2025-05-09,0.0,False,False,2025-07-21T00:00:00+00:00,valid,"{""expected_uncensored"": 28.6541, ""family"": ""lumpy"", ""generator"": ""synthetic-1.0"", ""seed"": 42, ""shock_multiplier"": 1.0}"
859d3abe0ed6f246d236f6d4,sample-v1,SKU-0004,DAL,2025-05-10,392.0,True,False,2025-07-21T00:00:00+00:00,valid,"{""expected_uncensored"": 44.0411, ""family"": ""lumpy"", ""generator"": ""synthetic-1.0"", ""seed"": 42, ""shock_multiplier"": 1.0}"
b52958f841f80cc91f1186b1,sample-v1,SKU-0004,DAL,2025-05-11,0.0,True,False,2025-07-21T00:00:00+00:00,valid,"{""expected_uncensored"": 45.1968, ""family"": ""lumpy"", ""generator"": ""synthetic-1.0"", ""seed"": 42, ""shock_multiplier"": 1.0}"
6b73d2512fea13d7bcc0ac70,sample-v1,SKU-0004,DAL,2025-05-12,0.0,True,False,2025-07-21T00:00:00+00:00,valid,"{""expected_uncensored"": 49.8762, ""family"": ""lumpy"", ""generator"": ""synthetic-1.0"", ""seed"": 42, ""shock_multiplier"": 1.0}"
5f0ee2353b677902c99f47a5,sample-v1,SKU-0004,DAL,2025-05-13,0.0,True,False,2025-07-21T00:00:00+00:00,valid,"{""expected_uncensored"": 54.5556, ""family"": ""lumpy"", ""generator"": ""synthetic-1.0"", ""seed"": 42, ""shock_multiplier"": 1.0}"
729c8fdea0abc01324d794f6,sample-v1,SKU-0004,DAL,2025-05-14,0.0,True,False,2025-07-21T00:00:00+00:00,valid,"{""expected_uncensored"": 55.7113, ""family"": ""lumpy"", ""generator"": ""synthetic-1.0"", ""seed"": 42, ""shock_multiplier"": 1.0}"
6098853ed8cd1b4362f2d2a7,sample-v1,SKU-0004,DAL,2025-05-15,0.0,True,False,2025-07-21T00:00:00+00:00,valid,"{""expected_uncensored"": 52.4731, ""family"": ""lumpy"", ""generator"": ""synthetic-1.0"", ""seed"": 42, ""shock_multiplier"": 1.0}"
ba7b09c6547b082ab66b5c01,sample-v1,SKU-0004,DAL,2025-05-16,41.0,True,False,2025-07-21T00:00:00+00:00,valid,"{""expected_uncensored"": 47.2793, ""family"": ""lumpy"", ""generator"": ""synthetic-1.0"", ""seed"": 42, ""shock_multiplier"": 1.0}"
021af97aa49bb8ca4937d574,sample-v1,SKU-0004,DAL,2025-05-17,0.0,False,False,2025-07-21T00:00:00+00:00,valid,"{""expected_uncensored"": 26.6916, ""family"": ""lumpy"", ""generator"": ""synthetic-1.0"", ""seed"": 42, ""shock_multiplier"": 1.0}"
a0fc213c870d845b87f1f0df,sample-v1,SKU-0004,DAL,2025-05-18,0.0,False,False,2025-07-21T00:00:00+00:00,valid,"{""expected_uncensored"": 27.392, ""family"": ""lumpy"", ""generator"": ""synthetic-1.0"", ""seed"": 42, ""shock_multiplier"": 1.0}"
cbc91bad66ca01febff54238,sample-v1,SKU-0004,DAL,2025-05-19,0.0,False,False,2025-07-21T00:00:00+00:00,valid,"{""expected_uncensored"": 30.228, ""family"": ""lumpy"", ""generator"": ""synthetic-1.0"", ""seed"": 42, ""shock_multiplier"": 1.0}"
386eb0c7eaa1aa4e3c9c699b,sample-v1,SKU-0004,DAL,2025-05-20,120.0,False,False,2025-07-21T00:00:00+00:00,valid,"{""expected_uncensored"": 33.064, ""family"": ""lumpy"", ""generator"": ""synthetic-1.0"", ""seed"": 42, ""shock_multiplier"": 1.0}"
ea82e3ba2fc9c8dab64983e6,sample-v1,SKU-0004,DAL,2025-05-21,17.0,False,False,2025-07-21T00:00:00+00:00,valid,"{""expected_uncensored"": 33.7644, ""family"": ""lumpy"", ""generator"": ""synthetic-1.0"", ""seed"": 42, ""shock_multiplier"": 1.0}"
27c7eb5b24615a07156a278b,sample-v1,SKU-0004,DAL,2025-05-22,0.0,False,False,2025-07-21T00:00:00+00:00,valid,"{""expected_uncensored"": 31.8019, ""family"": ""lumpy"", ""generator"": ""synthetic-1.0"", ""seed"": 42, ""shock_multiplier"": 1.0}"
46826e62ae97876b3f18bbf3,sample-v1,SKU-0004,DAL,2025-05-23,18.0,False,False,2025-07-21T00:00:00+00:00,valid,"{""expected_uncensored"": 28.6541, ""family"": ""lumpy"", ""generator"": ""synthetic-1.0"", ""seed"": 42, ""shock_multiplier"": 1.0}"
b4529374467e62021d37c76f,sample-v1,SKU-0004,DAL,2025-05-24,192.0,False,False,2025-07-21T00:00:00+00:00,valid,"{""expected_uncensored"": 26.6916, ""family"": ""lumpy"", ""generator"": ""synthetic-1.0"", ""seed"": 42, ""shock_multiplier"": 1.0}"
31169c02cd780e04480780e9,sample-v1,SKU-0004,DAL,2025-05-25,120.0,False,False,2025-07-21T00:00:00+00:00,valid,"{""expected_uncensored"": 27.392, ""family"": ""lumpy"", ""generator"": ""synthetic-1.0"", ""seed"": 42, ""shock_multiplier"": 1.0}"
c678f59d7b5e53861615075c,sample-v1,SKU-0004,DAL,2025-05-26,22.0,False,False,2025-07-21T00:00:00+00:00,valid,"{""expected_uncensored"": 30.228, ""family"": ""lumpy"", ""generator"": ""synthetic-1.0"", ""seed"": 42, ""shock_multiplier"": 1.0}"
015e6de21e07aeef08b3a442,sample-v1,SKU-0004,DAL,2025-05-27,0.0,False,False,2025-07-21T00:00:00+00:00,valid,"{""expected_uncensored"": 33.064, ""family"": ""lumpy"", ""generator"": ""synthetic-1.0"", ""seed"": 42, ""shock_multiplier"": 1.0}"
ad4ace875567bf9a6b20d736,sample-v1,SKU-0004,DAL,2025-05-28,0.0,False,False,2025-07-21T00:00:00+00:00,valid,"{""expected_uncensored"": 33.7644, ""family"": ""lumpy"", ""generator"": ""synthetic-1.0"", ""seed"": 42, ""shock_multiplier"": 1.0}"
5990dacc143571eeb6ab0ff6,sample-v1,SKU-0004,DAL,2025-05-29,0.0,False,False,2025-07-21T00:00:00+00:00,valid,"{""expected_uncensored"": 31.8019, ""family"": ""lumpy"", ""generator"": ""synthetic-1.0"", ""seed"": 42, ""shock_multiplier"": 1.0}"
e018fb88a652414a97a46932,sample-v1,SKU-0004,DAL,2025-05-30,0.0,False,False,2025-07-21T00:00:00+00:00,valid,"{""expected_uncensored"": 28.6541, ""family"": ""lumpy"", ""generator"": ""synthetic-1.0"", ""seed"": 42, ""shock_multiplier"": 1.0}"
78f147bbea4bad3df0fe100f,sample-v1,SKU-0004,DAL,2025-05-31,0.0,False,False,2025-07-21T00:00:00+00:00,valid,"{""expected_uncensored"": 26.6916, ""family"": ""lumpy"", ""generator"": ""synthetic-1.0"", ""seed"": 42, ""shock_multiplier"": 1.0}"
c64a8b2d77306924fc7c4cf3,sample-v1,SKU-0004,DAL,2025-06-01,56.0,False,False,2025-07-21T00:00:00+00:00,valid,"{""expected_uncensored"": 27.392, ""family"": ""lumpy"", ""generator"": ""synthetic-1.0"", ""seed"": 42, ""shock_multiplier"": 1.0}"
8e8d95d20f3ca83c77606f83,sample-v1,SKU-0004,DAL,2025-06-02,0.0,False,False,2025-07-21T00:00:00+00:00,valid,"{""expected_uncensored"": 30.228, ""family"": ""lumpy"", ""generator"": ""synthetic-1.0"", ""seed"": 42, ""shock_multiplier"": 1.0}"
40a56bd9401ad79bbb184d16,sample-v1,SKU-0004,DAL,2025-06-03,25.0,False,False,2025-07-21T00:00:00+00:00,valid,"{""expected_uncensored"": 33.064, ""family"": ""lumpy"", ""generator"": ""synthetic-1.0"", ""seed"": 42, ""shock_multiplier"": 1.0}"
2f9162ba5d28bf23974c67f9,sample-v1,SKU-0004,DAL,2025-06-04,0.0,False,False,2025-07-21T00:00:00+00:00,valid,"{""expected_uncensored"": 33.7644, ""family"": ""lumpy"", ""generator"": ""synthetic-1.0"", ""seed"": 42, ""shock_multiplier"": 1.0}"
8a8e7fd1504428c555b7e343,sample-v1,SKU-0004,DAL,2025-06-05,0.0,False,False,2025-07-21T00:00:00+00:00,valid,"{""expected_uncensored"": 31.8019, ""family"": ""lumpy"", ""generator"": ""synthetic-1.0"", ""seed"": 42, ""shock_multiplier"": 1.0}"
7b7ff03bf10d27dcb382a60e,sample-v1,SKU-0004,DAL,2025-06-06,0.0,False,False,2025-07-21T00:00:00+00:00,valid,"{""expected_uncensored"": 28.6541, ""family"": ""lumpy"", ""generator"": ""synthetic-1.0"", ""seed"": 42, ""shock_multiplier"": 1.0}"
f0b1662d2a6ca2128feeee0d,sample-v1,SKU-0004,DAL,2025-06-07,0.0,False,False,2025-07-21T00:00:00+00:00,valid,"{""expected_uncensored"": 26.6916, ""family"": ""lumpy"", ""generator"": ""synthetic-1.0"", ""seed"": 42, ""shock_multiplier"": 1.0}"
c054e9e989d5fe176aa80528,sample-v1,SKU-0004,DAL,2025-06-08,40.0,False,False,2025-07-21T00:00:00+00:00,valid,"{""expected_uncensored"": 27.392, ""family"": ""lumpy"", ""generator"": ""synthetic-1.0"", ""seed"": 42, ""shock_multiplier"": 1.0}"
d7776fd5f5669fcea695b727,sample-v1,SKU-0004,DAL,2025-06-09,16.0,False,False,2025-07-21T00:00:00+00:00,valid,"{""expected_uncensored"": 30.228, ""family"": ""lumpy"", ""generator"": ""synthetic-1.0"", ""seed"": 42, ""shock_multiplier"": 1.0}"
a2de910c0e96673c2f3d335f,sample-v1,SKU-0004,DAL,2025-06-10,25.0,False,False,2025-07-21T00:00:00+00:00,valid,"{""expected_uncensored"": 33.064, ""family"": ""lumpy"", ""generator"": ""synthetic-1.0"", ""seed"": 42, ""shock_multiplier"": 1.0}"
868105481b27550c2ba939af,sample-v1,SKU-0004,DAL,2025-06-11,0.0,False,False,2025-07-21T00:00:00+00:00,valid,"{""expected_uncensored"": 33.7644, ""family"": ""lumpy"", ""generator"": ""synthetic-1.0"", ""seed"": 42, ""shock_multiplier"": 1.0}"
24565422020e8a601b17162d,sample-v1,SKU-0004,DAL,2025-06-12,0.0,False,False,2025-07-21T00:00:00+00:00,valid,"{""expected_uncensored"": 31.8019, ""family"": ""lumpy"", ""generator"": ""synthetic-1.0"", ""seed"": 42, ""shock_multiplier"": 1.0}"
b103273e8e5e27c9f30c9f10,sample-v1,SKU-0004,DAL,2025-06-13,0.0,False,False,2025-07-21T00:00:00+00:00,valid,"{""expected_uncensored"": 28.6541, ""family"": ""lumpy"", ""generator"": ""synthetic-1.0"", ""seed"": 42, ""shock_multiplier"": 1.0}"
de3c1d14b785caeef94b6a60,sample-v1,SKU-0004,DAL,2025-06-14,0.0,False,False,2025-07-21T00:00:00+00:00,valid,"{""expected_uncensored"": 26.6916, ""family"": ""lumpy"", ""generator"": ""synthetic-1.0"", ""seed"": 42, ""shock_multiplier"": 1.0}"
8470c84484c11b4bba0de705,sample-v1,SKU-0004,DAL,2025-06-15,0.0,False,False,2025-07-21T00:00:00+00:00,valid,"{""expected_uncensored"": 27.392, ""family"": ""lumpy"", ""generator"": ""synthetic-1.0"", ""seed"": 42, ""shock_multiplier"": 1.0}"
21d4a84bb71feb02b34eb57a,sample-v1,SKU-0004,DAL,2025-06-16,0.0,False,False,2025-07-21T00:00:00+00:00,valid,"{""expected_uncensored"": 30.228, ""family"": ""lumpy"", ""generator"": ""synthetic-1.0"", ""seed"": 42, ""shock_multiplier"": 1.0}"
09bfc6315e38b189f0537f09,sample-v1,SKU-0004,DAL,2025-06-17,0.0,False,False,2025-07-21T00:00:00+00:00,valid,"{""expected_uncensored"": 33.064, ""family"": ""lumpy"", ""generator"": ""synthetic-1.0"", ""seed"": 42, ""shock_multiplier"": 1.0}"
7df88e3c72f0a21c4d950ee2,sample-v1,SKU-0004,DAL,2025-06-18,74.0,False,False,2025-07-21T00:00:00+00:00,valid,"{""expected_uncensored"": 33.7644, ""family"": ""lumpy"", ""generator"": ""synthetic-1.0"", ""seed"": 42, ""shock_multiplier"": 1.0}"
94292961665d51c6192e894b,sample-v1,SKU-0004,DAL,2025-06-19,0.0,False,False,2025-07-21T00:00:00+00:00,valid,"{""expected_uncensored"": 31.8019, ""family"": ""lumpy"", ""generator"": ""synthetic-1.0"", ""seed"": 42, ""shock_multiplier"": 1.0}"
7ed79c8863f8bd8cf31f6f19,sample-v1,SKU-0004,DAL,2025-06-20,0.0,False,False,2025-07-21T00:00:00+00:00,valid,"{""expected_uncensored"": 28.6541, ""family"": ""lumpy"", ""generator"": ""synthetic-1.0"", ""seed"": 42, ""shock_multiplier"": 1.0}"
e13b31c600b14e85755138fc,sample-v1,SKU-0004,DAL,2025-06-21,0.0,False,False,2025-07-21T00:00:00+00:00,valid,"{""expected_uncensored"": 26.6916, ""family"": ""lumpy"", ""generator"": ""synthetic-1.0"", ""seed"": 42, ""shock_multiplier"": 1.0}"
fab896065dbb825a5e0acec3,sample-v1,SKU-0004,DAL,2025-06-22,0.0,False,False,2025-07-21T00:00:00+00:00,valid,"{""expected_uncensored"": 27.392, ""family"": ""lumpy"", ""generator"": ""synthetic-1.0"", ""seed"": 42, ""shock_multiplier"": 1.0}"
9c0794b0d41c971ea6e66923,sample-v1,SKU-0004,DAL,2025-06-23,50.0,False,False,2025-07-21T00:00:00+00:00,valid,"{""expected_uncensored"": 30.228, ""family"": ""lumpy"", ""generator"": ""synthetic-1.0"", ""seed"": 42, ""shock_multiplier"": 1.0}"
4f2eb1156927c843a55caa63,sample-v1,SKU-0004,DAL,2025-06-24,0.0,False,False,2025-07-21T00:00:00+00:00,valid,"{""expected_uncensored"": 33.064, ""family"": ""lumpy"", ""generator"": ""synthetic-1.0"", ""seed"": 42, ""shock_multiplier"": 1.0}"
baf084dd05cc1516685706f2,sample-v1,SKU-0004,DAL,2025-06-25,0.0,False,False,2025-07-21T00:00:00+00:00,valid,"{""expected_uncensored"": 33.7644, ""family"": ""lumpy"", ""generator"": ""synthetic-1.0"", ""seed"": 42, ""shock_multiplier"": 1.0}"
367dc5fb7db968a59948656b,sample-v1,SKU-0004,DAL,2025-06-26,0.0,False,False,2025-07-21T00:00:00+00:00,valid,"{""expected_uncensored"": 31.8019, ""family"": ""lumpy"", ""generator"": ""synthetic-1.0"", ""seed"": 42, ""shock_multiplier"": 1.0}"
b68b84bbeb96fbee6b0afd8d,sample-v1,SKU-0004,DAL,2025-06-27,54.0,False,False,2025-07-21T00:00:00+00:00,valid,"{""expected_uncensored"": 28.6541, ""family"": ""lumpy"", ""generator"": ""synthetic-1.0"", ""seed"": 42, ""shock_multiplier"": 1.0}"
d5c8feff35cefb46ed633054,sample-v1,SKU-0004,DAL,2025-06-28,0.0,False,False,2025-07-21T00:00:00+00:00,valid,"{""expected_uncensored"": 26.6916, ""family"": ""lumpy"", ""generator"": ""synthetic-1.0"", ""seed"": 42, ""shock_multiplier"": 1.0}"
c28a7ecce52f5fea1236ceb7,sample-v1,SKU-0004,DAL,2025-06-29,144.0,False,False,2025-07-21T00:00:00+00:00,valid,"{""expected_uncensored"": 27.392, ""family"": ""lumpy"", ""generator"": ""synthetic-1.0"", ""seed"": 42, ""shock_multiplier"": 1.0}"
b27733fef591672b131e079f,sample-v1,SKU-0004,DAL,2025-06-30,0.0,False,False,2025-07-21T00:00:00+00:00,valid,"{""expected_uncensored"": 30.228, ""family"": ""lumpy"", ""generator"": ""synthetic-1.0"", ""seed"": 42, ""shock_multiplier"": 1.0}"
5c3e9f807bf0acd9be5c4b34,sample-v1,SKU-0004,DAL,2025-07-01,0.0,False,False,2025-07-21T00:00:00+00:00,valid,"{""expected_uncensored"": 33.064, ""family"": ""lumpy"", ""generator"": ""synthetic-1.0"", ""seed"": 42, ""shock_multiplier"": 1.0}"
2de6c5255d62f7efd739bcb1,sample-v1,SKU-0004,DAL,2025-07-02,0.0,False,False,2025-07-21T00:00:00+00:00,valid,"{""expected_uncensored"": 33.7644, ""family"": ""lumpy"", ""generator"": ""synthetic-1.0"", ""seed"": 42, ""shock_multiplier"": 1.0}"
ff025b4cc260f8e2a87e7c56,sample-v1,SKU-0004,DAL,2025-07-03,44.0,False,False,2025-07-21T00:00:00+00:00,valid,"{""expected_uncensored"": 31.8019, ""family"": ""lumpy"", ""generator"": ""synthetic-1.0"", ""seed"": 42, ""shock_multiplier"": 1.0}"
e64ff57e581327f34028a103,sample-v1,SKU-0004,DAL,2025-07-04,50.0,False,False,2025-07-21T00:00:00+00:00,valid,"{""expected_uncensored"": 28.6541, ""family"": ""lumpy"", ""generator"": ""synthetic-1.0"", ""seed"": 42, ""shock_multiplier"": 1.0}"
5a813e956627bea0609cccfe,sample-v1,SKU-0004,DAL,2025-07-05,0.0,False,False,2025-07-21T00:00:00+00:00,valid,"{""expected_uncensored"": 26.6916, ""family"": ""lumpy"", ""generator"": ""synthetic-1.0"", ""seed"": 42, ""shock_multiplier"": 1.0}"
6c1a539b7cb0b857eee6071e,sample-v1,SKU-0004,DAL,2025-07-06,23.0,False,False,2025-07-21T00:00:00+00:00,valid,"{""expected_uncensored"": 27.392, ""family"": ""lumpy"", ""generator"": ""synthetic-1.0"", ""seed"": 42, ""shock_multiplier"": 1.0}"
718b10fc96c9ca4d8da9cf6f,sample-v1,SKU-0004,DAL,2025-07-07,0.0,False,False,2025-07-21T00:00:00+00:00,valid,"{""expected_uncensored"": 30.228, ""family"": ""lumpy"", ""generator"": ""synthetic-1.0"", ""seed"": 42, ""shock_multiplier"": 1.0}"
fa4c3167126a129f1bdba8a6,sample-v1,SKU-0004,DAL,2025-07-08,0.0,False,False,2025-07-21T00:00:00+00:00,valid,"{""expected_uncensored"": 33.064, ""family"": ""lumpy"", ""generator"": ""synthetic-1.0"", ""seed"": 42, ""shock_multiplier"": 1.0}"
00df471f354ff40354c8f0ff,sample-v1,SKU-0004,DAL,2025-07-09,0.0,False,False,2025-07-21T00:00:00+00:00,valid,"{""expected_uncensored"": 33.7644, ""family"": ""lumpy"", ""generator"": ""synthetic-1.0"", ""seed"": 42, ""shock_multiplier"": 1.0}"
6156c15d230b73f731857cc2,sample-v1,SKU-0004,DAL,2025-07-10,168.0,False,False,2025-07-21T00:00:00+00:00,valid,"{""expected_uncensored"": 31.8019, ""family"": ""lumpy"", ""generator"": ""synthetic-1.0"", ""seed"": 42, ""shock_multiplier"": 1.0}"
7b68c6cbf36e413fb17f173f,sample-v1,SKU-0004,DAL,2025-07-11,0.0,False,False,2025-07-21T00:00:00+00:00,valid,"{""expected_uncensored"": 28.6541, ""family"": ""lumpy"", ""generator"": ""synthetic-1.0"", ""seed"": 42, ""shock_multiplier"": 1.0}"
9f8300ca2bb164afdcee7e27,sample-v1,SKU-0004,DAL,2025-07-12,0.0,True,False,2025-07-21T00:00:00+00:00,valid,"{""expected_uncensored"": 44.0411, ""family"": ""lumpy"", ""generator"": ""synthetic-1.0"", ""seed"": 42, ""shock_multiplier"": 1.0}"
dc4fbd340aef2577a5754b9e,sample-v1,SKU-0004,DAL,2025-07-13,0.0,True,False,2025-07-21T00:00:00+00:00,valid,"{""expected_uncensored"": 45.1968, ""family"": ""lumpy"", ""generator"": ""synthetic-1.0"", ""seed"": 42, ""shock_multiplier"": 1.0}"
24378aca91231b5eebbcf4e0,sample-v1,SKU-0004,DAL,2025-07-14,0.0,True,False,2025-07-21T00:00:00+00:00,valid,"{""expected_uncensored"": 49.8762, ""family"": ""lumpy"", ""generator"": ""synthetic-1.0"", ""seed"": 42, ""shock_multiplier"": 1.0}"
5d58917326cdd39fdb8d4fb0,sample-v1,SKU-0004,DAL,2025-07-15,0.0,True,False,2025-07-21T00:00:00+00:00,valid,"{""expected_uncensored"": 54.5556, ""family"": ""lumpy"", ""generator"": ""synthetic-1.0"", ""seed"": 42, ""shock_multiplier"": 1.0}"
6ffa94ea1d5416e7c8e42278,sample-v1,SKU-0004,DAL,2025-07-16,0.0,True,False,2025-07-21T00:00:00+00:00,valid,"{""expected_uncensored"": 55.7113, ""family"": ""lumpy"", ""generator"": ""synthetic-1.0"", ""seed"": 42, ""shock_multiplier"": 1.0}"
b82f22c37816d1d10fb19314,sample-v1,SKU-0004,DAL,2025-07-17,36.0,True,False,2025-07-21T00:00:00+00:00,valid,"{""expected_uncensored"": 52.4731, ""family"": ""lumpy"", ""generator"": ""synthetic-1.0"", ""seed"": 42, ""shock_multiplier"": 1.0}"
a4ebd240eeb820f713fbfcd6,sample-v1,SKU-0004,DAL,2025-07-18,0.0,True,False,2025-07-21T00:00:00+00:00,valid,"{""expected_uncensored"": 47.2793, ""family"": ""lumpy"", ""generator"": ""synthetic-1.0"", ""seed"": 42, ""shock_multiplier"": 1.0}"
85ac23688c249de034177e56,sample-v1,SKU-0004,DAL,2025-07-19,0.0,False,False,2025-07-21T00:00:00+00:00,valid,"{""expected_uncensored"": 26.6916, ""family"": ""lumpy"", ""generator"": ""synthetic-1.0"", ""seed"": 42, ""shock_multiplier"": 1.0}"
4a11023d4722e2011069c424,sample-v1,SKU-0004,DAL,2025-07-20,200.0,False,False,2025-07-21T00:00:00+00:00,valid,"{""expected_uncensored"": 27.392, ""family"": ""lumpy"", ""generator"": ""synthetic-1.0"", ""seed"": 42, ""shock_multiplier"": 1.0}"
0ac0f184615e0555d8034687,sample-v1,SKU-0004,SEA,2025-01-06,0.0,True,False,2025-07-21T00:00:00+00:00,valid,"{""expected_uncensored"": 65.1222, ""family"": ""lumpy"", ""generator"": ""synthetic-1.0"", ""seed"": 42, ""shock_multiplier"": 1.0}"
bf0c97689b0c3658615aba3e,sample-v1,SKU-0004,SEA,2025-01-07,0.0,True,False,2025-07-21T00:00:00+00:00,valid,"{""expected_uncensored"": 71.232, ""family"": ""lumpy"", ""generator"": ""synthetic-1.0"", ""seed"": 42, ""shock_multiplier"": 1.0}"
19a1ff684c41632d6231f5e5,sample-v1,SKU-0004,SEA,2025-01-08,0.0,True,False,2025-07-21T00:00:00+00:00,valid,"{""expected_uncensored"": 72.7409, ""family"": ""lumpy"", ""generator"": ""synthetic-1.0"", ""seed"": 42, ""shock_multiplier"": 1.0}"
916bb64c772e2702308d1dba,sample-v1,SKU-0004,SEA,2025-01-09,71.0,True,False,2025-07-21T00:00:00+00:00,valid,"{""expected_uncensored"": 68.5129, ""family"": ""lumpy"", ""generator"": ""synthetic-1.0"", ""seed"": 42, ""shock_multiplier"": 1.0}"
a1aa3a9196ba4c9d63d5eda1,sample-v1,SKU-0004,SEA,2025-01-10,0.0,True,False,2025-07-21T00:00:00+00:00,valid,"{""expected_uncensored"": 61.7315, ""family"": ""lumpy"", ""generator"": ""synthetic-1.0"", ""seed"": 42, ""shock_multiplier"": 1.0}"
30de8b3af58ed5d4ddcbfc74,sample-v1,SKU-0004,SEA,2025-01-11,30.0,False,False,2025-07-21T00:00:00+00:00,valid,"{""expected_uncensored"": 34.8506, ""family"": ""lumpy"", ""generator"": ""synthetic-1.0"", ""seed"": 42, ""shock_multiplier"": 1.0}"
5c637a5f86784c9c0ea5c0c4,sample-v1,SKU-0004,SEA,2025-01-12,0.0,False,False,2025-07-21T00:00:00+00:00,valid,"{""expected_uncensored"": 35.7651, ""family"": ""lumpy"", ""generator"": ""synthetic-1.0"", ""seed"": 42, ""shock_multiplier"": 1.0}"
6028d5b6804921dbbdd9a841,sample-v1,SKU-0004,SEA,2025-01-13,0.0,False,False,2025-07-21T00:00:00+00:00,valid,"{""expected_uncensored"": 39.468, ""family"": ""lumpy"", ""generator"": ""synthetic-1.0"", ""seed"": 42, ""shock_multiplier"": 1.0}"
dfa2455411ebd339da34dbea,sample-v1,SKU-0004,SEA,2025-01-14,264.0,False,False,2025-07-21T00:00:00+00:00,valid,"{""expected_uncensored"": 43.1709, ""family"": ""lumpy"", ""generator"": ""synthetic-1.0"", ""seed"": 42, ""shock_multiplier"": 1.0}"
d9041e1ad44f11873afe142d,sample-v1,SKU-0004,SEA,2025-01-15,0.0,False,False,2025-07-21T00:00:00+00:00,valid,"{""expected_uncensored"": 44.0854, ""family"": ""lumpy"", ""generator"": ""synthetic-1.0"", ""seed"": 42, ""shock_multiplier"": 1.0}"
d2398a506b94a366300ae60c,sample-v1,SKU-0004,SEA,2025-01-16,0.0,False,False,2025-07-21T00:00:00+00:00,valid,"{""expected_uncensored"": 41.5229, ""family"": ""lumpy"", ""generator"": ""synthetic-1.0"", ""seed"": 42, ""shock_multiplier"": 1.0}"
ad97b812969173150bb4a20a,sample-v1,SKU-0004,SEA,2025-01-17,0.0,False,False,2025-07-21T00:00:00+00:00,valid,"{""expected_uncensored"": 37.4131, ""family"": ""lumpy"", ""generator"": ""synthetic-1.0"", ""seed"": 42, ""shock_multiplier"": 1.0}"
5ee36be8e4e253f8feaca131,sample-v1,SKU-0004,SEA,2025-01-18,50.0,False,False,2025-07-21T00:00:00+00:00,valid,"{""expected_uncensored"": 34.8506, ""family"": ""lumpy"", ""generator"": ""synthetic-1.0"", ""seed"": 42, ""shock_multiplier"": 1.0}"
74bbb8d12bac72e92c7c78e7,sample-v1,SKU-0004,SEA,2025-01-19,248.0,False,False,2025-07-21T00:00:00+00:00,valid,"{""expected_uncensored"": 35.7651, ""family"": ""lumpy"", ""generator"": ""synthetic-1.0"", ""seed"": 42, ""shock_multiplier"": 1.0}"
ecec60a0a323d744b718080f,sample-v1,SKU-0004,SEA,2025-01-20,240.0,False,False,2025-07-21T00:00:00+00:00,valid,"{""expected_uncensored"": 39.468, ""family"": ""lumpy"", ""generator"": ""synthetic-1.0"", ""seed"": 42, ""shock_multiplier"": 1.0}"
c439c41fba474bae57a9fea8,sample-v1,SKU-0004,SEA,2025-01-21,0.0,False,False,2025-07-21T00:00:00+00:00,valid,"{""expected_uncensored"": 43.1709, ""family"": ""lumpy"", ""generator"": ""synthetic-1.0"", ""seed"": 42, ""shock_multiplier"": 1.0}"
3c5dca888aeb00a1fe397904,sample-v1,SKU-0004,SEA,2025-01-22,0.0,False,False,2025-07-21T00:00:00+00:00,valid,"{""expected_uncensored"": 44.0854, ""family"": ""lumpy"", ""generator"": ""synthetic-1.0"", ""seed"": 42, ""shock_multiplier"": 1.0}"
a62b3fa58c30c94da03c9b5e,sample-v1,SKU-0004,SEA,2025-01-23,68.0,False,False,2025-07-21T00:00:00+00:00,valid,"{""expected_uncensored"": 41.5229, ""family"": ""lumpy"", ""generator"": ""synthetic-1.0"", ""seed"": 42, ""shock_multiplier"": 1.0}"
31e49cc5aeb233e13fbb3f1e,sample-v1,SKU-0004,SEA,2025-01-24,54.0,False,False,2025-07-21T00:00:00+00:00,valid,"{""expected_uncensored"": 37.4131, ""family"": ""lumpy"", ""generator"": ""synthetic-1.0"", ""seed"": 42, ""shock_multiplier"": 1.0}"
f6898eded12c1f22dab71fed,sample-v1,SKU-0004,SEA,2025-01-25,0.0,False,False,2025-07-21T00:00:00+00:00,valid,"{""expected_uncensored"": 34.8506, ""family"": ""lumpy"", ""generator"": ""synthetic-1.0"", ""seed"": 42, ""shock_multiplier"": 1.0}"
dce8a222cdf8ee0bba10a936,sample-v1,SKU-0004,SEA,2025-01-26,192.0,False,False,2025-07-21T00:00:00+00:00,valid,"{""expected_uncensored"": 35.7651, ""family"": ""lumpy"", ""generator"": ""synthetic-1.0"", ""seed"": 42, ""shock_multiplier"": 1.0}"
ea37768967fd1ea899a309ab,sample-v1,SKU-0004,SEA,2025-01-27,0.0,False,False,2025-07-21T00:00:00+00:00,valid,"{""expected_uncensored"": 39.468, ""family"": ""lumpy"", ""generator"": ""synthetic-1.0"", ""seed"": 42, ""shock_multiplier"": 1.0}"
39bbab86bcff332ae5dc017e,sample-v1,SKU-0004,SEA,2025-01-28,29.0,False,False,2025-07-21T00:00:00+00:00,valid,"{""expected_uncensored"": 43.1709, ""family"": ""lumpy"", ""generator"": ""synthetic-1.0"", ""seed"": 42, ""shock_multiplier"": 1.0}"
b4dc5138f48be525a564d5ef,sample-v1,SKU-0004,SEA,2025-01-29,312.0,False,False,2025-07-21T00:00:00+00:00,valid,"{""expected_uncensored"": 44.0854, ""family"": ""lumpy"", ""generator"": ""synthetic-1.0"", ""seed"": 42, ""shock_multiplier"": 1.0}"
476893c837e034541d60dbb3,sample-v1,SKU-0004,SEA,2025-01-30,0.0,False,False,2025-07-21T00:00:00+00:00,valid,"{""expected_uncensored"": 41.5229, ""family"": ""lumpy"", ""generator"": ""synthetic-1.0"", ""seed"": 42, ""shock_multiplier"": 1.0}"
7f02f71c00a77033d8582e80,sample-v1,SKU-0004,SEA,2025-01-31,0.0,False,False,2025-07-21T00:00:00+00:00,valid,"{""expected_uncensored"": 37.4131, ""family"": ""lumpy"", ""generator"": ""synthetic-1.0"", ""seed"": 42, ""shock_multiplier"": 1.0}"
62554eb74f6891d601c452ea,sample-v1,SKU-0004,SEA,2025-02-01,208.0,False,False,2025-07-21T00:00:00+00:00,valid,"{""expected_uncensored"": 34.8506, ""family"": ""lumpy"", ""generator"": ""synthetic-1.0"", ""seed"": 42, ""shock_multiplier"": 1.0}"
9af5890786b82c6ead81fbc8,sample-v1,SKU-0004,SEA,2025-02-02,86.0,False,False,2025-07-21T00:00:00+00:00,valid,"{""expected_uncensored"": 35.7651, ""family"": ""lumpy"", ""generator"": ""synthetic-1.0"", ""seed"": 42, ""shock_multiplier"": 1.0}"
2b62dc1bd17509ab01e950b0,sample-v1,SKU-0004,SEA,2025-02-03,76.0,False,False,2025-07-21T00:00:00+00:00,valid,"{""expected_uncensored"": 39.468, ""family"": ""lumpy"", ""generator"": ""synthetic-1.0"", ""seed"": 42, ""shock_multiplier"": 1.0}"
a55f297afbe168dfecf03941,sample-v1,SKU-0004,SEA,2025-02-04,0.0,False,False,2025-07-21T00:00:00+00:00,valid,"{""expected_uncensored"": 43.1709, ""family"": ""lumpy"", ""generator"": ""synthetic-1.0"", ""seed"": 42, ""shock_multiplier"": 1.0}"
d6a9f2a98f1e64a42d24aab0,sample-v1,SKU-0004,SEA,2025-02-05,34.0,False,False,2025-07-21T00:00:00+00:00,valid,"{""expected_uncensored"": 44.0854, ""family"": ""lumpy"", ""generator"": ""synthetic-1.0"", ""seed"": 42, ""shock_multiplier"": 1.0}"
820b6044f7a9457caa897f67,sample-v1,SKU-0004,SEA,2025-02-06,0.0,False,False,2025-07-21T00:00:00+00:00,valid,"{""expected_uncensored"": 41.5229, ""family"": ""lumpy"", ""generator"": ""synthetic-1.0"", ""seed"": 42, ""shock_multiplier"": 1.0}"
505d54fc9ec5b457799d12c9,sample-v1,SKU-0004,SEA,2025-02-07,38.0,False,False,2025-07-21T00:00:00+00:00,valid,"{""expected_uncensored"": 37.4131, ""family"": ""lumpy"", ""generator"": ""synthetic-1.0"", ""seed"": 42, ""shock_multiplier"": 1.0}"
9f9cf34d24fda6761aad7aa9,sample-v1,SKU-0004,SEA,2025-02-08,0.0,False,False,2025-07-21T00:00:00+00:00,valid,"{""expected_uncensored"": 34.8506, ""family"": ""lumpy"", ""generator"": ""synthetic-1.0"", ""seed"": 42, ""shock_multiplier"": 1.0}"
3e20b686b4b7a4a1d466577d,sample-v1,SKU-0004,SEA,2025-02-09,192.0,False,False,2025-07-21T00:00:00+00:00,valid,"{""expected_uncensored"": 35.7651, ""family"": ""lumpy"", ""generator"": ""synthetic-1.0"", ""seed"": 42, ""shock_multiplier"": 1.0}"
461c6173253ee0965903aa33,sample-v1,SKU-0004,SEA,2025-02-10,0.0,False,False,2025-07-21T00:00:00+00:00,valid,"{""expected_uncensored"": 39.468, ""family"": ""lumpy"", ""generator"": ""synthetic-1.0"", ""seed"": 42, ""shock_multiplier"": 1.0}"
2b2cb1569c2df02442b91fe7,sample-v1,SKU-0004,SEA,2025-02-11,32.0,False,False,2025-07-21T00:00:00+00:00,valid,"{""expected_uncensored"": 43.1709, ""family"": ""lumpy"", ""generator"": ""synthetic-1.0"", ""seed"": 42, ""shock_multiplier"": 1.0}"
47b8a83457215665553eb2e7,sample-v1,SKU-0004,SEA,2025-02-12,36.0,False,False,2025-07-21T00:00:00+00:00,valid,"{""expected_uncensored"": 44.0854, ""family"": ""lumpy"", ""generator"": ""synthetic-1.0"", ""seed"": 42, ""shock_multiplier"": 1.0}"
1bf63eec7bff09970b749608,sample-v1,SKU-0004,SEA,2025-02-13,38.0,False,False,2025-07-21T00:00:00+00:00,valid,"{""expected_uncensored"": 41.5229, ""family"": ""lumpy"", ""generator"": ""synthetic-1.0"", ""seed"": 42, ""shock_multiplier"": 1.0}"
c1a2da313bd4933f4f7aa6fd,sample-v1,SKU-0004,SEA,2025-02-14,0.0,False,False,2025-07-21T00:00:00+00:00,valid,"{""expected_uncensored"": 37.4131, ""family"": ""lumpy"", ""generator"": ""synthetic-1.0"", ""seed"": 42, ""shock_multiplier"": 1.0}"
fe9ac178aa52d894c67b6e46,sample-v1,SKU-0004,SEA,2025-02-15,27.0,False,False,2025-07-21T00:00:00+00:00,valid,"{""expected_uncensored"": 34.8506, ""family"": ""lumpy"", ""generator"": ""synthetic-1.0"", ""seed"": 42, ""shock_multiplier"": 1.0}"
7f5237eefb848d359b635a60,sample-v1,SKU-0004,SEA,2025-02-16,0.0,False,False,2025-07-21T00:00:00+00:00,valid,"{""expected_uncensored"": 35.7651, ""family"": ""lumpy"", ""generator"": ""synthetic-1.0"", ""seed"": 42, ""shock_multiplier"": 1.0}"
c28a538f3b6210583a5810be,sample-v1,SKU-0004,SEA,2025-02-17,264.0,False,False,2025-07-21T00:00:00+00:00,valid,"{""expected_uncensored"": 39.468, ""family"": ""lumpy"", ""generator"": ""synthetic-1.0"", ""seed"": 42, ""shock_multiplier"": 1.0}"
1f5caf28aa58429ff5264296,sample-v1,SKU-0004,SEA,2025-02-18,0.0,False,False,2025-07-21T00:00:00+00:00,valid,"{""expected_uncensored"": 43.1709, ""family"": ""lumpy"", ""generator"": ""synthetic-1.0"", ""seed"": 42, ""shock_multiplier"": 1.0}"
56a8f65b60f4c83222cf028e,sample-v1,SKU-0004,SEA,2025-02-19,0.0,False,False,2025-07-21T00:00:00+00:00,valid,"{""expected_uncensored"": 44.0854, ""family"": ""lumpy"", ""generator"": ""synthetic-1.0"", ""seed"": 42, ""shock_multiplier"": 1.0}"
21f88272325b5c7da1ea23b5,sample-v1,SKU-0004,SEA,2025-02-20,0.0,False,False,2025-07-21T00:00:00+00:00,valid,"{""expected_uncensored"": 41.5229, ""family"": ""lumpy"", ""generator"": ""synthetic-1.0"", ""seed"": 42, ""shock_multiplier"": 1.0}"
c76064ecaa3bb31f6e78da2b,sample-v1,SKU-0004,SEA,2025-02-21,0.0,False,False,2025-07-21T00:00:00+00:00,valid,"{""expected_uncensored"": 37.4131, ""family"": ""lumpy"", ""generator"": ""synthetic-1.0"", ""seed"": 42, ""shock_multiplier"": 1.0}"
3565da46f25b53cb5724303d,sample-v1,SKU-0004,SEA,2025-02-22,56.0,False,False,2025-07-21T00:00:00+00:00,valid,"{""expected_uncensored"": 34.8506, ""family"": ""lumpy"", ""generator"": ""synthetic-1.0"", ""seed"": 42, ""shock_multiplier"": 1.0}"
7e2bd63e22aeaa3ddb1edf3b,sample-v1,SKU-0004,SEA,2025-02-23,0.0,False,False,2025-07-21T00:00:00+00:00,valid,"{""expected_uncensored"": 35.7651, ""family"": ""lumpy"", ""generator"": ""synthetic-1.0"", ""seed"": 42, ""shock_multiplier"": 1.0}"
e17f7e8d81bc4e9bb9dca153,sample-v1,SKU-0004,SEA,2025-02-24,216.0,False,False,2025-07-21T00:00:00+00:00,valid,"{""expected_uncensored"": 39.468, ""family"": ""lumpy"", ""generator"": ""synthetic-1.0"", ""seed"": 42, ""shock_multiplier"": 1.0}"
297f13202ae98af276aae3f1,sample-v1,SKU-0004,SEA,2025-02-25,0.0,False,False,2025-07-21T00:00:00+00:00,valid,"{""expected_uncensored"": 43.1709, ""family"": ""lumpy"", ""generator"": ""synthetic-1.0"", ""seed"": 42, ""shock_multiplier"": 1.0}"
e70a73821b4bbe1c680d23f5,sample-v1,SKU-0004,SEA,2025-02-26,0.0,False,False,2025-07-21T00:00:00+00:00,valid,"{""expected_uncensored"": 44.0854, ""family"": ""lumpy"", ""generator"": ""synthetic-1.0"", ""seed"": 42, ""shock_multiplier"": 1.0}"
63da18c344cfa9676ede5e80,sample-v1,SKU-0004,SEA,2025-02-27,0.0,False,False,2025-07-21T00:00:00+00:00,valid,"{""expected_uncensored"": 41.5229, ""family"": ""lumpy"", ""generator"": ""synthetic-1.0"", ""seed"": 42, ""shock_multiplier"": 1.0}"
20ac610137c516baae28d6bf,sample-v1,SKU-0004,SEA,2025-02-28,60.0,False,False,2025-07-21T00:00:00+00:00,valid,"{""expected_uncensored"": 37.4131, ""family"": ""lumpy"", ""generator"": ""synthetic-1.0"", ""seed"": 42, ""shock_multiplier"": 1.0}"
56f64b7267a0a3970b9d98e0,sample-v1,SKU-0004,SEA,2025-03-01,0.0,False,False,2025-07-21T00:00:00+00:00,valid,"{""expected_uncensored"": 34.8506, ""family"": ""lumpy"", ""generator"": ""synthetic-1.0"", ""seed"": 42, ""shock_multiplier"": 1.0}"
66ed0d340911df17ad5ab5cb,sample-v1,SKU-0004,SEA,2025-03-02,60.0,False,False,2025-07-21T00:00:00+00:00,valid,"{""expected_uncensored"": 35.7651, ""family"": ""lumpy"", ""generator"": ""synthetic-1.0"", ""seed"": 42, ""shock_multiplier"": 1.0}"
38331b09f4f0bc92029afbc7,sample-v1,SKU-0004,SEA,2025-03-03,248.0,False,False,2025-07-21T00:00:00+00:00,valid,"{""expected_uncensored"": 39.468, ""family"": ""lumpy"", ""generator"": ""synthetic-1.0"", ""seed"": 42, ""shock_multiplier"": 1.0}"
4a5f0928567abbb7d5457774,sample-v1,SKU-0004,SEA,2025-03-04,0.0,False,False,2025-07-21T00:00:00+00:00,valid,"{""expected_uncensored"": 43.1709, ""family"": ""lumpy"", ""generator"": ""synthetic-1.0"", ""seed"": 42, ""shock_multiplier"": 1.0}"
99c1e4798ab517c2f79b6193,sample-v1,SKU-0004,SEA,2025-03-05,0.0,False,False,2025-07-21T00:00:00+00:00,valid,"{""expected_uncensored"": 44.0854, ""family"": ""lumpy"", ""generator"": ""synthetic-1.0"", ""seed"": 42, ""shock_multiplier"": 1.0}"
d6c9b128e369d2e9ea25a1c0,sample-v1,SKU-0004,SEA,2025-03-06,0.0,False,False,2025-07-21T00:00:00+00:00,valid,"{""expected_uncensored"": 41.5229, ""family"": ""lumpy"", ""generator"": ""synthetic-1.0"", ""seed"": 42, ""shock_multiplier"": 1.0}"
20891af38916139179837965,sample-v1,SKU-0004,SEA,2025-03-07,24.0,False,False,2025-07-21T00:00:00+00:00,valid,"{""expected_uncensored"": 37.4131, ""family"": ""lumpy"", ""generator"": ""synthetic-1.0"", ""seed"": 42, ""shock_multiplier"": 1.0}"
5dac5e6a5c5c55022a398cc0,sample-v1,SKU-0004,SEA,2025-03-08,50.0,True,False,2025-07-21T00:00:00+00:00,valid,"{""expected_uncensored"": 57.5035, ""family"": ""lumpy"", ""generator"": ""synthetic-1.0"", ""seed"": 42, ""shock_multiplier"": 1.0}"
bc886460a5dcdad69e3fcedc,sample-v1,SKU-0004,SEA,2025-03-09,0.0,True,False,2025-07-21T00:00:00+00:00,valid,"{""expected_uncensored"": 59.0124, ""family"": ""lumpy"", ""generator"": ""synthetic-1.0"", ""seed"": 42, ""shock_multiplier"": 1.0}"
2b953f0c1a695e367f4b1bfc,sample-v1,SKU-0004,SEA,2025-03-10,0.0,True,False,2025-07-21T00:00:00+00:00,valid,"{""expected_uncensored"": 65.1222, ""family"": ""lumpy"", ""generator"": ""synthetic-1.0"", ""seed"": 42, ""shock_multiplier"": 1.0}"
934a32e7628bea280e6f0bf4,sample-v1,SKU-0004,SEA,2025-03-11,56.0,True,False,2025-07-21T00:00:00+00:00,valid,"{""expected_uncensored"": 71.232, ""family"": ""lumpy"", ""generator"": ""synthetic-1.0"", ""seed"": 42, ""shock_multiplier"": 1.0}"
85039455647882066474c6eb,sample-v1,SKU-0004,SEA,2025-03-12,0.0,True,False,2025-07-21T00:00:00+00:00,valid,"{""expected_uncensored"": 72.7409, ""family"": ""lumpy"", ""generator"": ""synthetic-1.0"", ""seed"": 42, ""shock_multiplier"": 1.0}"
6d7f972b4eb1cf8dce61e6dc,sample-v1,SKU-0004,SEA,2025-03-13,0.0,True,False,2025-07-21T00:00:00+00:00,valid,"{""expected_uncensored"": 68.5129, ""family"": ""lumpy"", ""generator"": ""synthetic-1.0"", ""seed"": 42, ""shock_multiplier"": 1.0}"
c8c1a8c1caea6357d9a6a404,sample-v1,SKU-0004,SEA,2025-03-14,0.0,True,False,2025-07-21T00:00:00+00:00,valid,"{""expected_uncensored"": 61.7315, ""family"": ""lumpy"", ""generator"": ""synthetic-1.0"", ""seed"": 42, ""shock_multiplier"": 1.0}"
dcd119f8969ebb54c3e5fc59,sample-v1,SKU-0004,SEA,2025-03-15,0.0,False,False,2025-07-21T00:00:00+00:00,valid,"{""expected_uncensored"": 34.8506, ""family"": ""lumpy"", ""generator"": ""synthetic-1.0"", ""seed"": 42, ""shock_multiplier"": 1.0}"
df0b3c5219149ff1e57080cb,sample-v1,SKU-0004,SEA,2025-03-16,52.0,False,False,2025-07-21T00:00:00+00:00,valid,"{""expected_uncensored"": 35.7651, ""family"": ""lumpy"", ""generator"": ""synthetic-1.0"", ""seed"": 42, ""shock_multiplier"": 1.0}"
57a217ed0ecfa7803dc908d8,sample-v1,SKU-0004,SEA,2025-03-17,0.0,False,False,2025-07-21T00:00:00+00:00,valid,"{""expected_uncensored"": 39.468, ""family"": ""lumpy"", ""generator"": ""synthetic-1.0"", ""seed"": 42, ""shock_multiplier"": 1.0}"
1705f19fffb5406c8b1c3237,sample-v1,SKU-0004,SEA,2025-03-18,0.0,False,False,2025-07-21T00:00:00+00:00,valid,"{""expected_uncensored"": 43.1709, ""family"": ""lumpy"", ""generator"": ""synthetic-1.0"", ""seed"": 42, ""shock_multiplier"": 1.0}"
4814cbecbd557adaefbffd40,sample-v1,SKU-0004,SEA,2025-03-19,0.0,False,False,2025-07-21T00:00:00+00:00,valid,"{""expected_uncensored"": 44.0854, ""family"": ""lumpy"", ""generator"": ""synthetic-1.0"", ""seed"": 42, ""shock_multiplier"": 1.0}"
811eb582b37521445a519a42,sample-v1,SKU-0004,SEA,2025-03-20,0.0,False,False,2025-07-21T00:00:00+00:00,valid,"{""expected_uncensored"": 41.5229, ""family"": ""lumpy"", ""generator"": ""synthetic-1.0"", ""seed"": 42, ""shock_multiplier"": 1.0}"
b8382fbcb1ccdedf3730e5ee,sample-v1,SKU-0004,SEA,2025-03-21,52.0,False,False,2025-07-21T00:00:00+00:00,valid,"{""expected_uncensored"": 37.4131, ""family"": ""lumpy"", ""generator"": ""synthetic-1.0"", ""seed"": 42, ""shock_multiplier"": 1.0}"
46e32995e15a41918b124d3d,sample-v1,SKU-0004,SEA,2025-03-22,0.0,False,False,2025-07-21T00:00:00+00:00,valid,"{""expected_uncensored"": 34.8506, ""family"": ""lumpy"", ""generator"": ""synthetic-1.0"", ""seed"": 42, ""shock_multiplier"": 1.0}"
cb8931507583622c2d9ec12b,sample-v1,SKU-0004,SEA,2025-03-23,42.0,False,False,2025-07-21T00:00:00+00:00,valid,"{""expected_uncensored"": 35.7651, ""family"": ""lumpy"", ""generator"": ""synthetic-1.0"", ""seed"": 42, ""shock_multiplier"": 1.0}"
80455c6eb95cfcf533915626,sample-v1,SKU-0004,SEA,2025-03-24,280.0,False,False,2025-07-21T00:00:00+00:00,valid,"{""expected_uncensored"": 39.468, ""family"": ""lumpy"", ""generator"": ""synthetic-1.0"", ""seed"": 42, ""shock_multiplier"": 1.0}"
4668e0943d1a08e7a3648bae,sample-v1,SKU-0004,SEA,2025-03-25,41.0,False,False,2025-07-21T00:00:00+00:00,valid,"{""expected_uncensored"": 43.1709, ""family"": ""lumpy"", ""generator"": ""synthetic-1.0"", ""seed"": 42, ""shock_multiplier"": 1.0}"
c07d473ac3a3d0c004282ca4,sample-v1,SKU-0004,SEA,2025-03-26,0.0,False,False,2025-07-21T00:00:00+00:00,valid,"{""expected_uncensored"": 44.0854, ""family"": ""lumpy"", ""generator"": ""synthetic-1.0"", ""seed"": 42, ""shock_multiplier"": 1.0}"
a589bbd46836fd9aad5ec40e,sample-v1,SKU-0004,SEA,2025-03-27,272.0,False,False,2025-07-21T00:00:00+00:00,valid,"{""expected_uncensored"": 41.5229, ""family"": ""lumpy"", ""generator"": ""synthetic-1.0"", ""seed"": 42, ""shock_multiplier"": 1.0}"
b729b35eb6ba8c9d9628edbb,sample-v1,SKU-0004,SEA,2025-03-28,0.0,False,False,2025-07-21T00:00:00+00:00,valid,"{""expected_uncensored"": 37.4131, ""family"": ""lumpy"", ""generator"": ""synthetic-1.0"", ""seed"": 42, ""shock_multiplier"": 1.0}"
1b9e35d66ba2ce44d850ef7f,sample-v1,SKU-0004,SEA,2025-03-29,0.0,False,False,2025-07-21T00:00:00+00:00,valid,"{""expected_uncensored"": 34.8506, ""family"": ""lumpy"", ""generator"": ""synthetic-1.0"", ""seed"": 42, ""shock_multiplier"": 1.0}"
226eabe27cb33be2c29fc1d5,sample-v1,SKU-0004,SEA,2025-03-30,0.0,False,False,2025-07-21T00:00:00+00:00,valid,"{""expected_uncensored"": 35.7651, ""family"": ""lumpy"", ""generator"": ""synthetic-1.0"", ""seed"": 42, ""shock_multiplier"": 1.0}"
dbb6013d5c160d2f462834f4,sample-v1,SKU-0004,SEA,2025-03-31,0.0,False,False,2025-07-21T00:00:00+00:00,valid,"{""expected_uncensored"": 39.468, ""family"": ""lumpy"", ""generator"": ""synthetic-1.0"", ""seed"": 42, ""shock_multiplier"": 1.0}"
205789b884f30d1958705948,sample-v1,SKU-0004,SEA,2025-04-01,0.0,False,False,2025-07-21T00:00:00+00:00,valid,"{""expected_uncensored"": 43.1709, ""family"": ""lumpy"", ""generator"": ""synthetic-1.0"", ""seed"": 42, ""shock_multiplier"": 1.0}"
26ed0108d6867bfa7427ffb3,sample-v1,SKU-0004,SEA,2025-04-02,78.0,False,False,2025-07-21T00:00:00+00:00,valid,"{""expected_uncensored"": 44.0854, ""family"": ""lumpy"", ""generator"": ""synthetic-1.0"", ""seed"": 42, ""shock_multiplier"": 1.0}"
01b9a9e529e73f6f18577088,sample-v1,SKU-0004,SEA,2025-04-03,0.0,False,False,2025-07-21T00:00:00+00:00,valid,"{""expected_uncensored"": 41.5229, ""family"": ""lumpy"", ""generator"": ""synthetic-1.0"", ""seed"": 42, ""shock_multiplier"": 1.0}"
f033a28a45a2af0e3b1e006e,sample-v1,SKU-0004,SEA,2025-04-04,0.0,False,False,2025-07-21T00:00:00+00:00,valid,"{""expected_uncensored"": 37.4131, ""family"": ""lumpy"", ""generator"": ""synthetic-1.0"", ""seed"": 42, ""shock_multiplier"": 1.0}"
5c82fa637ba607d71de64c70,sample-v1,SKU-0004,SEA,2025-04-05,0.0,False,False,2025-07-21T00:00:00+00:00,valid,"{""expected_uncensored"": 34.8506, ""family"": ""lumpy"", ""generator"": ""synthetic-1.0"", ""seed"": 42, ""shock_multiplier"": 1.0}"
dd17d51ddd176e57822d2df8,sample-v1,SKU-0004,SEA,2025-04-06,27.0,False,False,2025-07-21T00:00:00+00:00,valid,"{""expected_uncensored"": 35.7651, ""family"": ""lumpy"", ""generator"": ""synthetic-1.0"", ""seed"": 42, ""shock_multiplier"": 1.0}"
2c248b98b0ccd83a97ad85be,sample-v1,SKU-0004,SEA,2025-04-07,0.0,False,False,2025-07-21T00:00:00+00:00,valid,"{""expected_uncensored"": 39.468, ""family"": ""lumpy"", ""generator"": ""synthetic-1.0"", ""seed"": 42, ""shock_multiplier"": 1.0}"
4b8806a10c57ccf8721f2f40,sample-v1,SKU-0004,SEA,2025-04-08,0.0,False,False,2025-07-21T00:00:00+00:00,valid,"{""expected_uncensored"": 43.1709, ""family"": ""lumpy"", ""generator"": ""synthetic-1.0"", ""seed"": 42, ""shock_multiplier"": 1.0}"
99232495f5aec82a390d43e5,sample-v1,SKU-0004,SEA,2025-04-09,76.0,False,False,2025-07-21T00:00:00+00:00,valid,"{""expected_uncensored"": 44.0854, ""family"": ""lumpy"", ""generator"": ""synthetic-1.0"", ""seed"": 42, ""shock_multiplier"": 1.0}"
3abb60d135720cb39c59966b,sample-v1,SKU-0004,SEA,2025-04-10,0.0,False,False,2025-07-21T00:00:00+00:00,valid,"{""expected_uncensored"": 41.5229, ""family"": ""lumpy"", ""generator"": ""synthetic-1.0"", ""seed"": 42, ""shock_multiplier"": 1.0}"
52966bd6eb20ab6f71cb1236,sample-v1,SKU-0004,SEA,2025-04-11,0.0,False,False,2025-07-21T00:00:00+00:00,valid,"{""expected_uncensored"": 37.4131, ""family"": ""lumpy"", ""generator"": ""synthetic-1.0"", ""seed"": 42, ""shock_multiplier"": 1.0}"
df26b0fcfa72c727c5dec4ce,sample-v1,SKU-0004,SEA,2025-04-12,22.0,False,False,2025-07-21T00:00:00+00:00,valid,"{""expected_uncensored"": 34.8506, ""family"": ""lumpy"", ""generator"": ""synthetic-1.0"", ""seed"": 42, ""shock_multiplier"": 1.0}"
b25b395fbcf4445f169fd67b,sample-v1,SKU-0004,SEA,2025-04-13,0.0,False,False,2025-07-21T00:00:00+00:00,valid,"{""expected_uncensored"": 35.7651, ""family"": ""lumpy"", ""generator"": ""synthetic-1.0"", ""seed"": 42, ""shock_multiplier"": 1.0}"
4fc6af13dc489fae53caf22a,sample-v1,SKU-0004,SEA,2025-04-14,0.0,False,False,2025-07-21T00:00:00+00:00,valid,"{""expected_uncensored"": 39.468, ""family"": ""lumpy"", ""generator"": ""synthetic-1.0"", ""seed"": 42, ""shock_multiplier"": 1.0}"
547758ea04698adc48e107c0,sample-v1,SKU-0004,SEA,2025-04-15,42.0,False,False,2025-07-21T00:00:00+00:00,valid,"{""expected_uncensored"": 43.1709, ""family"": ""lumpy"", ""generator"": ""synthetic-1.0"", ""seed"": 42, ""shock_multiplier"": 1.0}"
b058f0b3b3a028974d12c134,sample-v1,SKU-0004,SEA,2025-04-16,0.0,False,False,2025-07-21T00:00:00+00:00,valid,"{""expected_uncensored"": 44.0854, ""family"": ""lumpy"", ""generator"": ""synthetic-1.0"", ""seed"": 42, ""shock_multiplier"": 1.0}"
e40abcf00c1ec9054d74c09a,sample-v1,SKU-0004,SEA,2025-04-17,0.0,False,False,2025-07-21T00:00:00+00:00,valid,"{""expected_uncensored"": 41.5229, ""family"": ""lumpy"", ""generator"": ""synthetic-1.0"", ""seed"": 42, ""shock_multiplier"": 1.0}"
a3ea4e0ca782cc99b5151c98,sample-v1,SKU-0004,SEA,2025-04-18,0.0,False,False,2025-07-21T00:00:00+00:00,valid,"{""expected_uncensored"": 37.4131, ""family"": ""lumpy"", ""generator"": ""synthetic-1.0"", ""seed"": 42, ""shock_multiplier"": 1.0}"
044f907f58753e6c1a451482,sample-v1,SKU-0004,SEA,2025-04-19,0.0,False,False,2025-07-21T00:00:00+00:00,valid,"{""expected_uncensored"": 34.8506, ""family"": ""lumpy"", ""generator"": ""synthetic-1.0"", ""seed"": 42, ""shock_multiplier"": 1.0}"
31a9412e612ef60f9b5efdde,sample-v1,SKU-0004,SEA,2025-04-20,0.0,False,False,2025-07-21T00:00:00+00:00,valid,"{""expected_uncensored"": 35.7651, ""family"": ""lumpy"", ""generator"": ""synthetic-1.0"", ""seed"": 42, ""shock_multiplier"": 1.0}"
5becf5fdd6884446ee05477e,sample-v1,SKU-0004,SEA,2025-04-21,48.0,False,False,2025-07-21T00:00:00+00:00,valid,"{""expected_uncensored"": 39.468, ""family"": ""lumpy"", ""generator"": ""synthetic-1.0"", ""seed"": 42, ""shock_multiplier"": 1.0}"
a1fcd3603175057713649e08,sample-v1,SKU-0004,SEA,2025-04-22,304.0,False,False,2025-07-21T00:00:00+00:00,valid,"{""expected_uncensored"": 43.1709, ""family"": ""lumpy"", ""generator"": ""synthetic-1.0"", ""seed"": 42, ""shock_multiplier"": 1.0}"
cbbd7c6164ba911cba7d68a7,sample-v1,SKU-0004,SEA,2025-04-23,0.0,False,False,2025-07-21T00:00:00+00:00,valid,"{""expected_uncensored"": 44.0854, ""family"": ""lumpy"", ""generator"": ""synthetic-1.0"", ""seed"": 42, ""shock_multiplier"": 1.0}"
d7912077990bb083410e0006,sample-v1,SKU-0004,SEA,2025-04-24,0.0,False,False,2025-07-21T00:00:00+00:00,valid,"{""expected_uncensored"": 41.5229, ""family"": ""lumpy"", ""generator"": ""synthetic-1.0"", ""seed"": 42, ""shock_multiplier"": 1.0}"
1eefacc411dfd21a4596a12a,sample-v1,SKU-0004,SEA,2025-04-25,0.0,False,False,2025-07-21T00:00:00+00:00,valid,"{""expected_uncensored"": 37.4131, ""family"": ""lumpy"", ""generator"": ""synthetic-1.0"", ""seed"": 42, ""shock_multiplier"": 1.0}"
74cce92c7a883aa2a52dd2b9,sample-v1,SKU-0004,SEA,2025-04-26,0.0,False,False,2025-07-21T00:00:00+00:00,valid,"{""expected_uncensored"": 34.8506, ""family"": ""lumpy"", ""generator"": ""synthetic-1.0"", ""seed"": 42, ""shock_multiplier"": 1.0}"
64d0283c96a725166efa721f,sample-v1,SKU-0004,SEA,2025-04-27,0.0,False,False,2025-07-21T00:00:00+00:00,valid,"{""expected_uncensored"": 35.7651, ""family"": ""lumpy"", ""generator"": ""synthetic-1.0"", ""seed"": 42, ""shock_multiplier"": 1.0}"
cf864417961cab000a450faa,sample-v1,SKU-0004,SEA,2025-04-28,0.0,False,False,2025-07-21T00:00:00+00:00,valid,"{""expected_uncensored"": 39.468, ""family"": ""lumpy"", ""generator"": ""synthetic-1.0"", ""seed"": 42, ""shock_multiplier"": 1.0}"
9a39884e725e5dab8ddc7aa7,sample-v1,SKU-0004,SEA,2025-04-29,216.0,False,False,2025-07-21T00:00:00+00:00,valid,"{""expected_uncensored"": 43.1709, ""family"": ""lumpy"", ""generator"": ""synthetic-1.0"", ""seed"": 42, ""shock_multiplier"": 1.0}"
1b827e7674da761ee0cf2fb2,sample-v1,SKU-0004,SEA,2025-04-30,0.0,False,False,2025-07-21T00:00:00+00:00,valid,"{""expected_uncensored"": 44.0854, ""family"": ""lumpy"", ""generator"": ""synthetic-1.0"", ""seed"": 42, ""shock_multiplier"": 1.0}"
3b78a39c5b8d0809d5d06efb,sample-v1,SKU-0004,SEA,2025-05-01,0.0,False,False,2025-07-21T00:00:00+00:00,valid,"{""expected_uncensored"": 41.5229, ""family"": ""lumpy"", ""generator"": ""synthetic-1.0"", ""seed"": 42, ""shock_multiplier"": 1.0}"
231f638ca1047a1e6881b6b7,sample-v1,SKU-0004,SEA,2025-05-02,256.0,False,False,2025-07-21T00:00:00+00:00,valid,"{""expected_uncensored"": 37.4131, ""family"": ""lumpy"", ""generator"": ""synthetic-1.0"", ""seed"": 42, ""shock_multiplier"": 1.0}"
c5bbebdd1bcbf79a710cfdf4,sample-v1,SKU-0004,SEA,2025-05-03,0.0,False,False,2025-07-21T00:00:00+00:00,valid,"{""expected_uncensored"": 34.8506, ""family"": ""lumpy"", ""generator"": ""synthetic-1.0"", ""seed"": 42, ""shock_multiplier"": 1.0}"
7d704f2799e7566aa1084284,sample-v1,SKU-0004,SEA,2025-05-04,0.0,False,False,2025-07-21T00:00:00+00:00,valid,"{""expected_uncensored"": 35.7651, ""family"": ""lumpy"", ""generator"": ""synthetic-1.0"", ""seed"": 42, ""shock_multiplier"": 1.0}"
cee9081b0a27e70c0f27ea1d,sample-v1,SKU-0004,SEA,2025-05-05,0.0,False,False,2025-07-21T00:00:00+00:00,valid,"{""expected_uncensored"": 39.468, ""family"": ""lumpy"", ""generator"": ""synthetic-1.0"", ""seed"": 42, ""shock_multiplier"": 1.0}"
5c01822617e282a121749e45,sample-v1,SKU-0004,SEA,2025-05-06,240.0,False,False,2025-07-21T00:00:00+00:00,valid,"{""expected_uncensored"": 43.1709, ""family"": ""lumpy"", ""generator"": ""synthetic-1.0"", ""seed"": 42, ""shock_multiplier"": 1.0}"
ea839b65329368da1501ed62,sample-v1,SKU-0004,SEA,2025-05-07,90.0,False,False,2025-07-21T00:00:00+00:00,valid,"{""expected_uncensored"": 44.0854, ""family"": ""lumpy"", ""generator"": ""synthetic-1.0"", ""seed"": 42, ""shock_multiplier"": 1.0}"
527febafcd0aaf04c0a9020c,sample-v1,SKU-0004,SEA,2025-05-08,0.0,False,False,2025-07-21T00:00:00+00:00,valid,"{""expected_uncensored"": 41.5229, ""family"": ""lumpy"", ""generator"": ""synthetic-1.0"", ""seed"": 42, ""shock_multiplier"": 1.0}"
ab702197998b0b24b9a8b8ac,sample-v1,SKU-0004,SEA,2025-05-09,66.0,False,False,2025-07-21T00:00:00+00:00,valid,"{""expected_uncensored"": 37.4131, ""family"": ""lumpy"", ""generator"": ""synthetic-1.0"", ""seed"": 42, ""shock_multiplier"": 1.0}"
71055bf2f28fa02c502d77d8,sample-v1,SKU-0004,SEA,2025-05-10,0.0,True,False,2025-07-21T00:00:00+00:00,valid,"{""expected_uncensored"": 57.5035, ""family"": ""lumpy"", ""generator"": ""synthetic-1.0"", ""seed"": 42, ""shock_multiplier"": 1.0}"
6c9f3eda3f5c47f3c6e625e8,sample-v1,SKU-0004,SEA,2025-05-11,0.0,True,False,2025-07-21T00:00:00+00:00,valid,"{""expected_uncensored"": 59.0124, ""family"": ""lumpy"", ""generator"": ""synthetic-1.0"", ""seed"": 42, ""shock_multiplier"": 1.0}"
aa9ffbc18bdccf01d03b43cf,sample-v1,SKU-0004,SEA,2025-05-12,0.0,True,False,2025-07-21T00:00:00+00:00,valid,"{""expected_uncensored"": 65.1222, ""family"": ""lumpy"", ""generator"": ""synthetic-1.0"", ""seed"": 42, ""shock_multiplier"": 1.0}"
62f13523d4e58a02a4d004e6,sample-v1,SKU-0004,SEA,2025-05-13,0.0,True,False,2025-07-21T00:00:00+00:00,valid,"{""expected_uncensored"": 71.232, ""family"": ""lumpy"", ""generator"": ""synthetic-1.0"", ""seed"": 42, ""shock_multiplier"": 1.0}"
bf97bbf90278086a36ae18cd,sample-v1,SKU-0004,SEA,2025-05-14,0.0,True,False,2025-07-21T00:00:00+00:00,valid,"{""expected_uncensored"": 72.7409, ""family"": ""lumpy"", ""generator"": ""synthetic-1.0"", ""seed"": 42, ""shock_multiplier"": 1.0}"
260b113d2a12fe611920e583,sample-v1,SKU-0004,SEA,2025-05-15,0.0,True,False,2025-07-21T00:00:00+00:00,valid,"{""expected_uncensored"": 68.5129, ""family"": ""lumpy"", ""generator"": ""synthetic-1.0"", ""seed"": 42, ""shock_multiplier"": 1.0}"
3ea9c81e4b5e5f0256414098,sample-v1,SKU-0004,SEA,2025-05-16,0.0,True,False,2025-07-21T00:00:00+00:00,valid,"{""expected_uncensored"": 61.7315, ""family"": ""lumpy"", ""generator"": ""synthetic-1.0"", ""seed"": 42, ""shock_multiplier"": 1.0}"
1998b8f88ced50d0db6ad573,sample-v1,SKU-0004,SEA,2025-05-17,46.0,False,False,2025-07-21T00:00:00+00:00,valid,"{""expected_uncensored"": 34.8506, ""family"": ""lumpy"", ""generator"": ""synthetic-1.0"", ""seed"": 42, ""shock_multiplier"": 1.0}"
b232b2f3ba65bebd1af489a2,sample-v1,SKU-0004,SEA,2025-05-18,0.0,False,False,2025-07-21T00:00:00+00:00,valid,"{""expected_uncensored"": 35.7651, ""family"": ""lumpy"", ""generator"": ""synthetic-1.0"", ""seed"": 42, ""shock_multiplier"": 1.0}"
cb78f0bbbf499867ee49d286,sample-v1,SKU-0004,SEA,2025-05-19,264.0,False,False,2025-07-21T00:00:00+00:00,valid,"{""expected_uncensored"": 39.468, ""family"": ""lumpy"", ""generator"": ""synthetic-1.0"", ""seed"": 42, ""shock_multiplier"": 1.0}"
9ca5585c9da12303e8b424e3,sample-v1,SKU-0004,SEA,2025-05-20,288.0,False,False,2025-07-21T00:00:00+00:00,valid,"{""expected_uncensored"": 43.1709, ""family"": ""lumpy"", ""generator"": ""synthetic-1.0"", ""seed"": 42, ""shock_multiplier"": 1.0}"
4b3b94096e3ef4dcc0145b18,sample-v1,SKU-0004,SEA,2025-05-21,0.0,False,False,2025-07-21T00:00:00+00:00,valid,"{""expected_uncensored"": 44.0854, ""family"": ""lumpy"", ""generator"": ""synthetic-1.0"", ""seed"": 42, ""shock_multiplier"": 1.0}"
2059960fd4bf0bb3a031ca0e,sample-v1,SKU-0004,SEA,2025-05-22,0.0,False,False,2025-07-21T00:00:00+00:00,valid,"{""expected_uncensored"": 41.5229, ""family"": ""lumpy"", ""generator"": ""synthetic-1.0"", ""seed"": 42, ""shock_multiplier"": 1.0}"
72f3d365fecd7366b324500a,sample-v1,SKU-0004,SEA,2025-05-23,31.0,False,False,2025-07-21T00:00:00+00:00,valid,"{""expected_uncensored"": 37.4131, ""family"": ""lumpy"", ""generator"": ""synthetic-1.0"", ""seed"": 42, ""shock_multiplier"": 1.0}"
d533b26349c57af3649b3823,sample-v1,SKU-0004,SEA,2025-05-24,25.0,False,False,2025-07-21T00:00:00+00:00,valid,"{""expected_uncensored"": 34.8506, ""family"": ""lumpy"", ""generator"": ""synthetic-1.0"", ""seed"": 42, ""shock_multiplier"": 1.0}"
6e7f9e5d7865965a8bc8d1cc,sample-v1,SKU-0004,SEA,2025-05-25,0.0,False,False,2025-07-21T00:00:00+00:00,valid,"{""expected_uncensored"": 35.7651, ""family"": ""lumpy"", ""generator"": ""synthetic-1.0"", ""seed"": 42, ""shock_multiplier"": 1.0}"
5abead1f23965a2904b80976,sample-v1,SKU-0004,SEA,2025-05-26,0.0,False,False,2025-07-21T00:00:00+00:00,valid,"{""expected_uncensored"": 39.468, ""family"": ""lumpy"", ""generator"": ""synthetic-1.0"", ""seed"": 42, ""shock_multiplier"": 1.0}"
b1207abad19bbdbf7aabe930,sample-v1,SKU-0004,SEA,2025-05-27,0.0,False,False,2025-07-21T00:00:00+00:00,valid,"{""expected_uncensored"": 43.1709, ""family"": ""lumpy"", ""generator"": ""synthetic-1.0"", ""seed"": 42, ""shock_multiplier"": 1.0}"
dcd1111e046ab7028319e0c1,sample-v1,SKU-0004,SEA,2025-05-28,33.0,False,False,2025-07-21T00:00:00+00:00,valid,"{""expected_uncensored"": 44.0854, ""family"": ""lumpy"", ""generator"": ""synthetic-1.0"", ""seed"": 42, ""shock_multiplier"": 1.0}"
f7e68932c73aee9190f17363,sample-v1,SKU-0004,SEA,2025-05-29,0.0,False,False,2025-07-21T00:00:00+00:00,valid,"{""expected_uncensored"": 41.5229, ""family"": ""lumpy"", ""generator"": ""synthetic-1.0"", ""seed"": 42, ""shock_multiplier"": 1.0}"
445dcb8fddf59d257c94cded,sample-v1,SKU-0004,SEA,2025-05-30,0.0,False,False,2025-07-21T00:00:00+00:00,valid,"{""expected_uncensored"": 37.4131, ""family"": ""lumpy"", ""generator"": ""synthetic-1.0"", ""seed"": 42, ""shock_multiplier"": 1.0}"
dc6b0f14092fbd11fb4c944b,sample-v1,SKU-0004,SEA,2025-05-31,0.0,False,False,2025-07-21T00:00:00+00:00,valid,"{""expected_uncensored"": 34.8506, ""family"": ""lumpy"", ""generator"": ""synthetic-1.0"", ""seed"": 42, ""shock_multiplier"": 1.0}"
f4659578be54b2006e1bb570,sample-v1,SKU-0004,SEA,2025-06-01,0.0,False,False,2025-07-21T00:00:00+00:00,valid,"{""expected_uncensored"": 35.7651, ""family"": ""lumpy"", ""generator"": ""synthetic-1.0"", ""seed"": 42, ""shock_multiplier"": 1.0}"
f2fb8194dcc37b70cc8e4290,sample-v1,SKU-0004,SEA,2025-06-02,264.0,False,False,2025-07-21T00:00:00+00:00,valid,"{""expected_uncensored"": 39.468, ""family"": ""lumpy"", ""generator"": ""synthetic-1.0"", ""seed"": 42, ""shock_multiplier"": 1.0}"
a3340b166e4a0041bca74cc6,sample-v1,SKU-0004,SEA,2025-06-03,0.0,False,False,2025-07-21T00:00:00+00:00,valid,"{""expected_uncensored"": 43.1709, ""family"": ""lumpy"", ""generator"": ""synthetic-1.0"", ""seed"": 42, ""shock_multiplier"": 1.0}"
d3ff68f6a2ac71262b598d43,sample-v1,SKU-0004,SEA,2025-06-04,0.0,False,False,2025-07-21T00:00:00+00:00,valid,"{""expected_uncensored"": 44.0854, ""family"": ""lumpy"", ""generator"": ""synthetic-1.0"", ""seed"": 42, ""shock_multiplier"": 1.0}"
650c33b477a964a3d2129e46,sample-v1,SKU-0004,SEA,2025-06-05,0.0,False,False,2025-07-21T00:00:00+00:00,valid,"{""expected_uncensored"": 41.5229, ""family"": ""lumpy"", ""generator"": ""synthetic-1.0"", ""seed"": 42, ""shock_multiplier"": 1.0}"
c4aa6e96fedf5c0b4dae1adb,sample-v1,SKU-0004,SEA,2025-06-06,0.0,False,False,2025-07-21T00:00:00+00:00,valid,"{""expected_uncensored"": 37.4131, ""family"": ""lumpy"", ""generator"": ""synthetic-1.0"", ""seed"": 42, ""shock_multiplier"": 1.0}"
ecfac912e50c1cbbcfb2b2c3,sample-v1,SKU-0004,SEA,2025-06-07,208.0,False,False,2025-07-21T00:00:00+00:00,valid,"{""expected_uncensored"": 34.8506, ""family"": ""lumpy"", ""generator"": ""synthetic-1.0"", ""seed"": 42, ""shock_multiplier"": 1.0}"
787ca3cf5bb2712894064721,sample-v1,SKU-0004,SEA,2025-06-08,0.0,False,False,2025-07-21T00:00:00+00:00,valid,"{""expected_uncensored"": 35.7651, ""family"": ""lumpy"", ""generator"": ""synthetic-1.0"", ""seed"": 42, ""shock_multiplier"": 1.0}"
fe6b760df5e183cfeb8d5be0,sample-v1,SKU-0004,SEA,2025-06-09,0.0,False,False,2025-07-21T00:00:00+00:00,valid,"{""expected_uncensored"": 39.468, ""family"": ""lumpy"", ""generator"": ""synthetic-1.0"", ""seed"": 42, ""shock_multiplier"": 1.0}"
16f6057a290434888b62861e,sample-v1,SKU-0004,SEA,2025-06-10,0.0,False,False,2025-07-21T00:00:00+00:00,valid,"{""expected_uncensored"": 43.1709, ""family"": ""lumpy"", ""generator"": ""synthetic-1.0"", ""seed"": 42, ""shock_multiplier"": 1.0}"
a5bb54ac18262064799f5b3c,sample-v1,SKU-0004,SEA,2025-06-11,0.0,False,False,2025-07-21T00:00:00+00:00,valid,"{""expected_uncensored"": 44.0854, ""family"": ""lumpy"", ""generator"": ""synthetic-1.0"", ""seed"": 42, ""shock_multiplier"": 1.0}"
3b5e7cc498088185dce1e510,sample-v1,SKU-0004,SEA,2025-06-12,0.0,False,False,2025-07-21T00:00:00+00:00,valid,"{""expected_uncensored"": 41.5229, ""family"": ""lumpy"", ""generator"": ""synthetic-1.0"", ""seed"": 42, ""shock_multiplier"": 1.0}"
0598f6d54f8d997c3c9071f5,sample-v1,SKU-0004,SEA,2025-06-13,40.0,False,False,2025-07-21T00:00:00+00:00,valid,"{""expected_uncensored"": 37.4131, ""family"": ""lumpy"", ""generator"": ""synthetic-1.0"", ""seed"": 42, ""shock_multiplier"": 1.0}"
89c291c42d2fb430240222f3,sample-v1,SKU-0004,SEA,2025-06-14,30.0,False,False,2025-07-21T00:00:00+00:00,valid,"{""expected_uncensored"": 34.8506, ""family"": ""lumpy"", ""generator"": ""synthetic-1.0"", ""seed"": 42, ""shock_multiplier"": 1.0}"
6510470b2f76b7e55226b473,sample-v1,SKU-0004,SEA,2025-06-15,0.0,False,False,2025-07-21T00:00:00+00:00,valid,"{""expected_uncensored"": 35.7651, ""family"": ""lumpy"", ""generator"": ""synthetic-1.0"", ""seed"": 42, ""shock_multiplier"": 1.0}"
8c52599f68de7f819fc21f74,sample-v1,SKU-0004,SEA,2025-06-16,26.0,False,False,2025-07-21T00:00:00+00:00,valid,"{""expected_uncensored"": 39.468, ""family"": ""lumpy"", ""generator"": ""synthetic-1.0"", ""seed"": 42, ""shock_multiplier"": 1.0}"
b2e51cfee5c88fe30f04f83c,sample-v1,SKU-0004,SEA,2025-06-17,0.0,False,False,2025-07-21T00:00:00+00:00,valid,"{""expected_uncensored"": 43.1709, ""family"": ""lumpy"", ""generator"": ""synthetic-1.0"", ""seed"": 42, ""shock_multiplier"": 1.0}"
437636e1c998ed5696a97794,sample-v1,SKU-0004,SEA,2025-06-18,248.0,False,False,2025-07-21T00:00:00+00:00,valid,"{""expected_uncensored"": 44.0854, ""family"": ""lumpy"", ""generator"": ""synthetic-1.0"", ""seed"": 42, ""shock_multiplier"": 1.0}"
9f8d59dc7645d81335490c94,sample-v1,SKU-0004,SEA,2025-06-19,0.0,False,False,2025-07-21T00:00:00+00:00,valid,"{""expected_uncensored"": 41.5229, ""family"": ""lumpy"", ""generator"": ""synthetic-1.0"", ""seed"": 42, ""shock_multiplier"": 1.0}"
519b296d88e097a5b3a917dc,sample-v1,SKU-0004,SEA,2025-06-20,272.0,False,False,2025-07-21T00:00:00+00:00,valid,"{""expected_uncensored"": 37.4131, ""family"": ""lumpy"", ""generator"": ""synthetic-1.0"", ""seed"": 42, ""shock_multiplier"": 1.0}"
b28d6f1b2558c26f50de6acd,sample-v1,SKU-0004,SEA,2025-06-21,0.0,False,False,2025-07-21T00:00:00+00:00,valid,"{""expected_uncensored"": 34.8506, ""family"": ""lumpy"", ""generator"": ""synthetic-1.0"", ""seed"": 42, ""shock_multiplier"": 1.0}"
9037ab77196db630b85b3702,sample-v1,SKU-0004,SEA,2025-06-22,0.0,False,False,2025-07-21T00:00:00+00:00,valid,"{""expected_uncensored"": 35.7651, ""family"": ""lumpy"", ""generator"": ""synthetic-1.0"", ""seed"": 42, ""shock_multiplier"": 1.0}"
5e49fcd7fbf5850a66bc9922,sample-v1,SKU-0004,SEA,2025-06-23,56.0,False,False,2025-07-21T00:00:00+00:00,valid,"{""expected_uncensored"": 39.468, ""family"": ""lumpy"", ""generator"": ""synthetic-1.0"", ""seed"": 42, ""shock_multiplier"": 1.0}"
b77d0ec48ce89f9a4c7ab550,sample-v1,SKU-0004,SEA,2025-06-24,0.0,False,False,2025-07-21T00:00:00+00:00,valid,"{""expected_uncensored"": 43.1709, ""family"": ""lumpy"", ""generator"": ""synthetic-1.0"", ""seed"": 42, ""shock_multiplier"": 1.0}"
cab0c67f6995a54434cc6a2a,sample-v1,SKU-0004,SEA,2025-06-25,0.0,False,False,2025-07-21T00:00:00+00:00,valid,"{""expected_uncensored"": 44.0854, ""family"": ""lumpy"", ""generator"": ""synthetic-1.0"", ""seed"": 42, ""shock_multiplier"": 1.0}"
6ea433abdccec9c50d013ce1,sample-v1,SKU-0004,SEA,2025-06-26,0.0,False,False,2025-07-21T00:00:00+00:00,valid,"{""expected_uncensored"": 41.5229, ""family"": ""lumpy"", ""generator"": ""synthetic-1.0"", ""seed"": 42, ""shock_multiplier"": 1.0}"
ca63572a668a59349464045d,sample-v1,SKU-0004,SEA,2025-06-27,216.0,False,False,2025-07-21T00:00:00+00:00,valid,"{""expected_uncensored"": 37.4131, ""family"": ""lumpy"", ""generator"": ""synthetic-1.0"", ""seed"": 42, ""shock_multiplier"": 1.0}"
20e8e7067520aa4eec7c3b15,sample-v1,SKU-0004,SEA,2025-06-28,0.0,False,False,2025-07-21T00:00:00+00:00,valid,"{""expected_uncensored"": 34.8506, ""family"": ""lumpy"", ""generator"": ""synthetic-1.0"", ""seed"": 42, ""shock_multiplier"": 1.0}"
d92b576c264a65192b8fc055,sample-v1,SKU-0004,SEA,2025-06-29,0.0,False,False,2025-07-21T00:00:00+00:00,valid,"{""expected_uncensored"": 35.7651, ""family"": ""lumpy"", ""generator"": ""synthetic-1.0"", ""seed"": 42, ""shock_multiplier"": 1.0}"
3a9dae04f08592b80e0b2a7c,sample-v1,SKU-0004,SEA,2025-06-30,0.0,False,False,2025-07-21T00:00:00+00:00,valid,"{""expected_uncensored"": 39.468, ""family"": ""lumpy"", ""generator"": ""synthetic-1.0"", ""seed"": 42, ""shock_multiplier"": 1.0}"
d0e381c918d355b35d1b573e,sample-v1,SKU-0004,SEA,2025-07-01,0.0,False,False,2025-07-21T00:00:00+00:00,valid,"{""expected_uncensored"": 43.1709, ""family"": ""lumpy"", ""generator"": ""synthetic-1.0"", ""seed"": 42, ""shock_multiplier"": 1.0}"
844ce530bc02d4fc3dd2c4f6,sample-v1,SKU-0004,SEA,2025-07-02,64.0,False,False,2025-07-21T00:00:00+00:00,valid,"{""expected_uncensored"": 44.0854, ""family"": ""lumpy"", ""generator"": ""synthetic-1.0"", ""seed"": 42, ""shock_multiplier"": 1.0}"
c5fa117b8b1581e1f8db60ac,sample-v1,SKU-0004,SEA,2025-07-03,0.0,False,False,2025-07-21T00:00:00+00:00,valid,"{""expected_uncensored"": 41.5229, ""family"": ""lumpy"", ""generator"": ""synthetic-1.0"", ""seed"": 42, ""shock_multiplier"": 1.0}"
619bbfc5b503f461588c3799,sample-v1,SKU-0004,SEA,2025-07-04,0.0,False,False,2025-07-21T00:00:00+00:00,valid,"{""expected_uncensored"": 37.4131, ""family"": ""lumpy"", ""generator"": ""synthetic-1.0"", ""seed"": 42, ""shock_multiplier"": 1.0}"
7d18eed0332ffd5c1768f2ce,sample-v1,SKU-0004,SEA,2025-07-05,0.0,False,False,2025-07-21T00:00:00+00:00,valid,"{""expected_uncensored"": 34.8506, ""family"": ""lumpy"", ""generator"": ""synthetic-1.0"", ""seed"": 42, ""shock_multiplier"": 1.0}"
9ba9c29d87bb71eb292c1697,sample-v1,SKU-0004,SEA,2025-07-06,184.0,False,False,2025-07-21T00:00:00+00:00,valid,"{""expected_uncensored"": 35.7651, ""family"": ""lumpy"", ""generator"": ""synthetic-1.0"", ""seed"": 42, ""shock_multiplier"": 1.0}"
230a799dafc4ac7cf763666b,sample-v1,SKU-0004,SEA,2025-07-07,0.0,False,False,2025-07-21T00:00:00+00:00,valid,"{""expected_uncensored"": 39.468, ""family"": ""lumpy"", ""generator"": ""synthetic-1.0"", ""seed"": 42, ""shock_multiplier"": 1.0}"
8629697e45b15de2a97bb993,sample-v1,SKU-0004,SEA,2025-07-08,30.0,False,False,2025-07-21T00:00:00+00:00,valid,"{""expected_uncensored"": 43.1709, ""family"": ""lumpy"", ""generator"": ""synthetic-1.0"", ""seed"": 42, ""shock_multiplier"": 1.0}"
e7441590adbee4ffbaebc620,sample-v1,SKU-0004,SEA,2025-07-09,78.0,False,False,2025-07-21T00:00:00+00:00,valid,"{""expected_uncensored"": 44.0854, ""family"": ""lumpy"", ""generator"": ""synthetic-1.0"", ""seed"": 42, ""shock_multiplier"": 1.0}"
f39177a498180ad57331e15f,sample-v1,SKU-0004,SEA,2025-07-10,232.0,False,False,2025-07-21T00:00:00+00:00,valid,"{""expected_uncensored"": 41.5229, ""family"": ""lumpy"", ""generator"": ""synthetic-1.0"", ""seed"": 42, ""shock_multiplier"": 1.0}"
74050dc7b65cdc35b9d690fd,sample-v1,SKU-0004,SEA,2025-07-11,27.0,False,False,2025-07-21T00:00:00+00:00,valid,"{""expected_uncensored"": 37.4131, ""family"": ""lumpy"", ""generator"": ""synthetic-1.0"", ""seed"": 42, ""shock_multiplier"": 1.0}"
c9556a3a316063083ad95ec9,sample-v1,SKU-0004,SEA,2025-07-12,0.0,True,False,2025-07-21T00:00:00+00:00,valid,"{""expected_uncensored"": 57.5035, ""family"": ""lumpy"", ""generator"": ""synthetic-1.0"", ""seed"": 42, ""shock_multiplier"": 1.0}"
6af779132389a20d48bb79ab,sample-v1,SKU-0004,SEA,2025-07-13,0.0,True,False,2025-07-21T00:00:00+00:00,valid,"{""expected_uncensored"": 59.0124, ""family"": ""lumpy"", ""generator"": ""synthetic-1.0"", ""seed"": 42, ""shock_multiplier"": 1.0}"
2d5433652745c53eb335ca05,sample-v1,SKU-0004,SEA,2025-07-14,0.0,True,False,2025-07-21T00:00:00+00:00,valid,"{""expected_uncensored"": 65.1222, ""family"": ""lumpy"", ""generator"": ""synthetic-1.0"", ""seed"": 42, ""shock_multiplier"": 1.0}"
348c13589cc3682825024265,sample-v1,SKU-0004,SEA,2025-07-15,0.0,True,False,2025-07-21T00:00:00+00:00,valid,"{""expected_uncensored"": 71.232, ""family"": ""lumpy"", ""generator"": ""synthetic-1.0"", ""seed"": 42, ""shock_multiplier"": 1.0}"
e7f4303c41d345a85685cce2,sample-v1,SKU-0004,SEA,2025-07-16,0.0,True,False,2025-07-21T00:00:00+00:00,valid,"{""expected_uncensored"": 72.7409, ""family"": ""lumpy"", ""generator"": ""synthetic-1.0"", ""seed"": 42, ""shock_multiplier"": 1.0}"
a4943ac5ca2b614ee3a5560a,sample-v1,SKU-0004,SEA,2025-07-17,0.0,True,False,2025-07-21T00:00:00+00:00,valid,"{""expected_uncensored"": 68.5129, ""family"": ""lumpy"", ""generator"": ""synthetic-1.0"", ""seed"": 42, ""shock_multiplier"": 1.0}"
c8d3e0967074ece01a8fbad7,sample-v1,SKU-0004,SEA,2025-07-18,0.0,True,False,2025-07-21T00:00:00+00:00,valid,"{""expected_uncensored"": 61.7315, ""family"": ""lumpy"", ""generator"": ""synthetic-1.0"", ""seed"": 42, ""shock_multiplier"": 1.0}"
dc6a0737cc93d42272db2b31,sample-v1,SKU-0004,SEA,2025-07-19,0.0,False,False,2025-07-21T00:00:00+00:00,valid,"{""expected_uncensored"": 34.8506, ""family"": ""lumpy"", ""generator"": ""synthetic-1.0"", ""seed"": 42, ""shock_multiplier"": 1.0}"
e28153e25b5b79c2889ff044,sample-v1,SKU-0004,SEA,2025-07-20,0.0,False,False,2025-07-21T00:00:00+00:00,valid,"{""expected_uncensored"": 35.7651, ""family"": ""lumpy"", ""generator"": ""synthetic-1.0"", ""seed"": 42, ""shock_multiplier"": 1.0}"
0a96c7fe76b78da26e0f5a4f,sample-v1,SKU-0005,CHI,2025-01-06,29.0,True,False,2025-07-21T00:00:00+00:00,valid,"{""expected_uncensored"": 28.38, ""family"": ""trending"", ""generator"": ""synthetic-1.0"", ""seed"": 42, ""shock_multiplier"": 1.0}"
597da58379f70c5db3d080ef,sample-v1,SKU-0005,CHI,2025-01-07,40.0,True,False,2025-07-21T00:00:00+00:00,valid,"{""expected_uncensored"": 31.1668, ""family"": ""trending"", ""generator"": ""synthetic-1.0"", ""seed"": 42, ""shock_multiplier"": 1.0}"
2e152f8cd15eea4b6c7d1d44,sample-v1,SKU-0005,CHI,2025-01-08,27.0,False,False,2025-07-21T00:00:00+00:00,valid,"{""expected_uncensored"": 19.3659, ""family"": ""trending"", ""generator"": ""synthetic-1.0"", ""seed"": 42, ""shock_multiplier"": 1.0}"
00fa8b9c2509d7cb618e5685,sample-v1,SKU-0005,CHI,2025-01-09,15.0,False,False,2025-07-21T00:00:00+00:00,valid,"{""expected_uncensored"": 18.3127, ""family"": ""trending"", ""generator"": ""synthetic-1.0"", ""seed"": 42, ""shock_multiplier"": 1.0}"
20519efc0f7932114bb4e5ea,sample-v1,SKU-0005,CHI,2025-01-10,16.0,False,False,2025-07-21T00:00:00+00:00,valid,"{""expected_uncensored"": 16.5653, ""family"": ""trending"", ""generator"": ""synthetic-1.0"", ""seed"": 42, ""shock_multiplier"": 1.0}"
e553d80275cc95ce043c2941,sample-v1,SKU-0005,CHI,2025-01-11,10.0,False,False,2025-07-21T00:00:00+00:00,valid,"{""expected_uncensored"": 15.4915, ""family"": ""trending"", ""generator"": ""synthetic-1.0"", ""seed"": 42, ""shock_multiplier"": 1.0}"
6af4b6e7aeb3f2a66579bf3a,sample-v1,SKU-0005,CHI,2025-01-12,12.0,False,False,2025-07-21T00:00:00+00:00,valid,"{""expected_uncensored"": 15.9604, ""family"": ""trending"", ""generator"": ""synthetic-1.0"", ""seed"": 42, ""shock_multiplier"": 1.0}"
d7fb389b529d2f7646bb43fa,sample-v1,SKU-0005,CHI,2025-01-13,18.0,False,False,2025-07-21T00:00:00+00:00,valid,"{""expected_uncensored"": 17.6816, ""family"": ""trending"", ""generator"": ""synthetic-1.0"", ""seed"": 42, ""shock_multiplier"": 1.0}"
ea5c29ddef94b783a4ada6c8,sample-v1,SKU-0005,CHI,2025-01-14,13.0,False,False,2025-07-21T00:00:00+00:00,valid,"{""expected_uncensored"": 19.4157, ""family"": ""trending"", ""generator"": ""synthetic-1.0"", ""seed"": 42, ""shock_multiplier"": 1.0}"
17688986f40e39b5fc1ebbae,sample-v1,SKU-0005,CHI,2025-01-15,15.0,False,False,2025-07-21T00:00:00+00:00,valid,"{""expected_uncensored"": 19.9039, ""family"": ""trending"", ""generator"": ""synthetic-1.0"", ""seed"": 42, ""shock_multiplier"": 1.0}"
8c3931b643d17ebf1d9a72ba,sample-v1,SKU-0005,CHI,2025-01-16,22.0,False,False,2025-07-21T00:00:00+00:00,valid,"{""expected_uncensored"": 18.8194, ""family"": ""trending"", ""generator"": ""synthetic-1.0"", ""seed"": 42, ""shock_multiplier"": 1.0}"
792cf6813b77571b8894c84f,sample-v1,SKU-0005,CHI,2025-01-17,15.0,False,False,2025-07-21T00:00:00+00:00,valid,"{""expected_uncensored"": 17.0219, ""family"": ""trending"", ""generator"": ""synthetic-1.0"", ""seed"": 42, ""shock_multiplier"": 1.0}"
c5f5a855a635dc40bc77d666,sample-v1,SKU-0005,CHI,2025-01-18,21.0,False,False,2025-07-21T00:00:00+00:00,valid,"{""expected_uncensored"": 15.9168, ""family"": ""trending"", ""generator"": ""synthetic-1.0"", ""seed"": 42, ""shock_multiplier"": 1.0}"
873d21cd9f121c6ebadd432a,sample-v1,SKU-0005,CHI,2025-01-19,17.0,False,False,2025-07-21T00:00:00+00:00,valid,"{""expected_uncensored"": 16.3968, ""family"": ""trending"", ""generator"": ""synthetic-1.0"", ""seed"": 42, ""shock_multiplier"": 1.0}"
b7a57d1513a662d04a25e4c1,sample-v1,SKU-0005,CHI,2025-01-20,23.0,False,False,2025-07-21T00:00:00+00:00,valid,"{""expected_uncensored"": 18.1632, ""family"": ""trending"", ""generator"": ""synthetic-1.0"", ""seed"": 42, ""shock_multiplier"": 1.0}"
d604fc0589146c9b6bb8d146,sample-v1,SKU-0005,CHI,2025-01-21,22.0,False,False,2025-07-21T00:00:00+00:00,valid,"{""expected_uncensored"": 19.9425, ""family"": ""trending"", ""generator"": ""synthetic-1.0"", ""seed"": 42, ""shock_multiplier"": 1.0}"
b89550ce2cc72b19268b419a,sample-v1,SKU-0005,CHI,2025-01-22,26.0,False,False,2025-07-21T00:00:00+00:00,valid,"{""expected_uncensored"": 20.4418, ""family"": ""trending"", ""generator"": ""synthetic-1.0"", ""seed"": 42, ""shock_multiplier"": 1.0}"
4c6fd0856e7932b7d7268535,sample-v1,SKU-0005,CHI,2025-01-23,16.0,False,False,2025-07-21T00:00:00+00:00,valid,"{""expected_uncensored"": 19.326, ""family"": ""trending"", ""generator"": ""synthetic-1.0"", ""seed"": 42, ""shock_multiplier"": 1.0}"
859182b2a4783a35d0f30a73,sample-v1,SKU-0005,CHI,2025-01-24,13.0,False,False,2025-07-21T00:00:00+00:00,valid,"{""expected_uncensored"": 17.4784, ""family"": ""trending"", ""generator"": ""synthetic-1.0"", ""seed"": 42, ""shock_multiplier"": 1.0}"
ab9826e44324105f7bbd6722,sample-v1,SKU-0005,CHI,2025-01-25,18.0,False,False,2025-07-21T00:00:00+00:00,valid,"{""expected_uncensored"": 16.342, ""family"": ""trending"", ""generator"": ""synthetic-1.0"", ""seed"": 42, ""shock_multiplier"": 1.0}"
0d565137198dc05ed733ea25,sample-v1,SKU-0005,CHI,2025-01-26,9.0,False,False,2025-07-21T00:00:00+00:00,valid,"{""expected_uncensored"": 16.8332, ""family"": ""trending"", ""generator"": ""synthetic-1.0"", ""seed"": 42, ""shock_multiplier"": 1.0}"
20eb560f2ea8b72797b87a1a,sample-v1,SKU-0005,CHI,2025-01-27,13.0,False,False,2025-07-21T00:00:00+00:00,valid,"{""expected_uncensored"": 18.6448, ""family"": ""trending"", ""generator"": ""synthetic-1.0"", ""seed"": 42, ""shock_multiplier"": 1.0}"
6d9803cd7eadffbbfbe9755b,sample-v1,SKU-0005,CHI,2025-01-28,22.0,False,False,2025-07-21T00:00:00+00:00,valid,"{""expected_uncensored"": 20.4693, ""family"": ""trending"", ""generator"": ""synthetic-1.0"", ""seed"": 42, ""shock_multiplier"": 1.0}"
a49ceb5ba57f129ed75e5683,sample-v1,SKU-0005,CHI,2025-01-29,24.0,False,False,2025-07-21T00:00:00+00:00,valid,"{""expected_uncensored"": 20.9798, ""family"": ""trending"", ""generator"": ""synthetic-1.0"", ""seed"": 42, ""shock_multiplier"": 1.0}"
4c3696eddc40ce1bf33f7174,sample-v1,SKU-0005,CHI,2025-01-30,16.0,False,False,2025-07-21T00:00:00+00:00,valid,"{""expected_uncensored"": 19.8327, ""family"": ""trending"", ""generator"": ""synthetic-1.0"", ""seed"": 42, ""shock_multiplier"": 1.0}"
fdf828e3d3b4ff5a1d12fe54,sample-v1,SKU-0005,CHI,2025-01-31,15.0,False,False,2025-07-21T00:00:00+00:00,valid,"{""expected_uncensored"": 17.9349, ""family"": ""trending"", ""generator"": ""synthetic-1.0"", ""seed"": 42, ""shock_multiplier"": 1.0}"
08e77b8e36f62289d254dbb9,sample-v1,SKU-0005,CHI,2025-02-01,13.0,False,False,2025-07-21T00:00:00+00:00,valid,"{""expected_uncensored"": 16.7673, ""family"": ""trending"", ""generator"": ""synthetic-1.0"", ""seed"": 42, ""shock_multiplier"": 1.0}"
3ab4f049896b681c8cc9893c,sample-v1,SKU-0005,CHI,2025-02-02,14.0,False,False,2025-07-21T00:00:00+00:00,valid,"{""expected_uncensored"": 17.2696, ""family"": ""trending"", ""generator"": ""synthetic-1.0"", ""seed"": 42, ""shock_multiplier"": 1.0}"
42122b5ed84ebe3d51195ce9,sample-v1,SKU-0005,CHI,2025-02-03,13.0,False,False,2025-07-21T00:00:00+00:00,valid,"{""expected_uncensored"": 19.1264, ""family"": ""trending"", ""generator"": ""synthetic-1.0"", ""seed"": 42, ""shock_multiplier"": 1.0}"
c313f33b51235227f136c877,sample-v1,SKU-0005,CHI,2025-02-04,18.0,False,False,2025-07-21T00:00:00+00:00,valid,"{""expected_uncensored"": 20.9961, ""family"": ""trending"", ""generator"": ""synthetic-1.0"", ""seed"": 42, ""shock_multiplier"": 1.0}"
a6ae4a119df47331325eca2f,sample-v1,SKU-0005,CHI,2025-02-05,20.0,False,False,2025-07-21T00:00:00+00:00,valid,"{""expected_uncensored"": 21.5177, ""family"": ""trending"", ""generator"": ""synthetic-1.0"", ""seed"": 42, ""shock_multiplier"": 1.0}"
755057641a80c1900329d48c,sample-v1,SKU-0005,CHI,2025-02-06,20.0,False,False,2025-07-21T00:00:00+00:00,valid,"{""expected_uncensored"": 20.3394, ""family"": ""trending"", ""generator"": ""synthetic-1.0"", ""seed"": 42, ""shock_multiplier"": 1.0}"
d37b43923b4d84a826854b2c,sample-v1,SKU-0005,CHI,2025-02-07,19.0,False,False,2025-07-21T00:00:00+00:00,valid,"{""expected_uncensored"": 18.3914, ""family"": ""trending"", ""generator"": ""synthetic-1.0"", ""seed"": 42, ""shock_multiplier"": 1.0}"
c70873f4d614281fa1996b1d,sample-v1,SKU-0005,CHI,2025-02-08,25.0,False,False,2025-07-21T00:00:00+00:00,valid,"{""expected_uncensored"": 17.1925, ""family"": ""trending"", ""generator"": ""synthetic-1.0"", ""seed"": 42, ""shock_multiplier"": 1.0}"
efc3807452f39fc55acf6c2e,sample-v1,SKU-0005,CHI,2025-02-09,23.0,False,False,2025-07-21T00:00:00+00:00,valid,"{""expected_uncensored"": 17.706, ""family"": ""trending"", ""generator"": ""synthetic-1.0"", ""seed"": 42, ""shock_multiplier"": 1.0}"
47e40cbcea4364c1121ad1a1,sample-v1,SKU-0005,CHI,2025-02-10,20.0,False,False,2025-07-21T00:00:00+00:00,valid,"{""expected_uncensored"": 19.608, ""family"": ""trending"", ""generator"": ""synthetic-1.0"", ""seed"": 42, ""shock_multiplier"": 1.0}"
21720b49960c928241797f43,sample-v1,SKU-0005,CHI,2025-02-11,27.0,False,False,2025-07-21T00:00:00+00:00,valid,"{""expected_uncensored"": 21.5229, ""family"": ""trending"", ""generator"": ""synthetic-1.0"", ""seed"": 42, ""shock_multiplier"": 1.0}"
48cdb835b329e44644000333,sample-v1,SKU-0005,CHI,2025-02-12,21.0,False,False,2025-07-21T00:00:00+00:00,valid,"{""expected_uncensored"": 22.0557, ""family"": ""trending"", ""generator"": ""synthetic-1.0"", ""seed"": 42, ""shock_multiplier"": 1.0}"
9bbf3d9c5a166eeb70171593,sample-v1,SKU-0005,CHI,2025-02-13,17.0,False,False,2025-07-21T00:00:00+00:00,valid,"{""expected_uncensored"": 20.8461, ""family"": ""trending"", ""generator"": ""synthetic-1.0"", ""seed"": 42, ""shock_multiplier"": 1.0}"
21d1eebb932b6b1418078cdc,sample-v1,SKU-0005,CHI,2025-02-14,11.0,False,False,2025-07-21T00:00:00+00:00,valid,"{""expected_uncensored"": 18.848, ""family"": ""trending"", ""generator"": ""synthetic-1.0"", ""seed"": 42, ""shock_multiplier"": 1.0}"
be7c99f28e658abfd1907356,sample-v1,SKU-0005,CHI,2025-02-15,25.0,False,False,2025-07-21T00:00:00+00:00,valid,"{""expected_uncensored"": 17.6178, ""family"": ""trending"", ""generator"": ""synthetic-1.0"", ""seed"": 42, ""shock_multiplier"": 1.0}"
358474c7a49455adae867328,sample-v1,SKU-0005,CHI,2025-02-16,23.0,False,False,2025-07-21T00:00:00+00:00,valid,"{""expected_uncensored"": 18.1425, ""family"": ""trending"", ""generator"": ""synthetic-1.0"", ""seed"": 42, ""shock_multiplier"": 1.0}"
6f1701fffc6f2e5a92097fa2,sample-v1,SKU-0005,CHI,2025-02-17,23.0,False,False,2025-07-21T00:00:00+00:00,valid,"{""expected_uncensored"": 20.0896, ""family"": ""trending"", ""generator"": ""synthetic-1.0"", ""seed"": 42, ""shock_multiplier"": 1.0}"
807c99e18270dad23f1bc968,sample-v1,SKU-0005,CHI,2025-02-18,24.0,False,False,2025-07-21T00:00:00+00:00,valid,"{""expected_uncensored"": 22.0497, ""family"": ""trending"", ""generator"": ""synthetic-1.0"", ""seed"": 42, ""shock_multiplier"": 1.0}"
5b3deb94eee09c98c7db7d69,sample-v1,SKU-0005,CHI,2025-02-19,17.0,False,False,2025-07-21T00:00:00+00:00,valid,"{""expected_uncensored"": 22.5936, ""family"": ""trending"", ""generator"": ""synthetic-1.0"", ""seed"": 42, ""shock_multiplier"": 1.0}"
61c58247dd13a7c90018636c,sample-v1,SKU-0005,CHI,2025-02-20,24.0,False,False,2025-07-21T00:00:00+00:00,valid,"{""expected_uncensored"": 21.3527, ""family"": ""trending"", ""generator"": ""synthetic-1.0"", ""seed"": 42, ""shock_multiplier"": 1.0}"
74bda52b3037dc4c28077f16,sample-v1,SKU-0005,CHI,2025-02-21,18.0,False,False,2025-07-21T00:00:00+00:00,valid,"{""expected_uncensored"": 19.3045, ""family"": ""trending"", ""generator"": ""synthetic-1.0"", ""seed"": 42, ""shock_multiplier"": 1.0}"
d95cc9a1388e7f13dea635dc,sample-v1,SKU-0005,CHI,2025-02-22,10.0,False,False,2025-07-21T00:00:00+00:00,valid,"{""expected_uncensored"": 18.043, ""family"": ""trending"", ""generator"": ""synthetic-1.0"", ""seed"": 42, ""shock_multiplier"": 1.0}"
061646aa6f63633395d51761,sample-v1,SKU-0005,CHI,2025-02-23,19.0,False,False,2025-07-21T00:00:00+00:00,valid,"{""expected_uncensored"": 18.5789, ""family"": ""trending"", ""generator"": ""synthetic-1.0"", ""seed"": 42, ""shock_multiplier"": 1.0}"
fbca45b5139e925c88e6d08b,sample-v1,SKU-0005,CHI,2025-02-24,22.0,False,False,2025-07-21T00:00:00+00:00,valid,"{""expected_uncensored"": 20.5712, ""family"": ""trending"", ""generator"": ""synthetic-1.0"", ""seed"": 42, ""shock_multiplier"": 1.0}"
1f022d677a919bd737f02da5,sample-v1,SKU-0005,CHI,2025-02-25,23.0,False,False,2025-07-21T00:00:00+00:00,valid,"{""expected_uncensored"": 22.5764, ""family"": ""trending"", ""generator"": ""synthetic-1.0"", ""seed"": 42, ""shock_multiplier"": 1.0}"
388feefc5873331c0c03622d,sample-v1,SKU-0005,CHI,2025-02-26,28.0,False,False,2025-07-21T00:00:00+00:00,valid,"{""expected_uncensored"": 23.1316, ""family"": ""trending"", ""generator"": ""synthetic-1.0"", ""seed"": 42, ""shock_multiplier"": 1.0}"
bd530c31ec95f8eeb6976b7e,sample-v1,SKU-0005,CHI,2025-02-27,25.0,False,False,2025-07-21T00:00:00+00:00,valid,"{""expected_uncensored"": 21.8594, ""family"": ""trending"", ""generator"": ""synthetic-1.0"", ""seed"": 42, ""shock_multiplier"": 1.0}"
d8de09b164d3077889872610,sample-v1,SKU-0005,CHI,2025-02-28,17.0,False,False,2025-07-21T00:00:00+00:00,valid,"{""expected_uncensored"": 19.761, ""family"": ""trending"", ""generator"": ""synthetic-1.0"", ""seed"": 42, ""shock_multiplier"": 1.0}"
4f3a17db89c28f8365a12ccd,sample-v1,SKU-0005,CHI,2025-03-01,31.0,False,False,2025-07-21T00:00:00+00:00,valid,"{""expected_uncensored"": 18.4683, ""family"": ""trending"", ""generator"": ""synthetic-1.0"", ""seed"": 42, ""shock_multiplier"": 1.0}"
05408e648ee9693a0be100ad,sample-v1,SKU-0005,CHI,2025-03-02,15.0,False,False,2025-07-21T00:00:00+00:00,valid,"{""expected_uncensored"": 19.0153, ""family"": ""trending"", ""generator"": ""synthetic-1.0"", ""seed"": 42, ""shock_multiplier"": 1.0}"
47af6ed763fa082662cb355d,sample-v1,SKU-0005,CHI,2025-03-03,17.0,False,False,2025-07-21T00:00:00+00:00,valid,"{""expected_uncensored"": 21.0528, ""family"": ""trending"", ""generator"": ""synthetic-1.0"", ""seed"": 42, ""shock_multiplier"": 1.0}"
b10d72e1e25399f5ce97c6bb,sample-v1,SKU-0005,CHI,2025-03-04,22.0,False,False,2025-07-21T00:00:00+00:00,valid,"{""expected_uncensored"": 23.1032, ""family"": ""trending"", ""generator"": ""synthetic-1.0"", ""seed"": 42, ""shock_multiplier"": 1.0}"
9efa7925180ccbe4eb3e71cc,sample-v1,SKU-0005,CHI,2025-03-05,31.0,True,False,2025-07-21T00:00:00+00:00,valid,"{""expected_uncensored"": 39.0547, ""family"": ""trending"", ""generator"": ""synthetic-1.0"", ""seed"": 42, ""shock_multiplier"": 1.0}"
973189a9251c52b8583c2031,sample-v1,SKU-0005,CHI,2025-03-06,29.0,True,False,2025-07-21T00:00:00+00:00,valid,"{""expected_uncensored"": 36.904, ""family"": ""trending"", ""generator"": ""synthetic-1.0"", ""seed"": 42, ""shock_multiplier"": 1.0}"
fb5ebe29ecc7e51c568b5a79,sample-v1,SKU-0005,CHI,2025-03-07,37.0,True,False,2025-07-21T00:00:00+00:00,valid,"{""expected_uncensored"": 33.3589, ""family"": ""trending"", ""generator"": ""synthetic-1.0"", ""seed"": 42, ""shock_multiplier"": 1.0}"
732fce71af4832ee7239fb3d,sample-v1,SKU-0005,CHI,2025-03-08,27.0,True,False,2025-07-21T00:00:00+00:00,valid,"{""expected_uncensored"": 31.1744, ""family"": ""trending"", ""generator"": ""synthetic-1.0"", ""seed"": 42, ""shock_multiplier"": 1.0}"
6019598bfc5b339932945404,sample-v1,SKU-0005,CHI,2025-03-09,33.0,True,False,2025-07-21T00:00:00+00:00,valid,"{""expected_uncensored"": 32.0953, ""family"": ""trending"", ""generator"": ""synthetic-1.0"", ""seed"": 42, ""shock_multiplier"": 1.0}"
7c115417d57a059b23936f66,sample-v1,SKU-0005,CHI,2025-03-10,28.0,True,False,2025-07-21T00:00:00+00:00,valid,"{""expected_uncensored"": 35.5318, ""family"": ""trending"", ""generator"": ""synthetic-1.0"", ""seed"": 42, ""shock_multiplier"": 1.0}"
42783b58ba73bf540f29bed3,sample-v1,SKU-0005,CHI,2025-03-11,50.0,True,False,2025-07-21T00:00:00+00:00,valid,"{""expected_uncensored"": 38.9895, ""family"": ""trending"", ""generator"": ""synthetic-1.0"", ""seed"": 42, ""shock_multiplier"": 1.0}"
4bde81fdd27fb51caaa8e532,sample-v1,SKU-0005,CHI,2025-03-12,25.0,False,False,2025-07-21T00:00:00+00:00,valid,"{""expected_uncensored"": 24.2074, ""family"": ""trending"", ""generator"": ""synthetic-1.0"", ""seed"": 42, ""shock_multiplier"": 1.0}"
c95341022fc384a60b96acc6,sample-v1,SKU-0005,CHI,2025-03-13,21.0,False,False,2025-07-21T00:00:00+00:00,valid,"{""expected_uncensored"": 22.8728, ""family"": ""trending"", ""generator"": ""synthetic-1.0"", ""seed"": 42, ""shock_multiplier"": 1.0}"
9aea8abbbe18af4dccfece4c,sample-v1,SKU-0005,CHI,2025-03-14,21.0,False,False,2025-07-21T00:00:00+00:00,valid,"{""expected_uncensored"": 20.6741, ""family"": ""trending"", ""generator"": ""synthetic-1.0"", ""seed"": 42, ""shock_multiplier"": 1.0}"
f73153325e8e69b44bd88c59,sample-v1,SKU-0005,CHI,2025-03-15,17.0,False,False,2025-07-21T00:00:00+00:00,valid,"{""expected_uncensored"": 19.3188, ""family"": ""trending"", ""generator"": ""synthetic-1.0"", ""seed"": 42, ""shock_multiplier"": 1.0}"
e72f81d919a46576121d4008,sample-v1,SKU-0005,CHI,2025-03-16,20.0,False,False,2025-07-21T00:00:00+00:00,valid,"{""expected_uncensored"": 19.8881, ""family"": ""trending"", ""generator"": ""synthetic-1.0"", ""seed"": 42, ""shock_multiplier"": 1.0}"
1771840f7cb973cc8ee59ac1,sample-v1,SKU-0005,CHI,2025-03-17,18.0,False,False,2025-07-21T00:00:00+00:00,valid,"{""expected_uncensored"": 22.016, ""family"": ""trending"", ""generator"": ""synthetic-1.0"", ""seed"": 42, ""shock_multiplier"": 1.0}"
7c7fd3ede547095c3d7f2244,sample-v1,SKU-0005,CHI,2025-03-18,26.0,False,False,2025-07-21T00:00:00+00:00,valid,"{""expected_uncensored"": 24.1568, ""family"": ""trending"", ""generator"": ""synthetic-1.0"", ""seed"": 42, ""shock_multiplier"": 1.0}"
67435f8834ecafe68a456e31,sample-v1,SKU-0005,CHI,2025-03-19,26.0,False,False,2025-07-21T00:00:00+00:00,valid,"{""expected_uncensored"": 24.7454, ""family"": ""trending"", ""generator"": ""synthetic-1.0"", ""seed"": 42, ""shock_multiplier"": 1.0}"
41b5d5f0c8cbd0f26209858f,sample-v1,SKU-0005,CHI,2025-03-20,28.0,False,False,2025-07-21T00:00:00+00:00,valid,"{""expected_uncensored"": 23.3794, ""family"": ""trending"", ""generator"": ""synthetic-1.0"", ""seed"": 42, ""shock_multiplier"": 1.0}"
ed20e798630b7e73a630524c,sample-v1,SKU-0005,CHI,2025-03-21,30.0,False,False,2025-07-21T00:00:00+00:00,valid,"{""expected_uncensored"": 21.1306, ""family"": ""trending"", ""generator"": ""synthetic-1.0"", ""seed"": 42, ""shock_multiplier"": 1.0}"
b26b1b4b36fbe243846532cd,sample-v1,SKU-0005,CHI,2025-03-22,17.0,False,False,2025-07-21T00:00:00+00:00,valid,"{""expected_uncensored"": 19.7441, ""family"": ""trending"", ""generator"": ""synthetic-1.0"", ""seed"": 42, ""shock_multiplier"": 1.0}"
931b76aa843f0b8412bc94af,sample-v1,SKU-0005,CHI,2025-03-23,16.0,False,False,2025-07-21T00:00:00+00:00,valid,"{""expected_uncensored"": 20.3245, ""family"": ""trending"", ""generator"": ""synthetic-1.0"", ""seed"": 42, ""shock_multiplier"": 1.0}"
6a417ab5fd0581ddc4e0c80a,sample-v1,SKU-0005,CHI,2025-03-24,22.0,False,False,2025-07-21T00:00:00+00:00,valid,"{""expected_uncensored"": 22.4976, ""family"": ""trending"", ""generator"": ""synthetic-1.0"", ""seed"": 42, ""shock_multiplier"": 1.0}"
0b780089c93b5ce279e2031c,sample-v1,SKU-0005,CHI,2025-03-25,31.0,False,False,2025-07-21T00:00:00+00:00,valid,"{""expected_uncensored"": 24.6836, ""family"": ""trending"", ""generator"": ""synthetic-1.0"", ""seed"": 42, ""shock_multiplier"": 1.0}"
da2742e92e863d403fd96496,sample-v1,SKU-0005,CHI,2025-03-26,28.0,False,False,2025-07-21T00:00:00+00:00,valid,"{""expected_uncensored"": 25.2833, ""family"": ""trending"", ""generator"": ""synthetic-1.0"", ""seed"": 42, ""shock_multiplier"": 1.0}"
ea3128f93e299c829ab1716c,sample-v1,SKU-0005,CHI,2025-03-27,28.0,False,False,2025-07-21T00:00:00+00:00,valid,"{""expected_uncensored"": 23.8861, ""family"": ""trending"", ""generator"": ""synthetic-1.0"", ""seed"": 42, ""shock_multiplier"": 1.0}"
2ac595c76852e9e5d1c865b4,sample-v1,SKU-0005,CHI,2025-03-28,20.0,False,False,2025-07-21T00:00:00+00:00,valid,"{""expected_uncensored"": 21.5871, ""family"": ""trending"", ""generator"": ""synthetic-1.0"", ""seed"": 42, ""shock_multiplier"": 1.0}"
cda8994f8eb4838fc79b061d,sample-v1,SKU-0005,CHI,2025-03-29,24.0,False,False,2025-07-21T00:00:00+00:00,valid,"{""expected_uncensored"": 20.1693, ""family"": ""trending"", ""generator"": ""synthetic-1.0"", ""seed"": 42, ""shock_multiplier"": 1.0}"
001117884298c1f39f0ed224,sample-v1,SKU-0005,CHI,2025-03-30,14.0,False,False,2025-07-21T00:00:00+00:00,valid,"{""expected_uncensored"": 20.761, ""family"": ""trending"", ""generator"": ""synthetic-1.0"", ""seed"": 42, ""shock_multiplier"": 1.0}"
2c6dfab8ed1310f72e0493db,sample-v1,SKU-0005,CHI,2025-03-31,17.0,False,False,2025-07-21T00:00:00+00:00,valid,"{""expected_uncensored"": 22.9792, ""family"": ""trending"", ""generator"": ""synthetic-1.0"", ""seed"": 42, ""shock_multiplier"": 1.0}"
8a8ce40d2466276305388fbb,sample-v1,SKU-0005,CHI,2025-04-01,27.0,False,False,2025-07-21T00:00:00+00:00,valid,"{""expected_uncensored"": 25.2104, ""family"": ""trending"", ""generator"": ""synthetic-1.0"", ""seed"": 42, ""shock_multiplier"": 1.0}"
498d0e63404d849f40035422,sample-v1,SKU-0005,CHI,2025-04-02,23.0,False,False,2025-07-21T00:00:00+00:00,valid,"{""expected_uncensored"": 25.8213, ""family"": ""trending"", ""generator"": ""synthetic-1.0"", ""seed"": 42, ""shock_multiplier"": 1.0}"
ea8057a888e224e80aaff7b3,sample-v1,SKU-0005,CHI,2025-04-03,22.0,False,False,2025-07-21T00:00:00+00:00,valid,"{""expected_uncensored"": 24.3928, ""family"": ""trending"", ""generator"": ""synthetic-1.0"", ""seed"": 42, ""shock_multiplier"": 1.0}"
2269b26808ef684832120d22,sample-v1,SKU-0005,CHI,2025-04-04,25.0,False,False,2025-07-21T00:00:00+00:00,valid,"{""expected_uncensored"": 22.0436, ""family"": ""trending"", ""generator"": ""synthetic-1.0"", ""seed"": 42, ""shock_multiplier"": 1.0}"
bce56ea7867a812b41ee2d4d,sample-v1,SKU-0005,CHI,2025-04-05,20.0,False,False,2025-07-21T00:00:00+00:00,valid,"{""expected_uncensored"": 20.5946, ""family"": ""trending"", ""generator"": ""synthetic-1.0"", ""seed"": 42, ""shock_multiplier"": 1.0}"
a8e596d846a562dc668c102e,sample-v1,SKU-0005,CHI,2025-04-06,11.0,False,False,2025-07-21T00:00:00+00:00,valid,"{""expected_uncensored"": 21.1974, ""family"": ""trending"", ""generator"": ""synthetic-1.0"", ""seed"": 42, ""shock_multiplier"": 1.0}"
c2a962e22d248bba18374e00,sample-v1,SKU-0005,CHI,2025-04-07,13.0,False,False,2025-07-21T00:00:00+00:00,valid,"{""expected_uncensored"": 23.4608, ""family"": ""trending"", ""generator"": ""synthetic-1.0"", ""seed"": 42, ""shock_multiplier"": 1.0}"
ea9f0b34fe46a2c60437d7dc,sample-v1,SKU-0005,CHI,2025-04-08,31.0,False,False,2025-07-21T00:00:00+00:00,valid,"{""expected_uncensored"": 25.7371, ""family"": ""trending"", ""generator"": ""synthetic-1.0"", ""seed"": 42, ""shock_multiplier"": 1.0}"
092bf5a164f94d397cb72345,sample-v1,SKU-0005,CHI,2025-04-09,31.0,False,False,2025-07-21T00:00:00+00:00,valid,"{""expected_uncensored"": 26.3592, ""family"": ""trending"", ""generator"": ""synthetic-1.0"", ""seed"": 42, ""shock_multiplier"": 1.0}"
22ac051d87813af4914fef25,sample-v1,SKU-0005,CHI,2025-04-10,24.0,False,False,2025-07-21T00:00:00+00:00,valid,"{""expected_uncensored"": 24.8995, ""family"": ""trending"", ""generator"": ""synthetic-1.0"", ""seed"": 42, ""shock_multiplier"": 1.0}"
6c26f687abde260847726f71,sample-v1,SKU-0005,CHI,2025-04-11,29.0,False,False,2025-07-21T00:00:00+00:00,valid,"{""expected_uncensored"": 22.5002, ""family"": ""trending"", ""generator"": ""synthetic-1.0"", ""seed"": 42, ""shock_multiplier"": 1.0}"
5c10e4070e19e5e0559ab9bd,sample-v1,SKU-0005,CHI,2025-04-12,25.0,False,False,2025-07-21T00:00:00+00:00,valid,"{""expected_uncensored"": 21.0198, ""family"": ""trending"", ""generator"": ""synthetic-1.0"", ""seed"": 42, ""shock_multiplier"": 1.0}"
da6e22229d720c1ff8ece639,sample-v1,SKU-0005,CHI,2025-04-13,18.0,False,False,2025-07-21T00:00:00+00:00,valid,"{""expected_uncensored"": 21.6338, ""family"": ""trending"", ""generator"": ""synthetic-1.0"", ""seed"": 42, ""shock_multiplier"": 1.0}"
b4cc042ca47dc7cadb812d69,sample-v1,SKU-0005,CHI,2025-04-14,36.0,False,False,2025-07-21T00:00:00+00:00,valid,"{""expected_uncensored"": 23.9424, ""family"": ""trending"", ""generator"": ""synthetic-1.0"", ""seed"": 42, ""shock_multiplier"": 1.0}"
422de19b4e2dd0688dab0acc,sample-v1,SKU-0005,CHI,2025-04-15,22.0,False,False,2025-07-21T00:00:00+00:00,valid,"{""expected_uncensored"": 26.2639, ""family"": ""trending"", ""generator"": ""synthetic-1.0"", ""seed"": 42, ""shock_multiplier"": 1.0}"
978a15ddc4fd6ae80af92598,sample-v1,SKU-0005,CHI,2025-04-16,29.0,False,False,2025-07-21T00:00:00+00:00,valid,"{""expected_uncensored"": 26.8972, ""family"": ""trending"", ""generator"": ""synthetic-1.0"", ""seed"": 42, ""shock_multiplier"": 1.0}"
dedd5eaf1d1d9d964c9457a2,sample-v1,SKU-0005,CHI,2025-04-17,31.0,False,False,2025-07-21T00:00:00+00:00,valid,"{""expected_uncensored"": 25.4061, ""family"": ""trending"", ""generator"": ""synthetic-1.0"", ""seed"": 42, ""shock_multiplier"": 1.0}"
c345b653194bacd7ba6929b2,sample-v1,SKU-0005,CHI,2025-04-18,18.0,False,False,2025-07-21T00:00:00+00:00,valid,"{""expected_uncensored"": 22.9567, ""family"": ""trending"", ""generator"": ""synthetic-1.0"", ""seed"": 42, ""shock_multiplier"": 1.0}"
aed50d19e583fbf1ff7b0c5b,sample-v1,SKU-0005,CHI,2025-04-19,18.0,False,False,2025-07-21T00:00:00+00:00,valid,"{""expected_uncensored"": 21.4451, ""family"": ""trending"", ""generator"": ""synthetic-1.0"", ""seed"": 42, ""shock_multiplier"": 1.0}"
3a8451ddf616b39da8eb00a1,sample-v1,SKU-0005,CHI,2025-04-20,28.0,False,False,2025-07-21T00:00:00+00:00,valid,"{""expected_uncensored"": 22.0702, ""family"": ""trending"", ""generator"": ""synthetic-1.0"", ""seed"": 42, ""shock_multiplier"": 1.0}"
be3951ef39343dd02c6c7ac2,sample-v1,SKU-0005,CHI,2025-04-21,24.0,False,False,2025-07-21T00:00:00+00:00,valid,"{""expected_uncensored"": 24.424, ""family"": ""trending"", ""generator"": ""synthetic-1.0"", ""seed"": 42, ""shock_multiplier"": 1.0}"
4dd87b76d209d285b1681068,sample-v1,SKU-0005,CHI,2025-04-22,24.0,False,False,2025-07-21T00:00:00+00:00,valid,"{""expected_uncensored"": 26.7907, ""family"": ""trending"", ""generator"": ""synthetic-1.0"", ""seed"": 42, ""shock_multiplier"": 1.0}"
3f30ddefca3003d525898e15,sample-v1,SKU-0005,CHI,2025-04-23,23.0,False,False,2025-07-21T00:00:00+00:00,valid,"{""expected_uncensored"": 27.4351, ""family"": ""trending"", ""generator"": ""synthetic-1.0"", ""seed"": 42, ""shock_multiplier"": 1.0}"
5e4c87bde604f3f565b292ba,sample-v1,SKU-0005,CHI,2025-04-24,27.0,False,False,2025-07-21T00:00:00+00:00,valid,"{""expected_uncensored"": 25.9128, ""family"": ""trending"", ""generator"": ""synthetic-1.0"", ""seed"": 42, ""shock_multiplier"": 1.0}"
b7e21af6e9407cef959e4476,sample-v1,SKU-0005,CHI,2025-04-25,27.0,False,False,2025-07-21T00:00:00+00:00,valid,"{""expected_uncensored"": 23.4132, ""family"": ""trending"", ""generator"": ""synthetic-1.0"", ""seed"": 42, ""shock_multiplier"": 1.0}"
ecfa539a04f7f4c1b443c5c1,sample-v1,SKU-0005,CHI,2025-04-26,28.0,False,False,2025-07-21T00:00:00+00:00,valid,"{""expected_uncensored"": 21.8704, ""family"": ""trending"", ""generator"": ""synthetic-1.0"", ""seed"": 42, ""shock_multiplier"": 1.0}"
18c983c798b302dedb42c591,sample-v1,SKU-0005,CHI,2025-04-27,16.0,False,False,2025-07-21T00:00:00+00:00,valid,"{""expected_uncensored"": 22.5066, ""family"": ""trending"", ""generator"": ""synthetic-1.0"", ""seed"": 42, ""shock_multiplier"": 1.0}"
24f0d3b04a5669126ff8e19b,sample-v1,SKU-0005,CHI,2025-04-28,18.0,False,False,2025-07-21T00:00:00+00:00,valid,"{""expected_uncensored"": 24.9056, ""family"": ""trending"", ""generator"": ""synthetic-1.0"", ""seed"": 42, ""shock_multiplier"": 1.0}"
b61d0d3362f929f0fed2bc1d,sample-v1,SKU-0005,CHI,2025-04-29,20.0,False,False,2025-07-21T00:00:00+00:00,valid,"{""expected_uncensored"": 27.3175, ""family"": ""trending"", ""generator"": ""synthetic-1.0"", ""seed"": 42, ""shock_multiplier"": 1.0}"
12f75930515ea85e7c43478b,sample-v1,SKU-0005,CHI,2025-04-30,25.0,False,False,2025-07-21T00:00:00+00:00,valid,"{""expected_uncensored"": 27.973, ""family"": ""trending"", ""generator"": ""synthetic-1.0"", ""seed"": 42, ""shock_multiplier"": 1.0}"
0c7a2cce7ad609fb02547333,sample-v1,SKU-0005,CHI,2025-05-01,24.0,False,False,2025-07-21T00:00:00+00:00,valid,"{""expected_uncensored"": 26.4195, ""family"": ""trending"", ""generator"": ""synthetic-1.0"", ""seed"": 42, ""shock_multiplier"": 1.0}"
7ae4f1a2dc51ab2e2d04c7f8,sample-v1,SKU-0005,CHI,2025-05-02,17.0,False,False,2025-07-21T00:00:00+00:00,valid,"{""expected_uncensored"": 23.8697, ""family"": ""trending"", ""generator"": ""synthetic-1.0"", ""seed"": 42, ""shock_multiplier"": 1.0}"
8ec808aaf1ec19fc4b941cdc,sample-v1,SKU-0005,CHI,2025-05-03,26.0,False,False,2025-07-21T00:00:00+00:00,valid,"{""expected_uncensored"": 22.2956, ""family"": ""trending"", ""generator"": ""synthetic-1.0"", ""seed"": 42, ""shock_multiplier"": 1.0}"
598054f60a234764bedbed93,sample-v1,SKU-0005,CHI,2025-05-04,23.0,False,False,2025-07-21T00:00:00+00:00,valid,"{""expected_uncensored"": 22.943, ""family"": ""trending"", ""generator"": ""synthetic-1.0"", ""seed"": 42, ""shock_multiplier"": 1.0}"
19450831cc54bb56fe3b8137,sample-v1,SKU-0005,CHI,2025-05-05,22.0,False,False,2025-07-21T00:00:00+00:00,valid,"{""expected_uncensored"": 25.3872, ""family"": ""trending"", ""generator"": ""synthetic-1.0"", ""seed"": 42, ""shock_multiplier"": 1.0}"
0147eafb24093b07da9e284a,sample-v1,SKU-0005,CHI,2025-05-06,29.0,False,False,2025-07-21T00:00:00+00:00,valid,"{""expected_uncensored"": 27.8443, ""family"": ""trending"", ""generator"": ""synthetic-1.0"", ""seed"": 42, ""shock_multiplier"": 1.0}"
0c89b3b2cbb2773163cd8c55,sample-v1,SKU-0005,CHI,2025-05-07,46.0,True,False,2025-07-21T00:00:00+00:00,valid,"{""expected_uncensored"": 47.0431, ""family"": ""trending"", ""generator"": ""synthetic-1.0"", ""seed"": 42, ""shock_multiplier"": 1.0}"
21dc247e4f16a9c38d87eaed,sample-v1,SKU-0005,CHI,2025-05-08,39.0,True,False,2025-07-21T00:00:00+00:00,valid,"{""expected_uncensored"": 44.4282, ""family"": ""trending"", ""generator"": ""synthetic-1.0"", ""seed"": 42, ""shock_multiplier"": 1.0}"
6458f88997b4cd58c5828b88,sample-v1,SKU-0005,CHI,2025-05-09,36.0,True,False,2025-07-21T00:00:00+00:00,valid,"{""expected_uncensored"": 40.1383, ""family"": ""trending"", ""generator"": ""synthetic-1.0"", ""seed"": 42, ""shock_multiplier"": 1.0}"
fcf8bf74127b15c74dadde92,sample-v1,SKU-0005,CHI,2025-05-10,30.0,True,False,2025-07-21T00:00:00+00:00,valid,"{""expected_uncensored"": 37.4894, ""family"": ""trending"", ""generator"": ""synthetic-1.0"", ""seed"": 42, ""shock_multiplier"": 1.0}"
7338c028c706c3226d6fd936,sample-v1,SKU-0005,CHI,2025-05-11,40.0,True,False,2025-07-21T00:00:00+00:00,valid,"{""expected_uncensored"": 38.5761, ""family"": ""trending"", ""generator"": ""synthetic-1.0"", ""seed"": 42, ""shock_multiplier"": 1.0}"
f2173d2647b5ff1509b62802,sample-v1,SKU-0005,CHI,2025-05-12,57.0,True,False,2025-07-21T00:00:00+00:00,valid,"{""expected_uncensored"": 42.6835, ""family"": ""trending"", ""generator"": ""synthetic-1.0"", ""seed"": 42, ""shock_multiplier"": 1.0}"
6c5b21ad5c3c09d287846df0,sample-v1,SKU-0005,CHI,2025-05-13,60.0,True,False,2025-07-21T00:00:00+00:00,valid,"{""expected_uncensored"": 46.8122, ""family"": ""trending"", ""generator"": ""synthetic-1.0"", ""seed"": 42, ""shock_multiplier"": 1.0}"
9ba1a8f66d9ad851b608aea0,sample-v1,SKU-0005,CHI,2025-05-14,28.0,False,False,2025-07-21T00:00:00+00:00,valid,"{""expected_uncensored"": 29.0489, ""family"": ""trending"", ""generator"": ""synthetic-1.0"", ""seed"": 42, ""shock_multiplier"": 1.0}"
be53fa0e3b0c4ac3fb55f2c3,sample-v1,SKU-0005,CHI,2025-05-15,28.0,False,False,2025-07-21T00:00:00+00:00,valid,"{""expected_uncensored"": 27.4328, ""family"": ""trending"", ""generator"": ""synthetic-1.0"", ""seed"": 42, ""shock_multiplier"": 1.0}"
4f25b90e0a7eba1a3b73e6be,sample-v1,SKU-0005,CHI,2025-05-16,29.0,False,False,2025-07-21T00:00:00+00:00,valid,"{""expected_uncensored"": 24.7828, ""family"": ""trending"", ""generator"": ""synthetic-1.0"", ""seed"": 42, ""shock_multiplier"": 1.0}"
256428e97e62e92a9b68de0f,sample-v1,SKU-0005,CHI,2025-05-17,15.0,False,False,2025-07-21T00:00:00+00:00,valid,"{""expected_uncensored"": 23.1461, ""family"": ""trending"", ""generator"": ""synthetic-1.0"", ""seed"": 42, ""shock_multiplier"": 1.0}"
41a05303ef6e3cd329cb7baa,sample-v1,SKU-0005,CHI,2025-05-18,26.0,False,False,2025-07-21T00:00:00+00:00,valid,"{""expected_uncensored"": 23.8159, ""family"": ""trending"", ""generator"": ""synthetic-1.0"", ""seed"": 42, ""shock_multiplier"": 1.0}"
b58bfc65d07467d68ce221d2,sample-v1,SKU-0005,CHI,2025-05-19,28.0,False,False,2025-07-21T00:00:00+00:00,valid,"{""expected_uncensored"": 26.3504, ""family"": ""trending"", ""generator"": ""synthetic-1.0"", ""seed"": 42, ""shock_multiplier"": 1.0}"
7a61d471fd4ae0941e657475,sample-v1,SKU-0005,CHI,2025-05-20,29.0,False,False,2025-07-21T00:00:00+00:00,valid,"{""expected_uncensored"": 28.8978, ""family"": ""trending"", ""generator"": ""synthetic-1.0"", ""seed"": 42, ""shock_multiplier"": 1.0}"
eeb1e21b728a47bada61c3ee,sample-v1,SKU-0005,CHI,2025-05-21,23.0,False,False,2025-07-21T00:00:00+00:00,valid,"{""expected_uncensored"": 29.5869, ""family"": ""trending"", ""generator"": ""synthetic-1.0"", ""seed"": 42, ""shock_multiplier"": 1.0}"
c43962f64ba71435dee9604f,sample-v1,SKU-0005,CHI,2025-05-22,37.0,False,False,2025-07-21T00:00:00+00:00,valid,"{""expected_uncensored"": 27.9395, ""family"": ""trending"", ""generator"": ""synthetic-1.0"", ""seed"": 42, ""shock_multiplier"": 1.0}"
eb1bd3cd85a9c584dfcd2952,sample-v1,SKU-0005,CHI,2025-05-23,22.0,False,False,2025-07-21T00:00:00+00:00,valid,"{""expected_uncensored"": 25.2393, ""family"": ""trending"", ""generator"": ""synthetic-1.0"", ""seed"": 42, ""shock_multiplier"": 1.0}"
69724ede8b0264dcce2ecf7b,sample-v1,SKU-0005,CHI,2025-05-24,21.0,False,False,2025-07-21T00:00:00+00:00,valid,"{""expected_uncensored"": 23.5714, ""family"": ""trending"", ""generator"": ""synthetic-1.0"", ""seed"": 42, ""shock_multiplier"": 1.0}"
30b5691f8ef8349116b6aa1c,sample-v1,SKU-0005,CHI,2025-05-25,26.0,False,False,2025-07-21T00:00:00+00:00,valid,"{""expected_uncensored"": 24.2523, ""family"": ""trending"", ""generator"": ""synthetic-1.0"", ""seed"": 42, ""shock_multiplier"": 1.0}"
4499d0235a13e5e4f9e6717c,sample-v1,SKU-0005,CHI,2025-05-26,25.0,False,False,2025-07-21T00:00:00+00:00,valid,"{""expected_uncensored"": 26.832, ""family"": ""trending"", ""generator"": ""synthetic-1.0"", ""seed"": 42, ""shock_multiplier"": 1.0}"
d4bc3b2c9218e64ff8132f7c,sample-v1,SKU-0005,CHI,2025-05-27,31.0,False,False,2025-07-21T00:00:00+00:00,valid,"{""expected_uncensored"": 29.4246, ""family"": ""trending"", ""generator"": ""synthetic-1.0"", ""seed"": 42, ""shock_multiplier"": 1.0}"
ce1ea7c9c420a7d15f324429,sample-v1,SKU-0005,CHI,2025-05-28,26.0,False,False,2025-07-21T00:00:00+00:00,valid,"{""expected_uncensored"": 30.1248, ""family"": ""trending"", ""generator"": ""synthetic-1.0"", ""seed"": 42, ""shock_multiplier"": 1.0}"
7dcfc3c952ace2c49b3ceec1,sample-v1,SKU-0005,CHI,2025-05-29,27.0,False,False,2025-07-21T00:00:00+00:00,valid,"{""expected_uncensored"": 28.4462, ""family"": ""trending"", ""generator"": ""synthetic-1.0"", ""seed"": 42, ""shock_multiplier"": 1.0}"
9b209aa4902d80c79e5aeab9,sample-v1,SKU-0005,CHI,2025-05-30,22.0,False,False,2025-07-21T00:00:00+00:00,valid,"{""expected_uncensored"": 25.6958, ""family"": ""trending"", ""generator"": ""synthetic-1.0"", ""seed"": 42, ""shock_multiplier"": 1.0}"
f81316ee7bc67d5493579211,sample-v1,SKU-0005,CHI,2025-05-31,25.0,False,False,2025-07-21T00:00:00+00:00,valid,"{""expected_uncensored"": 23.9966, ""family"": ""trending"", ""generator"": ""synthetic-1.0"", ""seed"": 42, ""shock_multiplier"": 1.0}"
309ce27ce24cea2672c1b4d9,sample-v1,SKU-0005,CHI,2025-06-01,22.0,False,False,2025-07-21T00:00:00+00:00,valid,"{""expected_uncensored"": 24.6887, ""family"": ""trending"", ""generator"": ""synthetic-1.0"", ""seed"": 42, ""shock_multiplier"": 1.0}"
72534c4d28bca76a6e22e63f,sample-v1,SKU-0005,CHI,2025-06-02,30.0,False,False,2025-07-21T00:00:00+00:00,valid,"{""expected_uncensored"": 27.3136, ""family"": ""trending"", ""generator"": ""synthetic-1.0"", ""seed"": 42, ""shock_multiplier"": 1.0}"
7f189abd67cd91c3c432387a,sample-v1,SKU-0005,CHI,2025-06-03,28.0,False,False,2025-07-21T00:00:00+00:00,valid,"{""expected_uncensored"": 29.9514, ""family"": ""trending"", ""generator"": ""synthetic-1.0"", ""seed"": 42, ""shock_multiplier"": 1.0}"
43b239fe51b39ba87220692c,sample-v1,SKU-0005,CHI,2025-06-04,37.0,False,False,2025-07-21T00:00:00+00:00,valid,"{""expected_uncensored"": 30.6628, ""family"": ""trending"", ""generator"": ""synthetic-1.0"", ""seed"": 42, ""shock_multiplier"": 1.0}"
126297e8991125df950a623d,sample-v1,SKU-0005,CHI,2025-06-05,23.0,False,False,2025-07-21T00:00:00+00:00,valid,"{""expected_uncensored"": 28.9529, ""family"": ""trending"", ""generator"": ""synthetic-1.0"", ""seed"": 42, ""shock_multiplier"": 1.0}"
e69c8de300ca162024ada5ea,sample-v1,SKU-0005,CHI,2025-06-06,18.0,False,False,2025-07-21T00:00:00+00:00,valid,"{""expected_uncensored"": 26.1524, ""family"": ""trending"", ""generator"": ""synthetic-1.0"", ""seed"": 42, ""shock_multiplier"": 1.0}"
bfd1799e5b724c5fcae2cb4a,sample-v1,SKU-0005,CHI,2025-06-07,27.0,False,False,2025-07-21T00:00:00+00:00,valid,"{""expected_uncensored"": 24.4219, ""family"": ""trending"", ""generator"": ""synthetic-1.0"", ""seed"": 42, ""shock_multiplier"": 1.0}"
ddd3a361a3505c340fe8147a,sample-v1,SKU-0005,CHI,2025-06-08,32.0,False,False,2025-07-21T00:00:00+00:00,valid,"{""expected_uncensored"": 25.1251, ""family"": ""trending"", ""generator"": ""synthetic-1.0"", ""seed"": 42, ""shock_multiplier"": 1.0}"
778fa1223925e86d69c43f7f,sample-v1,SKU-0005,CHI,2025-06-09,36.0,False,False,2025-07-21T00:00:00+00:00,valid,"{""expected_uncensored"": 27.7952, ""family"": ""trending"", ""generator"": ""synthetic-1.0"", ""seed"": 42, ""shock_multiplier"": 1.0}"
f6648b4988df1db71726c6eb,sample-v1,SKU-0005,CHI,2025-06-10,25.0,False,False,2025-07-21T00:00:00+00:00,valid,"{""expected_uncensored"": 30.4782, ""family"": ""trending"", ""generator"": ""synthetic-1.0"", ""seed"": 42, ""shock_multiplier"": 1.0}"
c25fd69a044e3ebaad5fa11a,sample-v1,SKU-0005,CHI,2025-06-11,34.0,False,False,2025-07-21T00:00:00+00:00,valid,"{""expected_uncensored"": 31.2007, ""family"": ""trending"", ""generator"": ""synthetic-1.0"", ""seed"": 42, ""shock_multiplier"": 1.0}"
2e48bb610c6e38966865c6b3,sample-v1,SKU-0005,CHI,2025-06-12,30.0,False,False,2025-07-21T00:00:00+00:00,valid,"{""expected_uncensored"": 29.4595, ""family"": ""trending"", ""generator"": ""synthetic-1.0"", ""seed"": 42, ""shock_multiplier"": 1.0}"
4bb4e7b250632a1c4b3c2d29,sample-v1,SKU-0005,CHI,2025-06-13,21.0,False,False,2025-07-21T00:00:00+00:00,valid,"{""expected_uncensored"": 26.6089, ""family"": ""trending"", ""generator"": ""synthetic-1.0"", ""seed"": 42, ""shock_multiplier"": 1.0}"
2c18999308c99caab9e5f1dc,sample-v1,SKU-0005,CHI,2025-06-14,27.0,False,False,2025-07-21T00:00:00+00:00,valid,"{""expected_uncensored"": 24.8472, ""family"": ""trending"", ""generator"": ""synthetic-1.0"", ""seed"": 42, ""shock_multiplier"": 1.0}"
32a607212fd3ec329fdd102c,sample-v1,SKU-0005,CHI,2025-06-15,36.0,False,False,2025-07-21T00:00:00+00:00,valid,"{""expected_uncensored"": 25.5615, ""family"": ""trending"", ""generator"": ""synthetic-1.0"", ""seed"": 42, ""shock_multiplier"": 1.0}"
0305207e05122a1e5b9272f7,sample-v1,SKU-0005,CHI,2025-06-16,30.0,False,False,2025-07-21T00:00:00+00:00,valid,"{""expected_uncensored"": 28.2768, ""family"": ""trending"", ""generator"": ""synthetic-1.0"", ""seed"": 42, ""shock_multiplier"": 1.0}"
1cc6bbd258a05dec81387946,sample-v1,SKU-0005,CHI,2025-06-17,24.0,False,False,2025-07-21T00:00:00+00:00,valid,"{""expected_uncensored"": 31.005, ""family"": ""trending"", ""generator"": ""synthetic-1.0"", ""seed"": 42, ""shock_multiplier"": 1.0}"
719d0d7825e09ea60f15677e,sample-v1,SKU-0005,CHI,2025-06-18,40.0,False,False,2025-07-21T00:00:00+00:00,valid,"{""expected_uncensored"": 31.7386, ""family"": ""trending"", ""generator"": ""synthetic-1.0"", ""seed"": 42, ""shock_multiplier"": 1.0}"
f2ffb3316339956c5d46b60d,sample-v1,SKU-0005,CHI,2025-06-19,32.0,False,False,2025-07-21T00:00:00+00:00,valid,"{""expected_uncensored"": 29.9662, ""family"": ""trending"", ""generator"": ""synthetic-1.0"", ""seed"": 42, ""shock_multiplier"": 1.0}"
918c535eb52aa4490562beef,sample-v1,SKU-0005,CHI,2025-06-20,27.0,False,False,2025-07-21T00:00:00+00:00,valid,"{""expected_uncensored"": 27.0654, ""family"": ""trending"", ""generator"": ""synthetic-1.0"", ""seed"": 42, ""shock_multiplier"": 1.0}"
14d002941478c21cbb8ba686,sample-v1,SKU-0005,CHI,2025-06-21,29.0,False,False,2025-07-21T00:00:00+00:00,valid,"{""expected_uncensored"": 25.2724, ""family"": ""trending"", ""generator"": ""synthetic-1.0"", ""seed"": 42, ""shock_multiplier"": 1.0}"
ef43458fc4fd0d810b48e64f,sample-v1,SKU-0005,CHI,2025-06-22,34.0,False,False,2025-07-21T00:00:00+00:00,valid,"{""expected_uncensored"": 25.9979, ""family"": ""trending"", ""generator"": ""synthetic-1.0"", ""seed"": 42, ""shock_multiplier"": 1.0}"
4fd20683e6ceaa9cfc7e7645,sample-v1,SKU-0005,CHI,2025-06-23,36.0,False,False,2025-07-21T00:00:00+00:00,valid,"{""expected_uncensored"": 28.7584, ""family"": ""trending"", ""generator"": ""synthetic-1.0"", ""seed"": 42, ""shock_multiplier"": 1.0}"
8285e0ed3af91e9141b155b4,sample-v1,SKU-0005,CHI,2025-06-24,25.0,False,False,2025-07-21T00:00:00+00:00,valid,"{""expected_uncensored"": 31.5318, ""family"": ""trending"", ""generator"": ""synthetic-1.0"", ""seed"": 42, ""shock_multiplier"": 1.0}"
34d2d0fd70eb2c6dac51cd70,sample-v1,SKU-0005,CHI,2025-06-25,35.0,False,False,2025-07-21T00:00:00+00:00,valid,"{""expected_uncensored"": 32.2766, ""family"": ""trending"", ""generator"": ""synthetic-1.0"", ""seed"": 42, ""shock_multiplier"": 1.0}"
dd0b30419819787974719ec6,sample-v1,SKU-0005,CHI,2025-06-26,31.0,False,False,2025-07-21T00:00:00+00:00,valid,"{""expected_uncensored"": 30.4729, ""family"": ""trending"", ""generator"": ""synthetic-1.0"", ""seed"": 42, ""shock_multiplier"": 1.0}"
8c4b2517aaf8207625482517,sample-v1,SKU-0005,CHI,2025-06-27,35.0,False,False,2025-07-21T00:00:00+00:00,valid,"{""expected_uncensored"": 27.5219, ""family"": ""trending"", ""generator"": ""synthetic-1.0"", ""seed"": 42, ""shock_multiplier"": 1.0}"
f4763776591efd6fd162a8e4,sample-v1,SKU-0005,CHI,2025-06-28,22.0,False,False,2025-07-21T00:00:00+00:00,valid,"{""expected_uncensored"": 25.6977, ""family"": ""trending"", ""generator"": ""synthetic-1.0"", ""seed"": 42, ""shock_multiplier"": 1.0}"
6d2228a119f907b85cf59375,sample-v1,SKU-0005,CHI,2025-06-29,28.0,False,False,2025-07-21T00:00:00+00:00,valid,"{""expected_uncensored"": 26.4344, ""family"": ""trending"", ""generator"": ""synthetic-1.0"", ""seed"": 42, ""shock_multiplier"": 1.0}"
bf60dad8ee4234801e88d433,sample-v1,SKU-0005,CHI,2025-06-30,29.0,False,False,2025-07-21T00:00:00+00:00,valid,"{""expected_uncensored"": 29.24, ""family"": ""trending"", ""generator"": ""synthetic-1.0"", ""seed"": 42, ""shock_multiplier"": 1.0}"
709f0eb6c34c9deeb29693f9,sample-v1,SKU-0005,CHI,2025-07-01,37.0,False,False,2025-07-21T00:00:00+00:00,valid,"{""expected_uncensored"": 32.0585, ""family"": ""trending"", ""generator"": ""synthetic-1.0"", ""seed"": 42, ""shock_multiplier"": 1.0}"
fbae6e3733d808f74251bce0,sample-v1,SKU-0005,CHI,2025-07-02,39.0,False,False,2025-07-21T00:00:00+00:00,valid,"{""expected_uncensored"": 32.8145, ""family"": ""trending"", ""generator"": ""synthetic-1.0"", ""seed"": 42, ""shock_multiplier"": 1.0}"
e2244aec3a83adb1a0576e06,sample-v1,SKU-0005,CHI,2025-07-03,34.0,False,False,2025-07-21T00:00:00+00:00,valid,"{""expected_uncensored"": 30.9796, ""family"": ""trending"", ""generator"": ""synthetic-1.0"", ""seed"": 42, ""shock_multiplier"": 1.0}"
371b6b9af1b6acf11cfd688f,sample-v1,SKU-0005,CHI,2025-07-04,27.0,False,False,2025-07-21T00:00:00+00:00,valid,"{""expected_uncensored"": 27.9785, ""family"": ""trending"", ""generator"": ""synthetic-1.0"", ""seed"": 42, ""shock_multiplier"": 1.0}"
12acb12e1befd85119c6e073,sample-v1,SKU-0005,CHI,2025-07-05,38.0,False,False,2025-07-21T00:00:00+00:00,valid,"{""expected_uncensored"": 26.1229, ""family"": ""trending"", ""generator"": ""synthetic-1.0"", ""seed"": 42, ""shock_multiplier"": 1.0}"
d7e5ac5f5f3931ff73a02d44,sample-v1,SKU-0005,CHI,2025-07-06,22.0,False,False,2025-07-21T00:00:00+00:00,valid,"{""expected_uncensored"": 26.8708, ""family"": ""trending"", ""generator"": ""synthetic-1.0"", ""seed"": 42, ""shock_multiplier"": 1.0}"
d4864088e773119ca7e4216c,sample-v1,SKU-0005,CHI,2025-07-07,33.0,False,False,2025-07-21T00:00:00+00:00,valid,"{""expected_uncensored"": 29.7216, ""family"": ""trending"", ""generator"": ""synthetic-1.0"", ""seed"": 42, ""shock_multiplier"": 1.0}"
210b5c40cfda2c72d39db4d8,sample-v1,SKU-0005,CHI,2025-07-08,35.0,False,False,2025-07-21T00:00:00+00:00,valid,"{""expected_uncensored"": 32.5853, ""family"": ""trending"", ""generator"": ""synthetic-1.0"", ""seed"": 42, ""shock_multiplier"": 1.0}"
17cbf97fa574352a01f7bd5e,sample-v1,SKU-0005,CHI,2025-07-09,52.0,True,False,2025-07-21T00:00:00+00:00,valid,"{""expected_uncensored"": 55.0316, ""family"": ""trending"", ""generator"": ""synthetic-1.0"", ""seed"": 42, ""shock_multiplier"": 1.0}"
aeb45399f588aa4acc233bfb,sample-v1,SKU-0005,CHI,2025-07-10,54.0,True,False,2025-07-21T00:00:00+00:00,valid,"{""expected_uncensored"": 51.9523, ""family"": ""trending"", ""generator"": ""synthetic-1.0"", ""seed"": 42, ""shock_multiplier"": 1.0}"
212af37a21b7b3e8654369f3,sample-v1,SKU-0005,CHI,2025-07-11,46.0,True,False,2025-07-21T00:00:00+00:00,valid,"{""expected_uncensored"": 46.9177, ""family"": ""trending"", ""generator"": ""synthetic-1.0"", ""seed"": 42, ""shock_multiplier"": 1.0}"
f1b7002c8eaefa386b6f6d56,sample-v1,SKU-0005,CHI,2025-07-12,47.0,True,False,2025-07-21T00:00:00+00:00,valid,"{""expected_uncensored"": 43.8045, ""family"": ""trending"", ""generator"": ""synthetic-1.0"", ""seed"": 42, ""shock_multiplier"": 1.0}"
85704e43698d6ce1765e858b,sample-v1,SKU-0005,CHI,2025-07-13,50.0,True,False,2025-07-21T00:00:00+00:00,valid,"{""expected_uncensored"": 45.0569, ""family"": ""trending"", ""generator"": ""synthetic-1.0"", ""seed"": 42, ""shock_multiplier"": 1.0}"
c9a156e964c8ef6e2175d9d3,sample-v1,SKU-0005,CHI,2025-07-14,66.0,True,False,2025-07-21T00:00:00+00:00,valid,"{""expected_uncensored"": 49.8353, ""family"": ""trending"", ""generator"": ""synthetic-1.0"", ""seed"": 42, ""shock_multiplier"": 1.0}"
3afb25c2da837ad771e17256,sample-v1,SKU-0005,CHI,2025-07-15,47.0,True,False,2025-07-21T00:00:00+00:00,valid,"{""expected_uncensored"": 54.635, ""family"": ""trending"", ""generator"": ""synthetic-1.0"", ""seed"": 42, ""shock_multiplier"": 1.0}"
e815bd493d0fcf2091f9465f,sample-v1,SKU-0005,CHI,2025-07-16,31.0,False,False,2025-07-21T00:00:00+00:00,valid,"{""expected_uncensored"": 33.8904, ""family"": ""trending"", ""generator"": ""synthetic-1.0"", ""seed"": 42, ""shock_multiplier"": 1.0}"
4a317d0a52593daf57cfeb1b,sample-v1,SKU-0005,CHI,2025-07-17,23.0,False,False,2025-07-21T00:00:00+00:00,valid,"{""expected_uncensored"": 31.9929, ""family"": ""trending"", ""generator"": ""synthetic-1.0"", ""seed"": 42, ""shock_multiplier"": 1.0}"
50f2f2479ad62f9bdfe0e0b0,sample-v1,SKU-0005,CHI,2025-07-18,38.0,False,False,2025-07-21T00:00:00+00:00,valid,"{""expected_uncensored"": 28.8915, ""family"": ""trending"", ""generator"": ""synthetic-1.0"", ""seed"": 42, ""shock_multiplier"": 1.0}"
8949a23b192d231b15705b7f,sample-v1,SKU-0005,CHI,2025-07-19,27.0,False,False,2025-07-21T00:00:00+00:00,valid,"{""expected_uncensored"": 26.9734, ""family"": ""trending"", ""generator"": ""synthetic-1.0"", ""seed"": 42, ""shock_multiplier"": 1.0}"
72a395d602bdd599eec0af96,sample-v1,SKU-0005,CHI,2025-07-20,21.0,False,False,2025-07-21T00:00:00+00:00,valid,"{""expected_uncensored"": 27.7436, ""family"": ""trending"", ""generator"": ""synthetic-1.0"", ""seed"": 42, ""shock_multiplier"": 1.0}"
452a0288820d70fbfc0c5d07,sample-v1,SKU-0005,DAL,2025-01-06,50.0,True,False,2025-07-21T00:00:00+00:00,valid,"{""expected_uncensored"": 39.93, ""family"": ""trending"", ""generator"": ""synthetic-1.0"", ""seed"": 42, ""shock_multiplier"": 1.0}"
779454bc044bfa3f51a3b192,sample-v1,SKU-0005,DAL,2025-01-07,53.0,True,False,2025-07-21T00:00:00+00:00,valid,"{""expected_uncensored"": 43.8509, ""family"": ""trending"", ""generator"": ""synthetic-1.0"", ""seed"": 42, ""shock_multiplier"": 1.0}"
b8f2c6b179c18a99bfa3e3e3,sample-v1,SKU-0005,DAL,2025-01-08,26.0,False,False,2025-07-21T00:00:00+00:00,valid,"{""expected_uncensored"": 27.2474, ""family"": ""trending"", ""generator"": ""synthetic-1.0"", ""seed"": 42, ""shock_multiplier"": 1.0}"
f6092fe2518f4988dce96fb6,sample-v1,SKU-0005,DAL,2025-01-09,25.0,False,False,2025-07-21T00:00:00+00:00,valid,"{""expected_uncensored"": 25.7655, ""family"": ""trending"", ""generator"": ""synthetic-1.0"", ""seed"": 42, ""shock_multiplier"": 1.0}"
815fe893baf2296c330ce401,sample-v1,SKU-0005,DAL,2025-01-10,17.0,False,False,2025-07-21T00:00:00+00:00,valid,"{""expected_uncensored"": 23.307, ""family"": ""trending"", ""generator"": ""synthetic-1.0"", ""seed"": 42, ""shock_multiplier"": 1.0}"
f2d2d5a0668a75b6fc2d3824,sample-v1,SKU-0005,DAL,2025-01-11,14.0,False,False,2025-07-21T00:00:00+00:00,valid,"{""expected_uncensored"": 21.7962, ""family"": ""trending"", ""generator"": ""synthetic-1.0"", ""seed"": 42, ""shock_multiplier"": 1.0}"
b4590bf45c0745f2a6fe9375,sample-v1,SKU-0005,DAL,2025-01-12,29.0,False,False,2025-07-21T00:00:00+00:00,valid,"{""expected_uncensored"": 22.4559, ""family"": ""trending"", ""generator"": ""synthetic-1.0"", ""seed"": 42, ""shock_multiplier"": 1.0}"
517a7a2d15410a5359d052f0,sample-v1,SKU-0005,DAL,2025-01-13,18.0,False,False,2025-07-21T00:00:00+00:00,valid,"{""expected_uncensored"": 24.8776, ""family"": ""trending"", ""generator"": ""synthetic-1.0"", ""seed"": 42, ""shock_multiplier"": 1.0}"
0711b4d218254efb14397625,sample-v1,SKU-0005,DAL,2025-01-14,31.0,False,False,2025-07-21T00:00:00+00:00,valid,"{""expected_uncensored"": 27.3175, ""family"": ""trending"", ""generator"": ""synthetic-1.0"", ""seed"": 42, ""shock_multiplier"": 1.0}"
dd02b20952409bc6f90dc97c,sample-v1,SKU-0005,DAL,2025-01-15,30.0,False,False,2025-07-21T00:00:00+00:00,valid,"{""expected_uncensored"": 28.0043, ""family"": ""trending"", ""generator"": ""synthetic-1.0"", ""seed"": 42, ""shock_multiplier"": 1.0}"
a9f2926d6015e2af65ae2e9f,sample-v1,SKU-0005,DAL,2025-01-16,26.0,False,False,2025-07-21T00:00:00+00:00,valid,"{""expected_uncensored"": 26.4784, ""family"": ""trending"", ""generator"": ""synthetic-1.0"", ""seed"": 42, ""shock_multiplier"": 1.0}"
2e8590aa80223b80e103696b,sample-v1,SKU-0005,DAL,2025-01-17,32.0,False,False,2025-07-21T00:00:00+00:00,valid,"{""expected_uncensored"": 23.9494, ""family"": ""trending"", ""generator"": ""synthetic-1.0"", ""seed"": 42, ""shock_multiplier"": 1.0}"
bf07778a37f322b13425020e,sample-v1,SKU-0005,DAL,2025-01-18,20.0,False,False,2025-07-21T00:00:00+00:00,valid,"{""expected_uncensored"": 22.3945, ""family"": ""trending"", ""generator"": ""synthetic-1.0"", ""seed"": 42, ""shock_multiplier"": 1.0}"
c6f4d9def072d78cd3e7d624,sample-v1,SKU-0005,DAL,2025-01-19,20.0,False,False,2025-07-21T00:00:00+00:00,valid,"{""expected_uncensored"": 23.0699, ""family"": ""trending"", ""generator"": ""synthetic-1.0"", ""seed"": 42, ""shock_multiplier"": 1.0}"
efe20485c52766c9f7555f1d,sample-v1,SKU-0005,DAL,2025-01-20,40.0,False,False,2025-07-21T00:00:00+00:00,valid,"{""expected_uncensored"": 25.5552, ""family"": ""trending"", ""generator"": ""synthetic-1.0"", ""seed"": 42, ""shock_multiplier"": 1.0}"
efad1f4d1a4c13c2e9a21a17,sample-v1,SKU-0005,DAL,2025-01-21,27.0,False,False,2025-07-21T00:00:00+00:00,valid,"{""expected_uncensored"": 28.0587, ""family"": ""trending"", ""generator"": ""synthetic-1.0"", ""seed"": 42, ""shock_multiplier"": 1.0}"
ef3d70d320011846265fe2b7,sample-v1,SKU-0005,DAL,2025-01-22,34.0,False,False,2025-07-21T00:00:00+00:00,valid,"{""expected_uncensored"": 28.7612, ""family"": ""trending"", ""generator"": ""synthetic-1.0"", ""seed"": 42, ""shock_multiplier"": 1.0}"
f9487e52c3f834a2ffeba77b,sample-v1,SKU-0005,DAL,2025-01-23,27.0,False,False,2025-07-21T00:00:00+00:00,valid,"{""expected_uncensored"": 27.1913, ""family"": ""trending"", ""generator"": ""synthetic-1.0"", ""seed"": 42, ""shock_multiplier"": 1.0}"
82ce6f062e0a56d0a83f1beb,sample-v1,SKU-0005,DAL,2025-01-24,24.0,False,False,2025-07-21T00:00:00+00:00,valid,"{""expected_uncensored"": 24.5917, ""family"": ""trending"", ""generator"": ""synthetic-1.0"", ""seed"": 42, ""shock_multiplier"": 1.0}"
ecf062242a7bc07f5f42a56c,sample-v1,SKU-0005,DAL,2025-01-25,21.0,False,False,2025-07-21T00:00:00+00:00,valid,"{""expected_uncensored"": 22.9928, ""family"": ""trending"", ""generator"": ""synthetic-1.0"", ""seed"": 42, ""shock_multiplier"": 1.0}"
fe2456153a68ff46a3842cf6,sample-v1,SKU-0005,DAL,2025-01-26,28.0,False,False,2025-07-21T00:00:00+00:00,valid,"{""expected_uncensored"": 23.6839, ""family"": ""trending"", ""generator"": ""synthetic-1.0"", ""seed"": 42, ""shock_multiplier"": 1.0}"
29aef2ff3aec07284436aa9c,sample-v1,SKU-0005,DAL,2025-01-27,31.0,False,False,2025-07-21T00:00:00+00:00,valid,"{""expected_uncensored"": 26.2328, ""family"": ""trending"", ""generator"": ""synthetic-1.0"", ""seed"": 42, ""shock_multiplier"": 1.0}"
1ab0c852ddf6df6f245f66c0,sample-v1,SKU-0005,DAL,2025-01-28,35.0,False,False,2025-07-21T00:00:00+00:00,valid,"{""expected_uncensored"": 28.7998, ""family"": ""trending"", ""generator"": ""synthetic-1.0"", ""seed"": 42, ""shock_multiplier"": 1.0}"
3fcc1456103219c7f32a3c10,sample-v1,SKU-0005,DAL,2025-01-29,26.0,False,False,2025-07-21T00:00:00+00:00,valid,"{""expected_uncensored"": 29.5181, ""family"": ""trending"", ""generator"": ""synthetic-1.0"", ""seed"": 42, ""shock_multiplier"": 1.0}"
4efc97e8363e82acde955cd0,sample-v1,SKU-0005,DAL,2025-01-30,28.0,False,False,2025-07-21T00:00:00+00:00,valid,"{""expected_uncensored"": 27.9042, ""family"": ""trending"", ""generator"": ""synthetic-1.0"", ""seed"": 42, ""shock_multiplier"": 1.0}"
1eacfc88dc57439fb42044e0,sample-v1,SKU-0005,DAL,2025-01-31,25.0,False,False,2025-07-21T00:00:00+00:00,valid,"{""expected_uncensored"": 25.234, ""family"": ""trending"", ""generator"": ""synthetic-1.0"", ""seed"": 42, ""shock_multiplier"": 1.0}"
93881ff5d073685afa672250,sample-v1,SKU-0005,DAL,2025-02-01,29.0,False,False,2025-07-21T00:00:00+00:00,valid,"{""expected_uncensored"": 23.5912, ""family"": ""trending"", ""generator"": ""synthetic-1.0"", ""seed"": 42, ""shock_multiplier"": 1.0}"
1d6a32c2534afb71a191f21a,sample-v1,SKU-0005,DAL,2025-02-02,24.0,False,False,2025-07-21T00:00:00+00:00,valid,"{""expected_uncensored"": 24.298, ""family"": ""trending"", ""generator"": ""synthetic-1.0"", ""seed"": 42, ""shock_multiplier"": 1.0}"
fa72d888a8aa43c4f0363870,sample-v1,SKU-0005,DAL,2025-02-03,26.0,False,False,2025-07-21T00:00:00+00:00,valid,"{""expected_uncensored"": 26.9104, ""family"": ""trending"", ""generator"": ""synthetic-1.0"", ""seed"": 42, ""shock_multiplier"": 1.0}"
dc022eb4e6076663ed90bc6e,sample-v1,SKU-0005,DAL,2025-02-04,26.0,False,False,2025-07-21T00:00:00+00:00,valid,"{""expected_uncensored"": 29.541, ""family"": ""trending"", ""generator"": ""synthetic-1.0"", ""seed"": 42, ""shock_multiplier"": 1.0}"
69e53b35f84c29d01752baf5,sample-v1,SKU-0005,DAL,2025-02-05,31.0,False,False,2025-07-21T00:00:00+00:00,valid,"{""expected_uncensored"": 30.2749, ""family"": ""trending"", ""generator"": ""synthetic-1.0"", ""seed"": 42, ""shock_multiplier"": 1.0}"
43259fce02a379afef128a1d,sample-v1,SKU-0005,DAL,2025-02-06,43.0,False,False,2025-07-21T00:00:00+00:00,valid,"{""expected_uncensored"": 28.617, ""family"": ""trending"", ""generator"": ""synthetic-1.0"", ""seed"": 42, ""shock_multiplier"": 1.0}"
6bf53b65d08ea40316530306,sample-v1,SKU-0005,DAL,2025-02-07,33.0,False,False,2025-07-21T00:00:00+00:00,valid,"{""expected_uncensored"": 25.8763, ""family"": ""trending"", ""generator"": ""synthetic-1.0"", ""seed"": 42, ""shock_multiplier"": 1.0}"
4a550463cc9bc1dae2daa2e5,sample-v1,SKU-0005,DAL,2025-02-08,25.0,False,False,2025-07-21T00:00:00+00:00,valid,"{""expected_uncensored"": 24.1895, ""family"": ""trending"", ""generator"": ""synthetic-1.0"", ""seed"": 42, ""shock_multiplier"": 1.0}"
5deeee160742f6602ab5f06b,sample-v1,SKU-0005,DAL,2025-02-09,24.0,False,False,2025-07-21T00:00:00+00:00,valid,"{""expected_uncensored"": 24.912, ""family"": ""trending"", ""generator"": ""synthetic-1.0"", ""seed"": 42, ""shock_multiplier"": 1.0}"
0454516e100a480154f28336,sample-v1,SKU-0005,DAL,2025-02-10,35.0,False,False,2025-07-21T00:00:00+00:00,valid,"{""expected_uncensored"": 27.588, ""family"": ""trending"", ""generator"": ""synthetic-1.0"", ""seed"": 42, ""shock_multiplier"": 1.0}"
9e6d9635695669c381bfe6dd,sample-v1,SKU-0005,DAL,2025-02-11,32.0,False,False,2025-07-21T00:00:00+00:00,valid,"{""expected_uncensored"": 30.2822, ""family"": ""trending"", ""generator"": ""synthetic-1.0"", ""seed"": 42, ""shock_multiplier"": 1.0}"
cc72e18518d33c6320b73cea,sample-v1,SKU-0005,DAL,2025-02-12,28.0,False,False,2025-07-21T00:00:00+00:00,valid,"{""expected_uncensored"": 31.0318, ""family"": ""trending"", ""generator"": ""synthetic-1.0"", ""seed"": 42, ""shock_multiplier"": 1.0}"
1bd8014a84b96aeb580eff93,sample-v1,SKU-0005,DAL,2025-02-13,31.0,False,False,2025-07-21T00:00:00+00:00,valid,"{""expected_uncensored"": 29.3299, ""family"": ""trending"", ""generator"": ""synthetic-1.0"", ""seed"": 42, ""shock_multiplier"": 1.0}"
db6f0476d7e0a233ee392a66,sample-v1,SKU-0005,DAL,2025-02-14,26.0,False,False,2025-07-21T00:00:00+00:00,valid,"{""expected_uncensored"": 26.5186, ""family"": ""trending"", ""generator"": ""synthetic-1.0"", ""seed"": 42, ""shock_multiplier"": 1.0}"
e8c8411bc2016551e2e81a25,sample-v1,SKU-0005,DAL,2025-02-15,24.0,False,False,2025-07-21T00:00:00+00:00,valid,"{""expected_uncensored"": 24.7878, ""family"": ""trending"", ""generator"": ""synthetic-1.0"", ""seed"": 42, ""shock_multiplier"": 1.0}"
f32491101e7cbc511f1a68f4,sample-v1,SKU-0005,DAL,2025-02-16,28.0,False,False,2025-07-21T00:00:00+00:00,valid,"{""expected_uncensored"": 25.526, ""family"": ""trending"", ""generator"": ""synthetic-1.0"", ""seed"": 42, ""shock_multiplier"": 1.0}"
70b8af616cec636592bff2c0,sample-v1,SKU-0005,DAL,2025-02-17,27.0,False,False,2025-07-21T00:00:00+00:00,valid,"{""expected_uncensored"": 28.2656, ""family"": ""trending"", ""generator"": ""synthetic-1.0"", ""seed"": 42, ""shock_multiplier"": 1.0}"
400ca8d1ba3dd4127532adf6,sample-v1,SKU-0005,DAL,2025-02-18,36.0,False,False,2025-07-21T00:00:00+00:00,valid,"{""expected_uncensored"": 31.0234, ""family"": ""trending"", ""generator"": ""synthetic-1.0"", ""seed"": 42, ""shock_multiplier"": 1.0}"
242c43cacd07fb7c0b5463dc,sample-v1,SKU-0005,DAL,2025-02-19,33.0,False,False,2025-07-21T00:00:00+00:00,valid,"{""expected_uncensored"": 31.7887, ""family"": ""trending"", ""generator"": ""synthetic-1.0"", ""seed"": 42, ""shock_multiplier"": 1.0}"
431d070ea79da5d237e6a87a,sample-v1,SKU-0005,DAL,2025-02-20,36.0,False,False,2025-07-21T00:00:00+00:00,valid,"{""expected_uncensored"": 30.0428, ""family"": ""trending"", ""generator"": ""synthetic-1.0"", ""seed"": 42, ""shock_multiplier"": 1.0}"
ca24c0b55b53de460f89925a,sample-v1,SKU-0005,DAL,2025-02-21,24.0,False,False,2025-07-21T00:00:00+00:00,valid,"{""expected_uncensored"": 27.161, ""family"": ""trending"", ""generator"": ""synthetic-1.0"", ""seed"": 42, ""shock_multiplier"": 1.0}"
f1067e06e52f0f33cff0bebc,sample-v1,SKU-0005,DAL,2025-02-22,35.0,False,False,2025-07-21T00:00:00+00:00,valid,"{""expected_uncensored"": 25.3861, ""family"": ""trending"", ""generator"": ""synthetic-1.0"", ""seed"": 42, ""shock_multiplier"": 1.0}"
b3054b91e2369398e46b9bb2,sample-v1,SKU-0005,DAL,2025-02-23,21.0,False,False,2025-07-21T00:00:00+00:00,valid,"{""expected_uncensored"": 26.14, ""family"": ""trending"", ""generator"": ""synthetic-1.0"", ""seed"": 42, ""shock_multiplier"": 1.0}"
2a7457f9986b6de430cf17aa,sample-v1,SKU-0005,DAL,2025-02-24,25.0,False,False,2025-07-21T00:00:00+00:00,valid,"{""expected_uncensored"": 28.9432, ""family"": ""trending"", ""generator"": ""synthetic-1.0"", ""seed"": 42, ""shock_multiplier"": 1.0}"
0a3c028719521102e9ce6d95,sample-v1,SKU-0005,DAL,2025-02-25,29.0,False,False,2025-07-21T00:00:00+00:00,valid,"{""expected_uncensored"": 31.7645, ""family"": ""trending"", ""generator"": ""synthetic-1.0"", ""seed"": 42, ""shock_multiplier"": 1.0}"
346bb6f70d97a2e17ba3a628,sample-v1,SKU-0005,DAL,2025-02-26,39.0,False,False,2025-07-21T00:00:00+00:00,valid,"{""expected_uncensored"": 32.5456, ""family"": ""trending"", ""generator"": ""synthetic-1.0"", ""seed"": 42, ""shock_multiplier"": 1.0}"
93d79a176ce6a1b8dae41cf4,sample-v1,SKU-0005,DAL,2025-02-27,29.0,False,False,2025-07-21T00:00:00+00:00,valid,"{""expected_uncensored"": 30.7557, ""family"": ""trending"", ""generator"": ""synthetic-1.0"", ""seed"": 42, ""shock_multiplier"": 1.0}"
20de6174a8dfdddc22e910c6,sample-v1,SKU-0005,DAL,2025-02-28,24.0,False,False,2025-07-21T00:00:00+00:00,valid,"{""expected_uncensored"": 27.8033, ""family"": ""trending"", ""generator"": ""synthetic-1.0"", ""seed"": 42, ""shock_multiplier"": 1.0}"
d397be2f057d109ee9d1445e,sample-v1,SKU-0005,DAL,2025-03-01,26.0,False,False,2025-07-21T00:00:00+00:00,valid,"{""expected_uncensored"": 25.9845, ""family"": ""trending"", ""generator"": ""synthetic-1.0"", ""seed"": 42, ""shock_multiplier"": 1.0}"
a25d62f636e62c909ee83239,sample-v1,SKU-0005,DAL,2025-03-02,29.0,False,False,2025-07-21T00:00:00+00:00,valid,"{""expected_uncensored"": 26.7541, ""family"": ""trending"", ""generator"": ""synthetic-1.0"", ""seed"": 42, ""shock_multiplier"": 1.0}"
ca4d0ae7414754815964b7c0,sample-v1,SKU-0005,DAL,2025-03-03,28.0,False,False,2025-07-21T00:00:00+00:00,valid,"{""expected_uncensored"": 29.6208, ""family"": ""trending"", ""generator"": ""synthetic-1.0"", ""seed"": 42, ""shock_multiplier"": 1.0}"
b37cf26d8ae5fbb425d09c7e,sample-v1,SKU-0005,DAL,2025-03-04,26.0,False,False,2025-07-21T00:00:00+00:00,valid,"{""expected_uncensored"": 32.5057, ""family"": ""trending"", ""generator"": ""synthetic-1.0"", ""seed"": 42, ""shock_multiplier"": 1.0}"
08608be9ec65f52c332d871c,sample-v1,SKU-0005,DAL,2025-03-05,50.0,True,False,2025-07-21T00:00:00+00:00,valid,"{""expected_uncensored"": 54.949, ""family"": ""trending"", ""generator"": ""synthetic-1.0"", ""seed"": 42, ""shock_multiplier"": 1.0}"
51a2331ed825f03d87fd2177,sample-v1,SKU-0005,DAL,2025-03-06,45.0,True,False,2025-07-21T00:00:00+00:00,valid,"{""expected_uncensored"": 51.9231, ""family"": ""trending"", ""generator"": ""synthetic-1.0"", ""seed"": 42, ""shock_multiplier"": 1.0}"
ea80121f9c24fb86a234038c,sample-v1,SKU-0005,DAL,2025-03-07,46.0,True,False,2025-07-21T00:00:00+00:00,valid,"{""expected_uncensored"": 46.9352, ""family"": ""trending"", ""generator"": ""synthetic-1.0"", ""seed"": 42, ""shock_multiplier"": 1.0}"
55bed35ba4df276aafebae78,sample-v1,SKU-0005,DAL,2025-03-08,50.0,True,False,2025-07-21T00:00:00+00:00,valid,"{""expected_uncensored"": 43.8616, ""family"": ""trending"", ""generator"": ""synthetic-1.0"", ""seed"": 42, ""shock_multiplier"": 1.0}"
6a0555c3111b216380118c9d,sample-v1,SKU-0005,DAL,2025-03-09,43.0,True,False,2025-07-21T00:00:00+00:00,valid,"{""expected_uncensored"": 45.1574, ""family"": ""trending"", ""generator"": ""synthetic-1.0"", ""seed"": 42, ""shock_multiplier"": 1.0}"
b1c1faf934a13ef6b2800aa7,sample-v1,SKU-0005,DAL,2025-03-10,53.0,True,False,2025-07-21T00:00:00+00:00,valid,"{""expected_uncensored"": 49.9924, ""family"": ""trending"", ""generator"": ""synthetic-1.0"", ""seed"": 42, ""shock_multiplier"": 1.0}"
1c69d4c248d68978edfcacf6,sample-v1,SKU-0005,DAL,2025-03-11,52.0,True,False,2025-07-21T00:00:00+00:00,valid,"{""expected_uncensored"": 54.8573, ""family"": ""trending"", ""generator"": ""synthetic-1.0"", ""seed"": 42, ""shock_multiplier"": 1.0}"
6e2adb59a5466d9da8e05c08,sample-v1,SKU-0005,DAL,2025-03-12,31.0,False,False,2025-07-21T00:00:00+00:00,valid,"{""expected_uncensored"": 34.0593, ""family"": ""trending"", ""generator"": ""synthetic-1.0"", ""seed"": 42, ""shock_multiplier"": 1.0}"
143a06b6f2941309c248a47b,sample-v1,SKU-0005,DAL,2025-03-13,32.0,False,False,2025-07-21T00:00:00+00:00,valid,"{""expected_uncensored"": 32.1814, ""family"": ""trending"", ""generator"": ""synthetic-1.0"", ""seed"": 42, ""shock_multiplier"": 1.0}"
867a285842675fd14a263ec8,sample-v1,SKU-0005,DAL,2025-03-14,36.0,False,False,2025-07-21T00:00:00+00:00,valid,"{""expected_uncensored"": 29.0879, ""family"": ""trending"", ""generator"": ""synthetic-1.0"", ""seed"": 42, ""shock_multiplier"": 1.0}"
76ff6c87c8cfede945d2a165,sample-v1,SKU-0005,DAL,2025-03-15,21.0,False,False,2025-07-21T00:00:00+00:00,valid,"{""expected_uncensored"": 27.1811, ""family"": ""trending"", ""generator"": ""synthetic-1.0"", ""seed"": 42, ""shock_multiplier"": 1.0}"
05e91d38e45f3d7ea055f333,sample-v1,SKU-0005,DAL,2025-03-16,32.0,False,False,2025-07-21T00:00:00+00:00,valid,"{""expected_uncensored"": 27.9821, ""family"": ""trending"", ""generator"": ""synthetic-1.0"", ""seed"": 42, ""shock_multiplier"": 1.0}"
5e7e9ce1de3e13b329d8ad50,sample-v1,SKU-0005,DAL,2025-03-17,30.0,False,False,2025-07-21T00:00:00+00:00,valid,"{""expected_uncensored"": 30.976, ""family"": ""trending"", ""generator"": ""synthetic-1.0"", ""seed"": 42, ""shock_multiplier"": 1.0}"
102ddddc48b93762e2b60cf7,sample-v1,SKU-0005,DAL,2025-03-18,34.0,False,False,2025-07-21T00:00:00+00:00,valid,"{""expected_uncensored"": 33.988, ""family"": ""trending"", ""generator"": ""synthetic-1.0"", ""seed"": 42, ""shock_multiplier"": 1.0}"
1c7cf344014e6f7c0c8bcf5c,sample-v1,SKU-0005,DAL,2025-03-19,36.0,False,False,2025-07-21T00:00:00+00:00,valid,"{""expected_uncensored"": 34.8162, ""family"": ""trending"", ""generator"": ""synthetic-1.0"", ""seed"": 42, ""shock_multiplier"": 1.0}"
4033df768ef1b799227b6c65,sample-v1,SKU-0005,DAL,2025-03-20,42.0,False,False,2025-07-21T00:00:00+00:00,valid,"{""expected_uncensored"": 32.8943, ""family"": ""trending"", ""generator"": ""synthetic-1.0"", ""seed"": 42, ""shock_multiplier"": 1.0}"
f92f26a7f10ab9531979f106,sample-v1,SKU-0005,DAL,2025-03-21,32.0,False,False,2025-07-21T00:00:00+00:00,valid,"{""expected_uncensored"": 29.7302, ""family"": ""trending"", ""generator"": ""synthetic-1.0"", ""seed"": 42, ""shock_multiplier"": 1.0}"
7160e79cc1181b5a822d801f,sample-v1,SKU-0005,DAL,2025-03-22,35.0,False,False,2025-07-21T00:00:00+00:00,valid,"{""expected_uncensored"": 27.7795, ""family"": ""trending"", ""generator"": ""synthetic-1.0"", ""seed"": 42, ""shock_multiplier"": 1.0}"
c19a3090e002487202cc6da7,sample-v1,SKU-0005,DAL,2025-03-23,24.0,False,False,2025-07-21T00:00:00+00:00,valid,"{""expected_uncensored"": 28.5961, ""family"": ""trending"", ""generator"": ""synthetic-1.0"", ""seed"": 42, ""shock_multiplier"": 1.0}"
18676297447b57863a7606ca,sample-v1,SKU-0005,DAL,2025-03-24,41.0,False,False,2025-07-21T00:00:00+00:00,valid,"{""expected_uncensored"": 31.6536, ""family"": ""trending"", ""generator"": ""synthetic-1.0"", ""seed"": 42, ""shock_multiplier"": 1.0}"
8cdf448a0d2b979d8915b5f6,sample-v1,SKU-0005,DAL,2025-03-25,33.0,False,False,2025-07-21T00:00:00+00:00,valid,"{""expected_uncensored"": 34.7292, ""family"": ""trending"", ""generator"": ""synthetic-1.0"", ""seed"": 42, ""shock_multiplier"": 1.0}"
732dd9c2ace926a148415a1a,sample-v1,SKU-0005,DAL,2025-03-26,36.0,False,False,2025-07-21T00:00:00+00:00,valid,"{""expected_uncensored"": 35.573, ""family"": ""trending"", ""generator"": ""synthetic-1.0"", ""seed"": 42, ""shock_multiplier"": 1.0}"
f6a21f7cf885f39b1628eee5,sample-v1,SKU-0005,DAL,2025-03-27,32.0,False,False,2025-07-21T00:00:00+00:00,valid,"{""expected_uncensored"": 33.6072, ""family"": ""trending"", ""generator"": ""synthetic-1.0"", ""seed"": 42, ""shock_multiplier"": 1.0}"
1a0edb1026d8b69e35b72285,sample-v1,SKU-0005,DAL,2025-03-28,28.0,False,False,2025-07-21T00:00:00+00:00,valid,"{""expected_uncensored"": 30.3726, ""family"": ""trending"", ""generator"": ""synthetic-1.0"", ""seed"": 42, ""shock_multiplier"": 1.0}"
37ae70dc9dd084d1500e23f3,sample-v1,SKU-0005,DAL,2025-03-29,23.0,False,False,2025-07-21T00:00:00+00:00,valid,"{""expected_uncensored"": 28.3778, ""family"": ""trending"", ""generator"": ""synthetic-1.0"", ""seed"": 42, ""shock_multiplier"": 1.0}"
9daff9806d4e01906496b6e9,sample-v1,SKU-0005,DAL,2025-03-30,37.0,False,False,2025-07-21T00:00:00+00:00,valid,"{""expected_uncensored"": 29.2102, ""family"": ""trending"", ""generator"": ""synthetic-1.0"", ""seed"": 42, ""shock_multiplier"": 1.0}"
5e1a3525b136ef0030f8cf0c,sample-v1,SKU-0005,DAL,2025-03-31,38.0,False,False,2025-07-21T00:00:00+00:00,valid,"{""expected_uncensored"": 32.3312, ""family"": ""trending"", ""generator"": ""synthetic-1.0"", ""seed"": 42, ""shock_multiplier"": 1.0}"
b7c7651c9e91b918c007a4ed,sample-v1,SKU-0005,DAL,2025-04-01,28.0,False,False,2025-07-21T00:00:00+00:00,valid,"{""expected_uncensored"": 35.4704, ""family"": ""trending"", ""generator"": ""synthetic-1.0"", ""seed"": 42, ""shock_multiplier"": 1.0}"
89a089e07137da6efb75798f,sample-v1,SKU-0005,DAL,2025-04-02,35.0,False,False,2025-07-21T00:00:00+00:00,valid,"{""expected_uncensored"": 36.3299, ""family"": ""trending"", ""generator"": ""synthetic-1.0"", ""seed"": 42, ""shock_multiplier"": 1.0}"
cc70dd61d3191bcd984bcb9c,sample-v1,SKU-0005,DAL,2025-04-03,27.0,False,False,2025-07-21T00:00:00+00:00,valid,"{""expected_uncensored"": 34.3201, ""family"": ""trending"", ""generator"": ""synthetic-1.0"", ""seed"": 42, ""shock_multiplier"": 1.0}"
337e69abdab2ee663be2bcd7,sample-v1,SKU-0005,DAL,2025-04-04,31.0,False,False,2025-07-21T00:00:00+00:00,valid,"{""expected_uncensored"": 31.0149, ""family"": ""trending"", ""generator"": ""synthetic-1.0"", ""seed"": 42, ""shock_multiplier"": 1.0}"
659624097de2012400583456,sample-v1,SKU-0005,DAL,2025-04-05,27.0,False,False,2025-07-21T00:00:00+00:00,valid,"{""expected_uncensored"": 28.9761, ""family"": ""trending"", ""generator"": ""synthetic-1.0"", ""seed"": 42, ""shock_multiplier"": 1.0}"
4877d6c3923698192094cacf,sample-v1,SKU-0005,DAL,2025-04-06,29.0,False,False,2025-07-21T00:00:00+00:00,valid,"{""expected_uncensored"": 29.8242, ""family"": ""trending"", ""generator"": ""synthetic-1.0"", ""seed"": 42, ""shock_multiplier"": 1.0}"
3c046fb667af593a5c87d76c,sample-v1,SKU-0005,DAL,2025-04-07,34.0,False,False,2025-07-21T00:00:00+00:00,valid,"{""expected_uncensored"": 33.0088, ""family"": ""trending"", ""generator"": ""synthetic-1.0"", ""seed"": 42, ""shock_multiplier"": 1.0}"
696a99076a67ae925cf90c29,sample-v1,SKU-0005,DAL,2025-04-08,30.0,False,False,2025-07-21T00:00:00+00:00,valid,"{""expected_uncensored"": 36.2116, ""family"": ""trending"", ""generator"": ""synthetic-1.0"", ""seed"": 42, ""shock_multiplier"": 1.0}"
61eada7c356974a4744184ef,sample-v1,SKU-0005,DAL,2025-04-09,37.0,False,False,2025-07-21T00:00:00+00:00,valid,"{""expected_uncensored"": 37.0868, ""family"": ""trending"", ""generator"": ""synthetic-1.0"", ""seed"": 42, ""shock_multiplier"": 1.0}"
a642c77905831ee0b2ed5619,sample-v1,SKU-0005,DAL,2025-04-10,33.0,False,False,2025-07-21T00:00:00+00:00,valid,"{""expected_uncensored"": 35.033, ""family"": ""trending"", ""generator"": ""synthetic-1.0"", ""seed"": 42, ""shock_multiplier"": 1.0}"
17ec533646488cd287d5b6d4,sample-v1,SKU-0005,DAL,2025-04-11,34.0,False,False,2025-07-21T00:00:00+00:00,valid,"{""expected_uncensored"": 31.6572, ""family"": ""trending"", ""generator"": ""synthetic-1.0"", ""seed"": 42, ""shock_multiplier"": 1.0}"
765f71cfa4defdaaaa5fab87,sample-v1,SKU-0005,DAL,2025-04-12,34.0,False,False,2025-07-21T00:00:00+00:00,valid,"{""expected_uncensored"": 29.5744, ""family"": ""trending"", ""generator"": ""synthetic-1.0"", ""seed"": 42, ""shock_multiplier"": 1.0}"
9fcd94f88b33016ad826190a,sample-v1,SKU-0005,DAL,2025-04-13,30.0,False,False,2025-07-21T00:00:00+00:00,valid,"{""expected_uncensored"": 30.4382, ""family"": ""trending"", ""generator"": ""synthetic-1.0"", ""seed"": 42, ""shock_multiplier"": 1.0}"
32510a48a1a82e8acf368343,sample-v1,SKU-0005,DAL,2025-04-14,41.0,False,False,2025-07-21T00:00:00+00:00,valid,"{""expected_uncensored"": 33.6864, ""family"": ""trending"", ""generator"": ""synthetic-1.0"", ""seed"": 42, ""shock_multiplier"": 1.0}"
37d05d14c4b9adf68a09a6ca,sample-v1,SKU-0005,DAL,2025-04-15,33.0,False,False,2025-07-21T00:00:00+00:00,valid,"{""expected_uncensored"": 36.9527, ""family"": ""trending"", ""generator"": ""synthetic-1.0"", ""seed"": 42, ""shock_multiplier"": 1.0}"
53cc9fd26925a3b49e7275ed,sample-v1,SKU-0005,DAL,2025-04-16,48.0,False,False,2025-07-21T00:00:00+00:00,valid,"{""expected_uncensored"": 37.8437, ""family"": ""trending"", ""generator"": ""synthetic-1.0"", ""seed"": 42, ""shock_multiplier"": 1.0}"
86a57ad6e62997608714bbb7,sample-v1,SKU-0005,DAL,2025-04-17,34.0,False,False,2025-07-21T00:00:00+00:00,valid,"{""expected_uncensored"": 35.7458, ""family"": ""trending"", ""generator"": ""synthetic-1.0"", ""seed"": 42, ""shock_multiplier"": 1.0}"
124a4bc8910fca06492f3693,sample-v1,SKU-0005,DAL,2025-04-18,47.0,False,False,2025-07-21T00:00:00+00:00,valid,"{""expected_uncensored"": 32.2995, ""family"": ""trending"", ""generator"": ""synthetic-1.0"", ""seed"": 42, ""shock_multiplier"": 1.0}"
d8892e1e9ad2954de9f7746b,sample-v1,SKU-0005,DAL,2025-04-19,31.0,False,False,2025-07-21T00:00:00+00:00,valid,"{""expected_uncensored"": 30.1728, ""family"": ""trending"", ""generator"": ""synthetic-1.0"", ""seed"": 42, ""shock_multiplier"": 1.0}"
c0adef695d533913100124a4,sample-v1,SKU-0005,DAL,2025-04-20,29.0,False,False,2025-07-21T00:00:00+00:00,valid,"{""expected_uncensored"": 31.0523, ""family"": ""trending"", ""generator"": ""synthetic-1.0"", ""seed"": 42, ""shock_multiplier"": 1.0}"
06447db4dcae3129520cab16,sample-v1,SKU-0005,DAL,2025-04-21,32.0,False,False,2025-07-21T00:00:00+00:00,valid,"{""expected_uncensored"": 34.364, ""family"": ""trending"", ""generator"": ""synthetic-1.0"", ""seed"": 42, ""shock_multiplier"": 1.0}"
052a169d55f8ddaff326d06a,sample-v1,SKU-0005,DAL,2025-04-22,40.0,False,False,2025-07-21T00:00:00+00:00,valid,"{""expected_uncensored"": 37.6939, ""family"": ""trending"", ""generator"": ""synthetic-1.0"", ""seed"": 42, ""shock_multiplier"": 1.0}"
e74cde099510b359657f3f90,sample-v1,SKU-0005,DAL,2025-04-23,35.0,False,False,2025-07-21T00:00:00+00:00,valid,"{""expected_uncensored"": 38.6005, ""family"": ""trending"", ""generator"": ""synthetic-1.0"", ""seed"": 42, ""shock_multiplier"": 1.0}"
370ab02e5000f427946948d4,sample-v1,SKU-0005,DAL,2025-04-24,37.0,False,False,2025-07-21T00:00:00+00:00,valid,"{""expected_uncensored"": 36.4587, ""family"": ""trending"", ""generator"": ""synthetic-1.0"", ""seed"": 42, ""shock_multiplier"": 1.0}"
a5a71afeb588ca8dac973ea8,sample-v1,SKU-0005,DAL,2025-04-25,33.0,False,False,2025-07-21T00:00:00+00:00,valid,"{""expected_uncensored"": 32.9418, ""family"": ""trending"", ""generator"": ""synthetic-1.0"", ""seed"": 42, ""shock_multiplier"": 1.0}"
4ed77d066a7f9c90e7c4c95c,sample-v1,SKU-0005,DAL,2025-04-26,22.0,False,False,2025-07-21T00:00:00+00:00,valid,"{""expected_uncensored"": 30.7711, ""family"": ""trending"", ""generator"": ""synthetic-1.0"", ""seed"": 42, ""shock_multiplier"": 1.0}"
fb8c883822c30b38318412a4,sample-v1,SKU-0005,DAL,2025-04-27,35.0,False,False,2025-07-21T00:00:00+00:00,valid,"{""expected_uncensored"": 31.6663, ""family"": ""trending"", ""generator"": ""synthetic-1.0"", ""seed"": 42, ""shock_multiplier"": 1.0}"
0bd843b7be645e28312b920a,sample-v1,SKU-0005,DAL,2025-04-28,41.0,False,False,2025-07-21T00:00:00+00:00,valid,"{""expected_uncensored"": 35.0416, ""family"": ""trending"", ""generator"": ""synthetic-1.0"", ""seed"": 42, ""shock_multiplier"": 1.0}"
43fb2398ceba6dce5fcbd1d9,sample-v1,SKU-0005,DAL,2025-04-29,38.0,False,False,2025-07-21T00:00:00+00:00,valid,"{""expected_uncensored"": 38.4351, ""family"": ""trending"", ""generator"": ""synthetic-1.0"", ""seed"": 42, ""shock_multiplier"": 1.0}"
97a952614617c2794583faf9,sample-v1,SKU-0005,DAL,2025-04-30,49.0,False,False,2025-07-21T00:00:00+00:00,valid,"{""expected_uncensored"": 39.3574, ""family"": ""trending"", ""generator"": ""synthetic-1.0"", ""seed"": 42, ""shock_multiplier"": 1.0}"
8ae9b4f8390985bbd278dd71,sample-v1,SKU-0005,DAL,2025-05-01,41.0,False,False,2025-07-21T00:00:00+00:00,valid,"{""expected_uncensored"": 37.1716, ""family"": ""trending"", ""generator"": ""synthetic-1.0"", ""seed"": 42, ""shock_multiplier"": 1.0}"
124ac81cc52b53ddf9f2af2e,sample-v1,SKU-0005,DAL,2025-05-02,42.0,False,False,2025-07-21T00:00:00+00:00,valid,"{""expected_uncensored"": 33.5842, ""family"": ""trending"", ""generator"": ""synthetic-1.0"", ""seed"": 42, ""shock_multiplier"": 1.0}"
a1cda8d6e8fdc805b4785a6e,sample-v1,SKU-0005,DAL,2025-05-03,32.0,False,False,2025-07-21T00:00:00+00:00,valid,"{""expected_uncensored"": 31.3694, ""family"": ""trending"", ""generator"": ""synthetic-1.0"", ""seed"": 42, ""shock_multiplier"": 1.0}"
f2cf83b59815b2ff039c1f3c,sample-v1,SKU-0005,DAL,2025-05-04,31.0,False,False,2025-07-21T00:00:00+00:00,valid,"{""expected_uncensored"": 32.2803, ""family"": ""trending"", ""generator"": ""synthetic-1.0"", ""seed"": 42, ""shock_multiplier"": 1.0}"
3855e45504d46cdeb0bd2443,sample-v1,SKU-0005,DAL,2025-05-05,33.0,False,False,2025-07-21T00:00:00+00:00,valid,"{""expected_uncensored"": 35.7192, ""family"": ""trending"", ""generator"": ""synthetic-1.0"", ""seed"": 42, ""shock_multiplier"": 1.0}"
58ea0eb8dcb2b86ddf77f207,sample-v1,SKU-0005,DAL,2025-05-06,49.0,False,False,2025-07-21T00:00:00+00:00,valid,"{""expected_uncensored"": 39.1762, ""family"": ""trending"", ""generator"": ""synthetic-1.0"", ""seed"": 42, ""shock_multiplier"": 1.0}"
a8e383854101b5689ee88952,sample-v1,SKU-0005,DAL,2025-05-07,67.0,True,False,2025-07-21T00:00:00+00:00,valid,"{""expected_uncensored"": 66.1886, ""family"": ""trending"", ""generator"": ""synthetic-1.0"", ""seed"": 42, ""shock_multiplier"": 1.0}"
2bc4bc24c84494f345d97633,sample-v1,SKU-0005,DAL,2025-05-08,55.0,True,False,2025-07-21T00:00:00+00:00,valid,"{""expected_uncensored"": 62.5094, ""family"": ""trending"", ""generator"": ""synthetic-1.0"", ""seed"": 42, ""shock_multiplier"": 1.0}"
f01a7a74435d812eee1d56db,sample-v1,SKU-0005,DAL,2025-05-09,42.0,True,False,2025-07-21T00:00:00+00:00,valid,"{""expected_uncensored"": 56.4737, ""family"": ""trending"", ""generator"": ""synthetic-1.0"", ""seed"": 42, ""shock_multiplier"": 1.0}"
aa645dcc960ba37382df03b2,sample-v1,SKU-0005,DAL,2025-05-10,44.0,True,False,2025-07-21T00:00:00+00:00,valid,"{""expected_uncensored"": 52.7468, ""family"": ""trending"", ""generator"": ""synthetic-1.0"", ""seed"": 42, ""shock_multiplier"": 1.0}"
c966327a1c05d684213a2f47,sample-v1,SKU-0005,DAL,2025-05-11,59.0,True,False,2025-07-21T00:00:00+00:00,valid,"{""expected_uncensored"": 54.2757, ""family"": ""trending"", ""generator"": ""synthetic-1.0"", ""seed"": 42, ""shock_multiplier"": 1.0}"
5be1511304903a1142395b00,sample-v1,SKU-0005,DAL,2025-05-12,68.0,True,False,2025-07-21T00:00:00+00:00,valid,"{""expected_uncensored"": 60.0547, ""family"": ""trending"", ""generator"": ""synthetic-1.0"", ""seed"": 42, ""shock_multiplier"": 1.0}"
b4cf5f82a028fd902495f061,sample-v1,SKU-0005,DAL,2025-05-13,61.0,True,False,2025-07-21T00:00:00+00:00,valid,"{""expected_uncensored"": 65.8637, ""family"": ""trending"", ""generator"": ""synthetic-1.0"", ""seed"": 42, ""shock_multiplier"": 1.0}"
d90a7d94b1e81c4f4a7087e0,sample-v1,SKU-0005,DAL,2025-05-14,45.0,False,False,2025-07-21T00:00:00+00:00,valid,"{""expected_uncensored"": 40.8712, ""family"": ""trending"", ""generator"": ""synthetic-1.0"", ""seed"": 42, ""shock_multiplier"": 1.0}"
c61bfc8a0fa716f3007b4fec,sample-v1,SKU-0005,DAL,2025-05-15,47.0,False,False,2025-07-21T00:00:00+00:00,valid,"{""expected_uncensored"": 38.5974, ""family"": ""trending"", ""generator"": ""synthetic-1.0"", ""seed"": 42, ""shock_multiplier"": 1.0}"
d854d0c89f06a6f2d536bd96,sample-v1,SKU-0005,DAL,2025-05-16,51.0,False,False,2025-07-21T00:00:00+00:00,valid,"{""expected_uncensored"": 34.8688, ""family"": ""trending"", ""generator"": ""synthetic-1.0"", ""seed"": 42, ""shock_multiplier"": 1.0}"
5fff09ab43752dc3845dbe3d,sample-v1,SKU-0005,DAL,2025-05-17,32.0,False,False,2025-07-21T00:00:00+00:00,valid,"{""expected_uncensored"": 32.5661, ""family"": ""trending"", ""generator"": ""synthetic-1.0"", ""seed"": 42, ""shock_multiplier"": 1.0}"
24d681ad38f2cc181f7dffdf,sample-v1,SKU-0005,DAL,2025-05-18,39.0,False,False,2025-07-21T00:00:00+00:00,valid,"{""expected_uncensored"": 33.5084, ""family"": ""trending"", ""generator"": ""synthetic-1.0"", ""seed"": 42, ""shock_multiplier"": 1.0}"
ea15a509c489e2e3d56cbf25,sample-v1,SKU-0005,DAL,2025-05-19,40.0,False,False,2025-07-21T00:00:00+00:00,valid,"{""expected_uncensored"": 37.0744, ""family"": ""trending"", ""generator"": ""synthetic-1.0"", ""seed"": 42, ""shock_multiplier"": 1.0}"
6a2ba05f6bb6f3f7a809b983,sample-v1,SKU-0005,DAL,2025-05-20,32.0,False,False,2025-07-21T00:00:00+00:00,valid,"{""expected_uncensored"": 40.6586, ""family"": ""trending"", ""generator"": ""synthetic-1.0"", ""seed"": 42, ""shock_multiplier"": 1.0}"
b5311a573acdc7810851eaeb,sample-v1,SKU-0005,DAL,2025-05-21,34.0,False,False,2025-07-21T00:00:00+00:00,valid,"{""expected_uncensored"": 41.628, ""family"": ""trending"", ""generator"": ""synthetic-1.0"", ""seed"": 42, ""shock_multiplier"": 1.0}"
d08c9548bf7c37a0ee6c64d2,sample-v1,SKU-0005,DAL,2025-05-22,38.0,False,False,2025-07-21T00:00:00+00:00,valid,"{""expected_uncensored"": 39.3102, ""family"": ""trending"", ""generator"": ""synthetic-1.0"", ""seed"": 42, ""shock_multiplier"": 1.0}"
383a616ec29720431866c1b5,sample-v1,SKU-0005,DAL,2025-05-23,24.0,False,False,2025-07-21T00:00:00+00:00,valid,"{""expected_uncensored"": 35.5111, ""family"": ""trending"", ""generator"": ""synthetic-1.0"", ""seed"": 42, ""shock_multiplier"": 1.0}"
665ce0d119bce8354c81d897,sample-v1,SKU-0005,DAL,2025-05-24,33.0,False,False,2025-07-21T00:00:00+00:00,valid,"{""expected_uncensored"": 33.1644, ""family"": ""trending"", ""generator"": ""synthetic-1.0"", ""seed"": 42, ""shock_multiplier"": 1.0}"
af0f21ee30fabf2f19b57ab8,sample-v1,SKU-0005,DAL,2025-05-25,38.0,False,False,2025-07-21T00:00:00+00:00,valid,"{""expected_uncensored"": 34.1224, ""family"": ""trending"", ""generator"": ""synthetic-1.0"", ""seed"": 42, ""shock_multiplier"": 1.0}"
5c21f94b7bf2ba7a354fbbf9,sample-v1,SKU-0005,DAL,2025-05-26,37.0,False,False,2025-07-21T00:00:00+00:00,valid,"{""expected_uncensored"": 37.752, ""family"": ""trending"", ""generator"": ""synthetic-1.0"", ""seed"": 42, ""shock_multiplier"": 1.0}"
a09b4a77e00ca9027fd68d30,sample-v1,SKU-0005,DAL,2025-05-27,43.0,False,False,2025-07-21T00:00:00+00:00,valid,"{""expected_uncensored"": 41.3998, ""family"": ""trending"", ""generator"": ""synthetic-1.0"", ""seed"": 42, ""shock_multiplier"": 1.0}"
f97c3cd113fc731bb3614c57,sample-v1,SKU-0005,DAL,2025-05-28,33.0,False,False,2025-07-21T00:00:00+00:00,valid,"{""expected_uncensored"": 42.3849, ""family"": ""trending"", ""generator"": ""synthetic-1.0"", ""seed"": 42, ""shock_multiplier"": 1.0}"
0d4d3b0118ec4cf70b74c0cb,sample-v1,SKU-0005,DAL,2025-05-29,38.0,False,False,2025-07-21T00:00:00+00:00,valid,"{""expected_uncensored"": 40.0231, ""family"": ""trending"", ""generator"": ""synthetic-1.0"", ""seed"": 42, ""shock_multiplier"": 1.0}"
0a52ca7a668bb10708536aa2,sample-v1,SKU-0005,DAL,2025-05-30,38.0,False,False,2025-07-21T00:00:00+00:00,valid,"{""expected_uncensored"": 36.1534, ""family"": ""trending"", ""generator"": ""synthetic-1.0"", ""seed"": 42, ""shock_multiplier"": 1.0}"
61167bb36e78ed10b9ff0da9,sample-v1,SKU-0005,DAL,2025-05-31,27.0,False,False,2025-07-21T00:00:00+00:00,valid,"{""expected_uncensored"": 33.7627, ""family"": ""trending"", ""generator"": ""synthetic-1.0"", ""seed"": 42, ""shock_multiplier"": 1.0}"
13240d67bf9843b81857331b,sample-v1,SKU-0005,DAL,2025-06-01,39.0,False,False,2025-07-21T00:00:00+00:00,valid,"{""expected_uncensored"": 34.7364, ""family"": ""trending"", ""generator"": ""synthetic-1.0"", ""seed"": 42, ""shock_multiplier"": 1.0}"
01cb65ea15824537a053bc1a,sample-v1,SKU-0005,DAL,2025-06-02,35.0,False,False,2025-07-21T00:00:00+00:00,valid,"{""expected_uncensored"": 38.4296, ""family"": ""trending"", ""generator"": ""synthetic-1.0"", ""seed"": 42, ""shock_multiplier"": 1.0}"
f21b274f33f28c639f8be6d5,sample-v1,SKU-0005,DAL,2025-06-03,46.0,False,False,2025-07-21T00:00:00+00:00,valid,"{""expected_uncensored"": 42.1409, ""family"": ""trending"", ""generator"": ""synthetic-1.0"", ""seed"": 42, ""shock_multiplier"": 1.0}"
f91af8e11af6660298c672f8,sample-v1,SKU-0005,DAL,2025-06-04,56.0,False,False,2025-07-21T00:00:00+00:00,valid,"{""expected_uncensored"": 43.1418, ""family"": ""trending"", ""generator"": ""synthetic-1.0"", ""seed"": 42, ""shock_multiplier"": 1.0}"
42a5bfe7b886ff767811ab00,sample-v1,SKU-0005,DAL,2025-06-05,39.0,False,False,2025-07-21T00:00:00+00:00,valid,"{""expected_uncensored"": 40.736, ""family"": ""trending"", ""generator"": ""synthetic-1.0"", ""seed"": 42, ""shock_multiplier"": 1.0}"
237cd14a1ade4ca69efef797,sample-v1,SKU-0005,DAL,2025-06-06,41.0,False,False,2025-07-21T00:00:00+00:00,valid,"{""expected_uncensored"": 36.7958, ""family"": ""trending"", ""generator"": ""synthetic-1.0"", ""seed"": 42, ""shock_multiplier"": 1.0}"
a55acde62978c62c350d23bc,sample-v1,SKU-0005,DAL,2025-06-07,35.0,False,False,2025-07-21T00:00:00+00:00,valid,"{""expected_uncensored"": 34.361, ""family"": ""trending"", ""generator"": ""synthetic-1.0"", ""seed"": 42, ""shock_multiplier"": 1.0}"
25c1f832c16840eb55457434,sample-v1,SKU-0005,DAL,2025-06-08,32.0,False,False,2025-07-21T00:00:00+00:00,valid,"{""expected_uncensored"": 35.3505, ""family"": ""trending"", ""generator"": ""synthetic-1.0"", ""seed"": 42, ""shock_multiplier"": 1.0}"
3983eb0b8130e39b0e65d3e9,sample-v1,SKU-0005,DAL,2025-06-09,39.0,False,False,2025-07-21T00:00:00+00:00,valid,"{""expected_uncensored"": 39.1072, ""family"": ""trending"", ""generator"": ""synthetic-1.0"", ""seed"": 42, ""shock_multiplier"": 1.0}"
d11589bf7d74162af62bb242,sample-v1,SKU-0005,DAL,2025-06-10,49.0,False,False,2025-07-21T00:00:00+00:00,valid,"{""expected_uncensored"": 42.8821, ""family"": ""trending"", ""generator"": ""synthetic-1.0"", ""seed"": 42, ""shock_multiplier"": 1.0}"
8c983251a6081eb3b672712b,sample-v1,SKU-0005,DAL,2025-06-11,52.0,False,False,2025-07-21T00:00:00+00:00,valid,"{""expected_uncensored"": 43.8987, ""family"": ""trending"", ""generator"": ""synthetic-1.0"", ""seed"": 42, ""shock_multiplier"": 1.0}"
a08cb2bbf67e1bd80e0975d9,sample-v1,SKU-0005,DAL,2025-06-12,33.0,False,False,2025-07-21T00:00:00+00:00,valid,"{""expected_uncensored"": 41.4489, ""family"": ""trending"", ""generator"": ""synthetic-1.0"", ""seed"": 42, ""shock_multiplier"": 1.0}"
d47da29585cdc69fd7201940,sample-v1,SKU-0005,DAL,2025-06-13,46.0,False,False,2025-07-21T00:00:00+00:00,valid,"{""expected_uncensored"": 37.4381, ""family"": ""trending"", ""generator"": ""synthetic-1.0"", ""seed"": 42, ""shock_multiplier"": 1.0}"
6eaa98e7558d0e75f805f69f,sample-v1,SKU-0005,DAL,2025-06-14,33.0,False,False,2025-07-21T00:00:00+00:00,valid,"{""expected_uncensored"": 34.9594, ""family"": ""trending"", ""generator"": ""synthetic-1.0"", ""seed"": 42, ""shock_multiplier"": 1.0}"
4943b67eba77a1aada1c7506,sample-v1,SKU-0005,DAL,2025-06-15,32.0,False,False,2025-07-21T00:00:00+00:00,valid,"{""expected_uncensored"": 35.9645, ""family"": ""trending"", ""generator"": ""synthetic-1.0"", ""seed"": 42, ""shock_multiplier"": 1.0}"
2cceaf8f119f80db918267a4,sample-v1,SKU-0005,DAL,2025-06-16,39.0,False,False,2025-07-21T00:00:00+00:00,valid,"{""expected_uncensored"": 39.7848, ""family"": ""trending"", ""generator"": ""synthetic-1.0"", ""seed"": 42, ""shock_multiplier"": 1.0}"
f35b50781b7c2a8730803631,sample-v1,SKU-0005,DAL,2025-06-17,35.0,False,False,2025-07-21T00:00:00+00:00,valid,"{""expected_uncensored"": 43.6233, ""family"": ""trending"", ""generator"": ""synthetic-1.0"", ""seed"": 42, ""shock_multiplier"": 1.0}"
647bcd5877f481be0b6be7bc,sample-v1,SKU-0005,DAL,2025-06-18,45.0,False,False,2025-07-21T00:00:00+00:00,valid,"{""expected_uncensored"": 44.6555, ""family"": ""trending"", ""generator"": ""synthetic-1.0"", ""seed"": 42, ""shock_multiplier"": 1.0}"
1859295d7cee1824797a2541,sample-v1,SKU-0005,DAL,2025-06-19,38.0,False,False,2025-07-21T00:00:00+00:00,valid,"{""expected_uncensored"": 42.1618, ""family"": ""trending"", ""generator"": ""synthetic-1.0"", ""seed"": 42, ""shock_multiplier"": 1.0}"
21dd51a2923087f2c9d1664a,sample-v1,SKU-0005,DAL,2025-06-20,35.0,False,False,2025-07-21T00:00:00+00:00,valid,"{""expected_uncensored"": 38.0804, ""family"": ""trending"", ""generator"": ""synthetic-1.0"", ""seed"": 42, ""shock_multiplier"": 1.0}"
cbad79cd38b03ce289660771,sample-v1,SKU-0005,DAL,2025-06-21,51.0,False,False,2025-07-21T00:00:00+00:00,valid,"{""expected_uncensored"": 35.5577, ""family"": ""trending"", ""generator"": ""synthetic-1.0"", ""seed"": 42, ""shock_multiplier"": 1.0}"
e96b8f3e76dffdf2d8bc2dbd,sample-v1,SKU-0005,DAL,2025-06-22,27.0,False,False,2025-07-21T00:00:00+00:00,valid,"{""expected_uncensored"": 36.5785, ""family"": ""trending"", ""generator"": ""synthetic-1.0"", ""seed"": 42, ""shock_multiplier"": 1.0}"
d522baaa8fb4181400f5b778,sample-v1,SKU-0005,DAL,2025-06-23,38.0,False,False,2025-07-21T00:00:00+00:00,valid,"{""expected_uncensored"": 40.4624, ""family"": ""trending"", ""generator"": ""synthetic-1.0"", ""seed"": 42, ""shock_multiplier"": 1.0}"
0dbe2cb3a8784f5eea139065,sample-v1,SKU-0005,DAL,2025-06-24,38.0,False,False,2025-07-21T00:00:00+00:00,valid,"{""expected_uncensored"": 44.3645, ""family"": ""trending"", ""generator"": ""synthetic-1.0"", ""seed"": 42, ""shock_multiplier"": 1.0}"
210c10075b1cd7d93e01b7a6,sample-v1,SKU-0005,DAL,2025-06-25,35.0,False,False,2025-07-21T00:00:00+00:00,valid,"{""expected_uncensored"": 45.4124, ""family"": ""trending"", ""generator"": ""synthetic-1.0"", ""seed"": 42, ""shock_multiplier"": 1.0}"
2f9a575f926e1a52e4011870,sample-v1,SKU-0005,DAL,2025-06-26,39.0,False,False,2025-07-21T00:00:00+00:00,valid,"{""expected_uncensored"": 42.8746, ""family"": ""trending"", ""generator"": ""synthetic-1.0"", ""seed"": 42, ""shock_multiplier"": 1.0}"
2846fafbf77cc0f0132ccea0,sample-v1,SKU-0005,DAL,2025-06-27,30.0,False,False,2025-07-21T00:00:00+00:00,valid,"{""expected_uncensored"": 38.7227, ""family"": ""trending"", ""generator"": ""synthetic-1.0"", ""seed"": 42, ""shock_multiplier"": 1.0}"
888c3afe87d4cede85fcf9ef,sample-v1,SKU-0005,DAL,2025-06-28,51.0,False,False,2025-07-21T00:00:00+00:00,valid,"{""expected_uncensored"": 36.156, ""family"": ""trending"", ""generator"": ""synthetic-1.0"", ""seed"": 42, ""shock_multiplier"": 1.0}"
1188972fb77bd23799ad0295,sample-v1,SKU-0005,DAL,2025-06-29,29.0,False,False,2025-07-21T00:00:00+00:00,valid,"{""expected_uncensored"": 37.1925, ""family"": ""trending"", ""generator"": ""synthetic-1.0"", ""seed"": 42, ""shock_multiplier"": 1.0}"
bec43dbee3558d1d403253c4,sample-v1,SKU-0005,DAL,2025-06-30,42.0,False,False,2025-07-21T00:00:00+00:00,valid,"{""expected_uncensored"": 41.14, ""family"": ""trending"", ""generator"": ""synthetic-1.0"", ""seed"": 42, ""shock_multiplier"": 1.0}"
87461229ccd56aa3078d73c3,sample-v1,SKU-0005,DAL,2025-07-01,52.0,False,False,2025-07-21T00:00:00+00:00,valid,"{""expected_uncensored"": 45.1056, ""family"": ""trending"", ""generator"": ""synthetic-1.0"", ""seed"": 42, ""shock_multiplier"": 1.0}"
d522eff3754acac30653f4ef,sample-v1,SKU-0005,DAL,2025-07-02,46.0,False,False,2025-07-21T00:00:00+00:00,valid,"{""expected_uncensored"": 46.1693, ""family"": ""trending"", ""generator"": ""synthetic-1.0"", ""seed"": 42, ""shock_multiplier"": 1.0}"
ce6c5eca5f5dde2becb3bc17,sample-v1,SKU-0005,DAL,2025-07-03,42.0,False,False,2025-07-21T00:00:00+00:00,valid,"{""expected_uncensored"": 43.5875, ""family"": ""trending"", ""generator"": ""synthetic-1.0"", ""seed"": 42, ""shock_multiplier"": 1.0}"
fe17c15c798e2ac410f1dabd,sample-v1,SKU-0005,DAL,2025-07-04,37.0,False,False,2025-07-21T00:00:00+00:00,valid,"{""expected_uncensored"": 39.365, ""family"": ""trending"", ""generator"": ""synthetic-1.0"", ""seed"": 42, ""shock_multiplier"": 1.0}"
17938403d1c1d9b41d9fa4e2,sample-v1,SKU-0005,DAL,2025-07-05,32.0,False,False,2025-07-21T00:00:00+00:00,valid,"{""expected_uncensored"": 36.7544, ""family"": ""trending"", ""generator"": ""synthetic-1.0"", ""seed"": 42, ""shock_multiplier"": 1.0}"
a027a525e34706d12d2b2977,sample-v1,SKU-0005,DAL,2025-07-06,32.0,False,False,2025-07-21T00:00:00+00:00,valid,"{""expected_uncensored"": 37.8066, ""family"": ""trending"", ""generator"": ""synthetic-1.0"", ""seed"": 42, ""shock_multiplier"": 1.0}"
6adfc446f4ba512680f1f046,sample-v1,SKU-0005,DAL,2025-07-07,35.0,False,False,2025-07-21T00:00:00+00:00,valid,"{""expected_uncensored"": 41.8176, ""family"": ""trending"", ""generator"": ""synthetic-1.0"", ""seed"": 42, ""shock_multiplier"": 1.0}"
11a0b870485a1a3c96c46ffe,sample-v1,SKU-0005,DAL,2025-07-08,40.0,False,False,2025-07-21T00:00:00+00:00,valid,"{""expected_uncensored"": 45.8468, ""family"": ""trending"", ""generator"": ""synthetic-1.0"", ""seed"": 42, ""shock_multiplier"": 1.0}"
f2ad21effdae6be27370e7bf,sample-v1,SKU-0005,DAL,2025-07-09,85.0,True,False,2025-07-21T00:00:00+00:00,valid,"{""expected_uncensored"": 77.4281, ""family"": ""trending"", ""generator"": ""synthetic-1.0"", ""seed"": 42, ""shock_multiplier"": 1.0}"
cb0efd6f5b13bc0a87cf7c33,sample-v1,SKU-0005,DAL,2025-07-10,71.0,True,False,2025-07-21T00:00:00+00:00,valid,"{""expected_uncensored"": 73.0957, ""family"": ""trending"", ""generator"": ""synthetic-1.0"", ""seed"": 42, ""shock_multiplier"": 1.0}"
8c1ab1939c6cd6d333df1e83,sample-v1,SKU-0005,DAL,2025-07-11,55.0,True,False,2025-07-21T00:00:00+00:00,valid,"{""expected_uncensored"": 66.0121, ""family"": ""trending"", ""generator"": ""synthetic-1.0"", ""seed"": 42, ""shock_multiplier"": 1.0}"
2bbb803f4801ddb59536c263,sample-v1,SKU-0005,DAL,2025-07-12,64.0,True,False,2025-07-21T00:00:00+00:00,valid,"{""expected_uncensored"": 61.6319, ""family"": ""trending"", ""generator"": ""synthetic-1.0"", ""seed"": 42, ""shock_multiplier"": 1.0}"
a00333a56e8039adbebdcda4,sample-v1,SKU-0005,DAL,2025-07-13,74.0,True,False,2025-07-21T00:00:00+00:00,valid,"{""expected_uncensored"": 63.394, ""family"": ""trending"", ""generator"": ""synthetic-1.0"", ""seed"": 42, ""shock_multiplier"": 1.0}"
34fd78fd09e29c144c10523e,sample-v1,SKU-0005,DAL,2025-07-14,81.0,True,False,2025-07-21T00:00:00+00:00,valid,"{""expected_uncensored"": 70.1171, ""family"": ""trending"", ""generator"": ""synthetic-1.0"", ""seed"": 42, ""shock_multiplier"": 1.0}"
285830bdf7201c05f16ea30f,sample-v1,SKU-0005,DAL,2025-07-15,86.0,True,False,2025-07-21T00:00:00+00:00,valid,"{""expected_uncensored"": 76.8702, ""family"": ""trending"", ""generator"": ""synthetic-1.0"", ""seed"": 42, ""shock_multiplier"": 1.0}"
ce2a5e0722d5f7893f829d87,sample-v1,SKU-0005,DAL,2025-07-16,44.0,False,False,2025-07-21T00:00:00+00:00,valid,"{""expected_uncensored"": 47.683, ""family"": ""trending"", ""generator"": ""synthetic-1.0"", ""seed"": 42, ""shock_multiplier"": 1.0}"
3f20b0df764942e76fd6b0af,sample-v1,SKU-0005,DAL,2025-07-17,49.0,False,False,2025-07-21T00:00:00+00:00,valid,"{""expected_uncensored"": 45.0133, ""family"": ""trending"", ""generator"": ""synthetic-1.0"", ""seed"": 42, ""shock_multiplier"": 1.0}"
a858d148ee93babdfb3091e3,sample-v1,SKU-0005,DAL,2025-07-18,47.0,False,False,2025-07-21T00:00:00+00:00,valid,"{""expected_uncensored"": 40.6497, ""family"": ""trending"", ""generator"": ""synthetic-1.0"", ""seed"": 42, ""shock_multiplier"": 1.0}"
aeb6c5fcbd5e9ee46f87a8e3,sample-v1,SKU-0005,DAL,2025-07-19,32.0,False,False,2025-07-21T00:00:00+00:00,valid,"{""expected_uncensored"": 37.951, ""family"": ""trending"", ""generator"": ""synthetic-1.0"", ""seed"": 42, ""shock_multiplier"": 1.0}"
a06bcaa4e5f2c856f9935817,sample-v1,SKU-0005,DAL,2025-07-20,37.0,False,False,2025-07-21T00:00:00+00:00,valid,"{""expected_uncensored"": 39.0346, ""family"": ""trending"", ""generator"": ""synthetic-1.0"", ""seed"": 42, ""shock_multiplier"": 1.0}"
50ec170a7fda4d9ac928bafd,sample-v1,SKU-0005,SEA,2025-01-06,63.0,True,False,2025-07-21T00:00:00+00:00,valid,"{""expected_uncensored"": 51.48, ""family"": ""trending"", ""generator"": ""synthetic-1.0"", ""seed"": 42, ""shock_multiplier"": 1.0}"
61340035d1136dc16c8e0e61,sample-v1,SKU-0005,SEA,2025-01-07,47.0,True,False,2025-07-21T00:00:00+00:00,valid,"{""expected_uncensored"": 56.5351, ""family"": ""trending"", ""generator"": ""synthetic-1.0"", ""seed"": 42, ""shock_multiplier"": 1.0}"
dfd1bdd73d88ba97e9d5d36e,sample-v1,SKU-0005,SEA,2025-01-08,39.0,False,False,2025-07-21T00:00:00+00:00,valid,"{""expected_uncensored"": 35.1289, ""family"": ""trending"", ""generator"": ""synthetic-1.0"", ""seed"": 42, ""shock_multiplier"": 1.0}"
26e80ded48c7eb9fd37315d9,sample-v1,SKU-0005,SEA,2025-01-09,30.0,False,False,2025-07-21T00:00:00+00:00,valid,"{""expected_uncensored"": 33.2184, ""family"": ""trending"", ""generator"": ""synthetic-1.0"", ""seed"": 42, ""shock_multiplier"": 1.0}"
0466c4f3f1388acd710f7ab2,sample-v1,SKU-0005,SEA,2025-01-10,37.0,False,False,2025-07-21T00:00:00+00:00,valid,"{""expected_uncensored"": 30.0487, ""family"": ""trending"", ""generator"": ""synthetic-1.0"", ""seed"": 42, ""shock_multiplier"": 1.0}"
07bcd79fc1ee3fb71709c76c,sample-v1,SKU-0005,SEA,2025-01-11,33.0,False,False,2025-07-21T00:00:00+00:00,valid,"{""expected_uncensored"": 28.1009, ""family"": ""trending"", ""generator"": ""synthetic-1.0"", ""seed"": 42, ""shock_multiplier"": 1.0}"
4039179f28785429c7889bab,sample-v1,SKU-0005,SEA,2025-01-12,21.0,False,False,2025-07-21T00:00:00+00:00,valid,"{""expected_uncensored"": 28.9514, ""family"": ""trending"", ""generator"": ""synthetic-1.0"", ""seed"": 42, ""shock_multiplier"": 1.0}"
0c387b922fd7ec6848054c16,sample-v1,SKU-0005,SEA,2025-01-13,40.0,False,False,2025-07-21T00:00:00+00:00,valid,"{""expected_uncensored"": 32.0736, ""family"": ""trending"", ""generator"": ""synthetic-1.0"", ""seed"": 42, ""shock_multiplier"": 1.0}"
b1eb54e37b8c59ed3ccbc94a,sample-v1,SKU-0005,SEA,2025-01-14,41.0,False,False,2025-07-21T00:00:00+00:00,valid,"{""expected_uncensored"": 35.2192, ""family"": ""trending"", ""generator"": ""synthetic-1.0"", ""seed"": 42, ""shock_multiplier"": 1.0}"
566fd6071a24a2199db3849a,sample-v1,SKU-0005,SEA,2025-01-15,35.0,False,False,2025-07-21T00:00:00+00:00,valid,"{""expected_uncensored"": 36.1047, ""family"": ""trending"", ""generator"": ""synthetic-1.0"", ""seed"": 42, ""shock_multiplier"": 1.0}"
d67be5561c750940230e336f,sample-v1,SKU-0005,SEA,2025-01-16,34.0,False,False,2025-07-21T00:00:00+00:00,valid,"{""expected_uncensored"": 34.1374, ""family"": ""trending"", ""generator"": ""synthetic-1.0"", ""seed"": 42, ""shock_multiplier"": 1.0}"
a3e186bb316e4de58809a269,sample-v1,SKU-0005,SEA,2025-01-17,39.0,False,False,2025-07-21T00:00:00+00:00,valid,"{""expected_uncensored"": 30.8769, ""family"": ""trending"", ""generator"": ""synthetic-1.0"", ""seed"": 42, ""shock_multiplier"": 1.0}"
ecbc73324f0f15f6ead2d11a,sample-v1,SKU-0005,SEA,2025-01-18,26.0,False,False,2025-07-21T00:00:00+00:00,valid,"{""expected_uncensored"": 28.8723, ""family"": ""trending"", ""generator"": ""synthetic-1.0"", ""seed"": 42, ""shock_multiplier"": 1.0}"
0c87dbd79b5beecbf0eadf15,sample-v1,SKU-0005,SEA,2025-01-19,36.0,False,False,2025-07-21T00:00:00+00:00,valid,"{""expected_uncensored"": 29.743, ""family"": ""trending"", ""generator"": ""synthetic-1.0"", ""seed"": 42, ""shock_multiplier"": 1.0}"
420a50fab403a7884754ace8,sample-v1,SKU-0005,SEA,2025-01-20,33.0,False,False,2025-07-21T00:00:00+00:00,valid,"{""expected_uncensored"": 32.9472, ""family"": ""trending"", ""generator"": ""synthetic-1.0"", ""seed"": 42, ""shock_multiplier"": 1.0}"
08e7407362427ca9d8605e18,sample-v1,SKU-0005,SEA,2025-01-21,45.0,False,False,2025-07-21T00:00:00+00:00,valid,"{""expected_uncensored"": 36.1748, ""family"": ""trending"", ""generator"": ""synthetic-1.0"", ""seed"": 42, ""shock_multiplier"": 1.0}"
1433e3e62a1e341df8ecd0c6,sample-v1,SKU-0005,SEA,2025-01-22,38.0,False,False,2025-07-21T00:00:00+00:00,valid,"{""expected_uncensored"": 37.0805, ""family"": ""trending"", ""generator"": ""synthetic-1.0"", ""seed"": 42, ""shock_multiplier"": 1.0}"
6278c8042408c349b24531e8,sample-v1,SKU-0005,SEA,2025-01-23,41.0,False,False,2025-07-21T00:00:00+00:00,valid,"{""expected_uncensored"": 35.0565, ""family"": ""trending"", ""generator"": ""synthetic-1.0"", ""seed"": 42, ""shock_multiplier"": 1.0}"
22971ffddd0a7d8dad3191b7,sample-v1,SKU-0005,SEA,2025-01-24,30.0,False,False,2025-07-21T00:00:00+00:00,valid,"{""expected_uncensored"": 31.705, ""family"": ""trending"", ""generator"": ""synthetic-1.0"", ""seed"": 42, ""shock_multiplier"": 1.0}"
acc79df55905043cffe46034,sample-v1,SKU-0005,SEA,2025-01-25,31.0,False,False,2025-07-21T00:00:00+00:00,valid,"{""expected_uncensored"": 29.6437, ""family"": ""trending"", ""generator"": ""synthetic-1.0"", ""seed"": 42, ""shock_multiplier"": 1.0}"
755cec59febb5f1c8acd15b9,sample-v1,SKU-0005,SEA,2025-01-26,39.0,False,False,2025-07-21T00:00:00+00:00,valid,"{""expected_uncensored"": 30.5346, ""family"": ""trending"", ""generator"": ""synthetic-1.0"", ""seed"": 42, ""shock_multiplier"": 1.0}"
b95cab79e1e50828ca09f184,sample-v1,SKU-0005,SEA,2025-01-27,35.0,False,False,2025-07-21T00:00:00+00:00,valid,"{""expected_uncensored"": 33.8208, ""family"": ""trending"", ""generator"": ""synthetic-1.0"", ""seed"": 42, ""shock_multiplier"": 1.0}"
099d965ddabc5da020dfdaf5,sample-v1,SKU-0005,SEA,2025-01-28,44.0,False,False,2025-07-21T00:00:00+00:00,valid,"{""expected_uncensored"": 37.1304, ""family"": ""trending"", ""generator"": ""synthetic-1.0"", ""seed"": 42, ""shock_multiplier"": 1.0}"
1d0cef3b59f2b2f37aaa4800,sample-v1,SKU-0005,SEA,2025-01-29,44.0,False,False,2025-07-21T00:00:00+00:00,valid,"{""expected_uncensored"": 38.0563, ""family"": ""trending"", ""generator"": ""synthetic-1.0"", ""seed"": 42, ""shock_multiplier"": 1.0}"
5655d0f0303cf919c8db7221,sample-v1,SKU-0005,SEA,2025-01-30,34.0,False,False,2025-07-21T00:00:00+00:00,valid,"{""expected_uncensored"": 35.9756, ""family"": ""trending"", ""generator"": ""synthetic-1.0"", ""seed"": 42, ""shock_multiplier"": 1.0}"
3302e68c03aac2b9dde01713,sample-v1,SKU-0005,SEA,2025-01-31,26.0,False,False,2025-07-21T00:00:00+00:00,valid,"{""expected_uncensored"": 32.5331, ""family"": ""trending"", ""generator"": ""synthetic-1.0"", ""seed"": 42, ""shock_multiplier"": 1.0}"
f849ca11f2a80b3ebd756bcf,sample-v1,SKU-0005,SEA,2025-02-01,33.0,False,False,2025-07-21T00:00:00+00:00,valid,"{""expected_uncensored"": 30.4151, ""family"": ""trending"", ""generator"": ""synthetic-1.0"", ""seed"": 42, ""shock_multiplier"": 1.0}"
152e3a745c2b9cd42ea003eb,sample-v1,SKU-0005,SEA,2025-02-02,35.0,False,False,2025-07-21T00:00:00+00:00,valid,"{""expected_uncensored"": 31.3263, ""family"": ""trending"", ""generator"": ""synthetic-1.0"", ""seed"": 42, ""shock_multiplier"": 1.0}"
a44c0d0d10592d571a1f82d4,sample-v1,SKU-0005,SEA,2025-02-03,38.0,False,False,2025-07-21T00:00:00+00:00,valid,"{""expected_uncensored"": 34.6944, ""family"": ""trending"", ""generator"": ""synthetic-1.0"", ""seed"": 42, ""shock_multiplier"": 1.0}"
2eb7cea91543e4f16df3930a,sample-v1,SKU-0005,SEA,2025-02-04,47.0,False,False,2025-07-21T00:00:00+00:00,valid,"{""expected_uncensored"": 38.0859, ""family"": ""trending"", ""generator"": ""synthetic-1.0"", ""seed"": 42, ""shock_multiplier"": 1.0}"
eaffe578468e2229a1e826ca,sample-v1,SKU-0005,SEA,2025-02-05,38.0,False,False,2025-07-21T00:00:00+00:00,valid,"{""expected_uncensored"": 39.0321, ""family"": ""trending"", ""generator"": ""synthetic-1.0"", ""seed"": 42, ""shock_multiplier"": 1.0}"
7963dff82226fa1dd83d8b6c,sample-v1,SKU-0005,SEA,2025-02-06,29.0,False,False,2025-07-21T00:00:00+00:00,valid,"{""expected_uncensored"": 36.8947, ""family"": ""trending"", ""generator"": ""synthetic-1.0"", ""seed"": 42, ""shock_multiplier"": 1.0}"
bbdf6ab3530246b4478b13d0,sample-v1,SKU-0005,SEA,2025-02-07,35.0,False,False,2025-07-21T00:00:00+00:00,valid,"{""expected_uncensored"": 33.3612, ""family"": ""trending"", ""generator"": ""synthetic-1.0"", ""seed"": 42, ""shock_multiplier"": 1.0}"
74868f85a235045a05d07b1c,sample-v1,SKU-0005,SEA,2025-02-08,25.0,False,False,2025-07-21T00:00:00+00:00,valid,"{""expected_uncensored"": 31.1865, ""family"": ""trending"", ""generator"": ""synthetic-1.0"", ""seed"": 42, ""shock_multiplier"": 1.0}"
7770d105c7444ec17e5d64bd,sample-v1,SKU-0005,SEA,2025-02-09,37.0,False,False,2025-07-21T00:00:00+00:00,valid,"{""expected_uncensored"": 32.1179, ""family"": ""trending"", ""generator"": ""synthetic-1.0"", ""seed"": 42, ""shock_multiplier"": 1.0}"
245a563ba33e4f00d98d9192,sample-v1,SKU-0005,SEA,2025-02-10,40.0,False,False,2025-07-21T00:00:00+00:00,valid,"{""expected_uncensored"": 35.568, ""family"": ""trending"", ""generator"": ""synthetic-1.0"", ""seed"": 42, ""shock_multiplier"": 1.0}"
60223d573364de1d53ec5759,sample-v1,SKU-0005,SEA,2025-02-11,48.0,False,False,2025-07-21T00:00:00+00:00,valid,"{""expected_uncensored"": 39.0415, ""family"": ""trending"", ""generator"": ""synthetic-1.0"", ""seed"": 42, ""shock_multiplier"": 1.0}"
e51ca7b47c32570cbdce8b7e,sample-v1,SKU-0005,SEA,2025-02-12,45.0,False,False,2025-07-21T00:00:00+00:00,valid,"{""expected_uncensored"": 40.0079, ""family"": ""trending"", ""generator"": ""synthetic-1.0"", ""seed"": 42, ""shock_multiplier"": 1.0}"
c369cce7806ad24a577216c7,sample-v1,SKU-0005,SEA,2025-02-13,37.0,False,False,2025-07-21T00:00:00+00:00,valid,"{""expected_uncensored"": 37.8138, ""family"": ""trending"", ""generator"": ""synthetic-1.0"", ""seed"": 42, ""shock_multiplier"": 1.0}"
b4b5472798cfcb0b67f359eb,sample-v1,SKU-0005,SEA,2025-02-14,32.0,False,False,2025-07-21T00:00:00+00:00,valid,"{""expected_uncensored"": 34.1893, ""family"": ""trending"", ""generator"": ""synthetic-1.0"", ""seed"": 42, ""shock_multiplier"": 1.0}"
1bd7d45749fe65733a5c7ce3,sample-v1,SKU-0005,SEA,2025-02-15,42.0,False,False,2025-07-21T00:00:00+00:00,valid,"{""expected_uncensored"": 31.9578, ""family"": ""trending"", ""generator"": ""synthetic-1.0"", ""seed"": 42, ""shock_multiplier"": 1.0}"
5019676556b0504009be96f5,sample-v1,SKU-0005,SEA,2025-02-16,38.0,False,False,2025-07-21T00:00:00+00:00,valid,"{""expected_uncensored"": 32.9096, ""family"": ""trending"", ""generator"": ""synthetic-1.0"", ""seed"": 42, ""shock_multiplier"": 1.0}"
4ea69ef52219b0d7a14b7806,sample-v1,SKU-0005,SEA,2025-02-17,43.0,False,False,2025-07-21T00:00:00+00:00,valid,"{""expected_uncensored"": 36.4416, ""family"": ""trending"", ""generator"": ""synthetic-1.0"", ""seed"": 42, ""shock_multiplier"": 1.0}"
90211a6e89343da49c082479,sample-v1,SKU-0005,SEA,2025-02-18,36.0,False,False,2025-07-21T00:00:00+00:00,valid,"{""expected_uncensored"": 39.9971, ""family"": ""trending"", ""generator"": ""synthetic-1.0"", ""seed"": 42, ""shock_multiplier"": 1.0}"
c61efac381ef677c449b1f7a,sample-v1,SKU-0005,SEA,2025-02-19,33.0,False,False,2025-07-21T00:00:00+00:00,valid,"{""expected_uncensored"": 40.9838, ""family"": ""trending"", ""generator"": ""synthetic-1.0"", ""seed"": 42, ""shock_multiplier"": 1.0}"
89a35fa341fa9a1bab04acc8,sample-v1,SKU-0005,SEA,2025-02-20,45.0,False,False,2025-07-21T00:00:00+00:00,valid,"{""expected_uncensored"": 38.7329, ""family"": ""trending"", ""generator"": ""synthetic-1.0"", ""seed"": 42, ""shock_multiplier"": 1.0}"
fac4253ae20ec55a82152c08,sample-v1,SKU-0005,SEA,2025-02-21,26.0,False,False,2025-07-21T00:00:00+00:00,valid,"{""expected_uncensored"": 35.0174, ""family"": ""trending"", ""generator"": ""synthetic-1.0"", ""seed"": 42, ""shock_multiplier"": 1.0}"
f3711a108e24086e96d0c324,sample-v1,SKU-0005,SEA,2025-02-22,29.0,False,False,2025-07-21T00:00:00+00:00,valid,"{""expected_uncensored"": 32.7292, ""family"": ""trending"", ""generator"": ""synthetic-1.0"", ""seed"": 42, ""shock_multiplier"": 1.0}"
e5aca7b69ab8082773e4ee05,sample-v1,SKU-0005,SEA,2025-02-23,36.0,False,False,2025-07-21T00:00:00+00:00,valid,"{""expected_uncensored"": 33.7012, ""family"": ""trending"", ""generator"": ""synthetic-1.0"", ""seed"": 42, ""shock_multiplier"": 1.0}"
4a7b05271e10e57acbfcabf6,sample-v1,SKU-0005,SEA,2025-02-24,41.0,False,False,2025-07-21T00:00:00+00:00,valid,"{""expected_uncensored"": 37.3152, ""family"": ""trending"", ""generator"": ""synthetic-1.0"", ""seed"": 42, ""shock_multiplier"": 1.0}"
e89e8d142759fdb3caffbf8d,sample-v1,SKU-0005,SEA,2025-02-25,35.0,False,False,2025-07-21T00:00:00+00:00,valid,"{""expected_uncensored"": 40.9526, ""family"": ""trending"", ""generator"": ""synthetic-1.0"", ""seed"": 42, ""shock_multiplier"": 1.0}"
e684890ad32902bf2d9db397,sample-v1,SKU-0005,SEA,2025-02-26,59.0,False,False,2025-07-21T00:00:00+00:00,valid,"{""expected_uncensored"": 41.9596, ""family"": ""trending"", ""generator"": ""synthetic-1.0"", ""seed"": 42, ""shock_multiplier"": 1.0}"
1a0053b233e73b0dbf2d1d78,sample-v1,SKU-0005,SEA,2025-02-27,39.0,False,False,2025-07-21T00:00:00+00:00,valid,"{""expected_uncensored"": 39.6519, ""family"": ""trending"", ""generator"": ""synthetic-1.0"", ""seed"": 42, ""shock_multiplier"": 1.0}"
cb945e54a0543efcc6375113,sample-v1,SKU-0005,SEA,2025-02-28,34.0,False,False,2025-07-21T00:00:00+00:00,valid,"{""expected_uncensored"": 35.8456, ""family"": ""trending"", ""generator"": ""synthetic-1.0"", ""seed"": 42, ""shock_multiplier"": 1.0}"
3fd48804c3c3309eb45b6e91,sample-v1,SKU-0005,SEA,2025-03-01,36.0,False,False,2025-07-21T00:00:00+00:00,valid,"{""expected_uncensored"": 33.5006, ""family"": ""trending"", ""generator"": ""synthetic-1.0"", ""seed"": 42, ""shock_multiplier"": 1.0}"
735648fd73387468e2d2b9f4,sample-v1,SKU-0005,SEA,2025-03-02,34.0,False,False,2025-07-21T00:00:00+00:00,valid,"{""expected_uncensored"": 34.4928, ""family"": ""trending"", ""generator"": ""synthetic-1.0"", ""seed"": 42, ""shock_multiplier"": 1.0}"
4bf751da49303b9005f78c43,sample-v1,SKU-0005,SEA,2025-03-03,49.0,False,False,2025-07-21T00:00:00+00:00,valid,"{""expected_uncensored"": 38.1888, ""family"": ""trending"", ""generator"": ""synthetic-1.0"", ""seed"": 42, ""shock_multiplier"": 1.0}"
bbb2e0f6110883b64b42bbda,sample-v1,SKU-0005,SEA,2025-03-04,34.0,False,False,2025-07-21T00:00:00+00:00,valid,"{""expected_uncensored"": 41.9082, ""family"": ""trending"", ""generator"": ""synthetic-1.0"", ""seed"": 42, ""shock_multiplier"": 1.0}"
0e1b07b564ae97d598cad962,sample-v1,SKU-0005,SEA,2025-03-05,78.0,True,False,2025-07-21T00:00:00+00:00,valid,"{""expected_uncensored"": 70.8433, ""family"": ""trending"", ""generator"": ""synthetic-1.0"", ""seed"": 42, ""shock_multiplier"": 1.0}"
783abdccb51fda8b3788892d,sample-v1,SKU-0005,SEA,2025-03-06,63.0,True,False,2025-07-21T00:00:00+00:00,valid,"{""expected_uncensored"": 66.9422, ""family"": ""trending"", ""generator"": ""synthetic-1.0"", ""seed"": 42, ""shock_multiplier"": 1.0}"
9ea11e46d4cf7b863f9118d5,sample-v1,SKU-0005,SEA,2025-03-07,62.0,True,False,2025-07-21T00:00:00+00:00,valid,"{""expected_uncensored"": 60.5116, ""family"": ""trending"", ""generator"": ""synthetic-1.0"", ""seed"": 42, ""shock_multiplier"": 1.0}"
2e89b49013febf97a19968ce,sample-v1,SKU-0005,SEA,2025-03-08,72.0,True,False,2025-07-21T00:00:00+00:00,valid,"{""expected_uncensored"": 56.5489, ""family"": ""trending"", ""generator"": ""synthetic-1.0"", ""seed"": 42, ""shock_multiplier"": 1.0}"
9261490b52ae3a2f9c2f62f8,sample-v1,SKU-0005,SEA,2025-03-09,68.0,True,False,2025-07-21T00:00:00+00:00,valid,"{""expected_uncensored"": 58.2194, ""family"": ""trending"", ""generator"": ""synthetic-1.0"", ""seed"": 42, ""shock_multiplier"": 1.0}"
368aa485b7693e3b644a00c0,sample-v1,SKU-0005,SEA,2025-03-10,48.0,True,False,2025-07-21T00:00:00+00:00,valid,"{""expected_uncensored"": 64.453, ""family"": ""trending"", ""generator"": ""synthetic-1.0"", ""seed"": 42, ""shock_multiplier"": 1.0}"
76eb3582d236f269f86138f6,sample-v1,SKU-0005,SEA,2025-03-11,62.0,True,False,2025-07-21T00:00:00+00:00,valid,"{""expected_uncensored"": 70.7252, ""family"": ""trending"", ""generator"": ""synthetic-1.0"", ""seed"": 42, ""shock_multiplier"": 1.0}"
533052b7265bc10812f427ad,sample-v1,SKU-0005,SEA,2025-03-12,58.0,False,False,2025-07-21T00:00:00+00:00,valid,"{""expected_uncensored"": 43.9112, ""family"": ""trending"", ""generator"": ""synthetic-1.0"", ""seed"": 42, ""shock_multiplier"": 1.0}"
1c67583441be65647cf15f2a,sample-v1,SKU-0005,SEA,2025-03-13,53.0,False,False,2025-07-21T00:00:00+00:00,valid,"{""expected_uncensored"": 41.4901, ""family"": ""trending"", ""generator"": ""synthetic-1.0"", ""seed"": 42, ""shock_multiplier"": 1.0}"
b0f4ab3607dafec86f088669,sample-v1,SKU-0005,SEA,2025-03-14,33.0,False,False,2025-07-21T00:00:00+00:00,valid,"{""expected_uncensored"": 37.5018, ""family"": ""trending"", ""generator"": ""synthetic-1.0"", ""seed"": 42, ""shock_multiplier"": 1.0}"
cf3a23bb1e2cd5bb75ba0c51,sample-v1,SKU-0005,SEA,2025-03-15,27.0,False,False,2025-07-21T00:00:00+00:00,valid,"{""expected_uncensored"": 35.0434, ""family"": ""trending"", ""generator"": ""synthetic-1.0"", ""seed"": 42, ""shock_multiplier"": 1.0}"
58a7ed12402e58621b9d5e36,sample-v1,SKU-0005,SEA,2025-03-16,40.0,False,False,2025-07-21T00:00:00+00:00,valid,"{""expected_uncensored"": 36.0761, ""family"": ""trending"", ""generator"": ""synthetic-1.0"", ""seed"": 42, ""shock_multiplier"": 1.0}"
94dcc87777e5d12d966cd66c,sample-v1,SKU-0005,SEA,2025-03-17,41.0,False,False,2025-07-21T00:00:00+00:00,valid,"{""expected_uncensored"": 39.936, ""family"": ""trending"", ""generator"": ""synthetic-1.0"", ""seed"": 42, ""shock_multiplier"": 1.0}"
2608ae6c32f99d4e68e8609b,sample-v1,SKU-0005,SEA,2025-03-18,39.0,False,False,2025-07-21T00:00:00+00:00,valid,"{""expected_uncensored"": 43.8193, ""family"": ""trending"", ""generator"": ""synthetic-1.0"", ""seed"": 42, ""shock_multiplier"": 1.0}"
6cbe254cad94a88a9e63de1b,sample-v1,SKU-0005,SEA,2025-03-19,50.0,False,False,2025-07-21T00:00:00+00:00,valid,"{""expected_uncensored"": 44.887, ""family"": ""trending"", ""generator"": ""synthetic-1.0"", ""seed"": 42, ""shock_multiplier"": 1.0}"
b5210eaf49e61e28d4c2a61e,sample-v1,SKU-0005,SEA,2025-03-20,45.0,False,False,2025-07-21T00:00:00+00:00,valid,"{""expected_uncensored"": 42.4092, ""family"": ""trending"", ""generator"": ""synthetic-1.0"", ""seed"": 42, ""shock_multiplier"": 1.0}"
54c2e3124b50b588e5394c23,sample-v1,SKU-0005,SEA,2025-03-21,44.0,False,False,2025-07-21T00:00:00+00:00,valid,"{""expected_uncensored"": 38.3299, ""family"": ""trending"", ""generator"": ""synthetic-1.0"", ""seed"": 42, ""shock_multiplier"": 1.0}"
123f2c7d78cd18df7b73b54f,sample-v1,SKU-0005,SEA,2025-03-22,29.0,False,False,2025-07-21T00:00:00+00:00,valid,"{""expected_uncensored"": 35.8148, ""family"": ""trending"", ""generator"": ""synthetic-1.0"", ""seed"": 42, ""shock_multiplier"": 1.0}"
1ae079c1937cf4f41b3c6366,sample-v1,SKU-0005,SEA,2025-03-23,49.0,False,False,2025-07-21T00:00:00+00:00,valid,"{""expected_uncensored"": 36.8678, ""family"": ""trending"", ""generator"": ""synthetic-1.0"", ""seed"": 42, ""shock_multiplier"": 1.0}"
5b4a7f406d0514c5113781d2,sample-v1,SKU-0005,SEA,2025-03-24,37.0,False,False,2025-07-21T00:00:00+00:00,valid,"{""expected_uncensored"": 40.8096, ""family"": ""trending"", ""generator"": ""synthetic-1.0"", ""seed"": 42, ""shock_multiplier"": 1.0}"
0c1d2c51b5b48a2674290045,sample-v1,SKU-0005,SEA,2025-03-25,38.0,False,False,2025-07-21T00:00:00+00:00,valid,"{""expected_uncensored"": 44.7749, ""family"": ""trending"", ""generator"": ""synthetic-1.0"", ""seed"": 42, ""shock_multiplier"": 1.0}"
888a7922554c91cbebf34f8f,sample-v1,SKU-0005,SEA,2025-03-26,51.0,False,False,2025-07-21T00:00:00+00:00,valid,"{""expected_uncensored"": 45.8628, ""family"": ""trending"", ""generator"": ""synthetic-1.0"", ""seed"": 42, ""shock_multiplier"": 1.0}"
5ef6952e213ac47359756e8c,sample-v1,SKU-0005,SEA,2025-03-27,36.0,False,False,2025-07-21T00:00:00+00:00,valid,"{""expected_uncensored"": 43.3283, ""family"": ""trending"", ""generator"": ""synthetic-1.0"", ""seed"": 42, ""shock_multiplier"": 1.0}"
026ea20dedb2ef574140a19e,sample-v1,SKU-0005,SEA,2025-03-28,39.0,False,False,2025-07-21T00:00:00+00:00,valid,"{""expected_uncensored"": 39.158, ""family"": ""trending"", ""generator"": ""synthetic-1.0"", ""seed"": 42, ""shock_multiplier"": 1.0}"
1207d2737de1019970215ffe,sample-v1,SKU-0005,SEA,2025-03-29,37.0,False,False,2025-07-21T00:00:00+00:00,valid,"{""expected_uncensored"": 36.5862, ""family"": ""trending"", ""generator"": ""synthetic-1.0"", ""seed"": 42, ""shock_multiplier"": 1.0}"
57e23d8d327f0308036b493c,sample-v1,SKU-0005,SEA,2025-03-30,31.0,False,False,2025-07-21T00:00:00+00:00,valid,"{""expected_uncensored"": 37.6594, ""family"": ""trending"", ""generator"": ""synthetic-1.0"", ""seed"": 42, ""shock_multiplier"": 1.0}"
643b734e7624c1136b87ac7b,sample-v1,SKU-0005,SEA,2025-03-31,39.0,False,False,2025-07-21T00:00:00+00:00,valid,"{""expected_uncensored"": 41.6832, ""family"": ""trending"", ""generator"": ""synthetic-1.0"", ""seed"": 42, ""shock_multiplier"": 1.0}"
e0efdfc881fd3b67fc17c00a,sample-v1,SKU-0005,SEA,2025-04-01,52.0,False,False,2025-07-21T00:00:00+00:00,valid,"{""expected_uncensored"": 45.7304, ""family"": ""trending"", ""generator"": ""synthetic-1.0"", ""seed"": 42, ""shock_multiplier"": 1.0}"
e0e3a8b6a3db5b8f5de36f6d,sample-v1,SKU-0005,SEA,2025-04-02,44.0,False,False,2025-07-21T00:00:00+00:00,valid,"{""expected_uncensored"": 46.8386, ""family"": ""trending"", ""generator"": ""synthetic-1.0"", ""seed"": 42, ""shock_multiplier"": 1.0}"
b56871b1484f85b319aadc7f,sample-v1,SKU-0005,SEA,2025-04-03,44.0,False,False,2025-07-21T00:00:00+00:00,valid,"{""expected_uncensored"": 44.2474, ""family"": ""trending"", ""generator"": ""synthetic-1.0"", ""seed"": 42, ""shock_multiplier"": 1.0}"
82f1b77d3340885438c8bd27,sample-v1,SKU-0005,SEA,2025-04-04,36.0,False,False,2025-07-21T00:00:00+00:00,valid,"{""expected_uncensored"": 39.9861, ""family"": ""trending"", ""generator"": ""synthetic-1.0"", ""seed"": 42, ""shock_multiplier"": 1.0}"
a0b3141aaa928df559d15936,sample-v1,SKU-0005,SEA,2025-04-05,44.0,False,False,2025-07-21T00:00:00+00:00,valid,"{""expected_uncensored"": 37.3576, ""family"": ""trending"", ""generator"": ""synthetic-1.0"", ""seed"": 42, ""shock_multiplier"": 1.0}"
a364cdbe5239f06eb815c20c,sample-v1,SKU-0005,SEA,2025-04-06,59.0,False,False,2025-07-21T00:00:00+00:00,valid,"{""expected_uncensored"": 38.451, ""family"": ""trending"", ""generator"": ""synthetic-1.0"", ""seed"": 42, ""shock_multiplier"": 1.0}"
2750a80d525f0e7fc0148802,sample-v1,SKU-0005,SEA,2025-04-07,39.0,False,False,2025-07-21T00:00:00+00:00,valid,"{""expected_uncensored"": 42.5568, ""family"": ""trending"", ""generator"": ""synthetic-1.0"", ""seed"": 42, ""shock_multiplier"": 1.0}"
51cae20793e94683da68cbc8,sample-v1,SKU-0005,SEA,2025-04-08,44.0,False,False,2025-07-21T00:00:00+00:00,valid,"{""expected_uncensored"": 46.686, ""family"": ""trending"", ""generator"": ""synthetic-1.0"", ""seed"": 42, ""shock_multiplier"": 1.0}"
858a800b3560e537a0811dfa,sample-v1,SKU-0005,SEA,2025-04-09,45.0,False,False,2025-07-21T00:00:00+00:00,valid,"{""expected_uncensored"": 47.8144, ""family"": ""trending"", ""generator"": ""synthetic-1.0"", ""seed"": 42, ""shock_multiplier"": 1.0}"
98a0340401e6243691ec5572,sample-v1,SKU-0005,SEA,2025-04-10,50.0,False,False,2025-07-21T00:00:00+00:00,valid,"{""expected_uncensored"": 45.1665, ""family"": ""trending"", ""generator"": ""synthetic-1.0"", ""seed"": 42, ""shock_multiplier"": 1.0}"
1f501522975091e7c05e1d7e,sample-v1,SKU-0005,SEA,2025-04-11,51.0,False,False,2025-07-21T00:00:00+00:00,valid,"{""expected_uncensored"": 40.8142, ""family"": ""trending"", ""generator"": ""synthetic-1.0"", ""seed"": 42, ""shock_multiplier"": 1.0}"
fb52b5e502ef01f98dd01a95,sample-v1,SKU-0005,SEA,2025-04-12,43.0,False,False,2025-07-21T00:00:00+00:00,valid,"{""expected_uncensored"": 38.129, ""family"": ""trending"", ""generator"": ""synthetic-1.0"", ""seed"": 42, ""shock_multiplier"": 1.0}"
7ee18bbbdca6bfc872eb23c8,sample-v1,SKU-0005,SEA,2025-04-13,30.0,False,False,2025-07-21T00:00:00+00:00,valid,"{""expected_uncensored"": 39.2427, ""family"": ""trending"", ""generator"": ""synthetic-1.0"", ""seed"": 42, ""shock_multiplier"": 1.0}"
788bf708cab67b64c15e4f65,sample-v1,SKU-0005,SEA,2025-04-14,40.0,False,False,2025-07-21T00:00:00+00:00,valid,"{""expected_uncensored"": 43.4304, ""family"": ""trending"", ""generator"": ""synthetic-1.0"", ""seed"": 42, ""shock_multiplier"": 1.0}"
35c32041057a8734a61a5cca,sample-v1,SKU-0005,SEA,2025-04-15,43.0,False,False,2025-07-21T00:00:00+00:00,valid,"{""expected_uncensored"": 47.6415, ""family"": ""trending"", ""generator"": ""synthetic-1.0"", ""seed"": 42, ""shock_multiplier"": 1.0}"
718a1c3d62c10500682900f3,sample-v1,SKU-0005,SEA,2025-04-16,59.0,False,False,2025-07-21T00:00:00+00:00,valid,"{""expected_uncensored"": 48.7902, ""family"": ""trending"", ""generator"": ""synthetic-1.0"", ""seed"": 42, ""shock_multiplier"": 1.0}"
b594a040692dec192df1c36b,sample-v1,SKU-0005,SEA,2025-04-17,42.0,False,False,2025-07-21T00:00:00+00:00,valid,"{""expected_uncensored"": 46.0855, ""family"": ""trending"", ""generator"": ""synthetic-1.0"", ""seed"": 42, ""shock_multiplier"": 1.0}"
a9d99a39bc6161be8cf79d8f,sample-v1,SKU-0005,SEA,2025-04-18,38.0,False,False,2025-07-21T00:00:00+00:00,valid,"{""expected_uncensored"": 41.6424, ""family"": ""trending"", ""generator"": ""synthetic-1.0"", ""seed"": 42, ""shock_multiplier"": 1.0}"
2f4dca655eccc7a46614ec9a,sample-v1,SKU-0005,SEA,2025-04-19,50.0,False,False,2025-07-21T00:00:00+00:00,valid,"{""expected_uncensored"": 38.9004, ""family"": ""trending"", ""generator"": ""synthetic-1.0"", ""seed"": 42, ""shock_multiplier"": 1.0}"
cf835b97631d894dc9985e3f,sample-v1,SKU-0005,SEA,2025-04-20,43.0,False,False,2025-07-21T00:00:00+00:00,valid,"{""expected_uncensored"": 40.0343, ""family"": ""trending"", ""generator"": ""synthetic-1.0"", ""seed"": 42, ""shock_multiplier"": 1.0}"
b9f3764d3cdaff224c94f818,sample-v1,SKU-0005,SEA,2025-04-21,55.0,False,False,2025-07-21T00:00:00+00:00,valid,"{""expected_uncensored"": 44.304, ""family"": ""trending"", ""generator"": ""synthetic-1.0"", ""seed"": 42, ""shock_multiplier"": 1.0}"
b76a271a8e6e90bc6e9ffde9,sample-v1,SKU-0005,SEA,2025-04-22,40.0,False,False,2025-07-21T00:00:00+00:00,valid,"{""expected_uncensored"": 48.5971, ""family"": ""trending"", ""generator"": ""synthetic-1.0"", ""seed"": 42, ""shock_multiplier"": 1.0}"
d64eb591aba98eaa5b119965,sample-v1,SKU-0005,SEA,2025-04-23,55.0,False,False,2025-07-21T00:00:00+00:00,valid,"{""expected_uncensored"": 49.766, ""family"": ""trending"", ""generator"": ""synthetic-1.0"", ""seed"": 42, ""shock_multiplier"": 1.0}"
21c08bb65608230603819fd7,sample-v1,SKU-0005,SEA,2025-04-24,44.0,False,False,2025-07-21T00:00:00+00:00,valid,"{""expected_uncensored"": 47.0046, ""family"": ""trending"", ""generator"": ""synthetic-1.0"", ""seed"": 42, ""shock_multiplier"": 1.0}"
37e82992a634d4b3b19bc797,sample-v1,SKU-0005,SEA,2025-04-25,40.0,False,False,2025-07-21T00:00:00+00:00,valid,"{""expected_uncensored"": 42.4705, ""family"": ""trending"", ""generator"": ""synthetic-1.0"", ""seed"": 42, ""shock_multiplier"": 1.0}"
dd3075c211c651948f6d00d3,sample-v1,SKU-0005,SEA,2025-04-26,47.0,False,False,2025-07-21T00:00:00+00:00,valid,"{""expected_uncensored"": 39.6718, ""family"": ""trending"", ""generator"": ""synthetic-1.0"", ""seed"": 42, ""shock_multiplier"": 1.0}"
2ebf07a7d6d34e7a054e90e7,sample-v1,SKU-0005,SEA,2025-04-27,40.0,False,False,2025-07-21T00:00:00+00:00,valid,"{""expected_uncensored"": 40.826, ""family"": ""trending"", ""generator"": ""synthetic-1.0"", ""seed"": 42, ""shock_multiplier"": 1.0}"
fc84c6ec293e62183ba41f94,sample-v1,SKU-0005,SEA,2025-04-28,59.0,False,False,2025-07-21T00:00:00+00:00,valid,"{""expected_uncensored"": 45.1776, ""family"": ""trending"", ""generator"": ""synthetic-1.0"", ""seed"": 42, ""shock_multiplier"": 1.0}"
c5a1275662cc0576e6194452,sample-v1,SKU-0005,SEA,2025-04-29,41.0,False,False,2025-07-21T00:00:00+00:00,valid,"{""expected_uncensored"": 49.5527, ""family"": ""trending"", ""generator"": ""synthetic-1.0"", ""seed"": 42, ""shock_multiplier"": 1.0}"
14b0c9656b8aafd4d0a8e1f8,sample-v1,SKU-0005,SEA,2025-04-30,53.0,False,False,2025-07-21T00:00:00+00:00,valid,"{""expected_uncensored"": 50.7418, ""family"": ""trending"", ""generator"": ""synthetic-1.0"", ""seed"": 42, ""shock_multiplier"": 1.0}"
4ed5b72db06497e2a6491807,sample-v1,SKU-0005,SEA,2025-05-01,56.0,False,False,2025-07-21T00:00:00+00:00,valid,"{""expected_uncensored"": 47.9237, ""family"": ""trending"", ""generator"": ""synthetic-1.0"", ""seed"": 42, ""shock_multiplier"": 1.0}"
15c95b58791d1b49fb769f08,sample-v1,SKU-0005,SEA,2025-05-02,40.0,False,False,2025-07-21T00:00:00+00:00,valid,"{""expected_uncensored"": 43.2986, ""family"": ""trending"", ""generator"": ""synthetic-1.0"", ""seed"": 42, ""shock_multiplier"": 1.0}"
b5872533c53799608cece0e1,sample-v1,SKU-0005,SEA,2025-05-03,44.0,False,False,2025-07-21T00:00:00+00:00,valid,"{""expected_uncensored"": 40.4432, ""family"": ""trending"", ""generator"": ""synthetic-1.0"", ""seed"": 42, ""shock_multiplier"": 1.0}"
673eb7303611fb490dfcd334,sample-v1,SKU-0005,SEA,2025-05-04,31.0,False,False,2025-07-21T00:00:00+00:00,valid,"{""expected_uncensored"": 41.6176, ""family"": ""trending"", ""generator"": ""synthetic-1.0"", ""seed"": 42, ""shock_multiplier"": 1.0}"
7a2cb77395b6dbb2f50a7aea,sample-v1,SKU-0005,SEA,2025-05-05,52.0,False,False,2025-07-21T00:00:00+00:00,valid,"{""expected_uncensored"": 46.0512, ""family"": ""trending"", ""generator"": ""synthetic-1.0"", ""seed"": 42, ""shock_multiplier"": 1.0}"
b110c52fe248468348dcb750,sample-v1,SKU-0005,SEA,2025-05-06,48.0,False,False,2025-07-21T00:00:00+00:00,valid,"{""expected_uncensored"": 50.5082, ""family"": ""trending"", ""generator"": ""synthetic-1.0"", ""seed"": 42, ""shock_multiplier"": 1.0}"
6d4939ace4e0d866025cc1a9,sample-v1,SKU-0005,SEA,2025-05-07,76.0,True,False,2025-07-21T00:00:00+00:00,valid,"{""expected_uncensored"": 85.334, ""family"": ""trending"", ""generator"": ""synthetic-1.0"", ""seed"": 42, ""shock_multiplier"": 1.0}"
e233199d709680abae4dd15b,sample-v1,SKU-0005,SEA,2025-05-08,81.0,True,False,2025-07-21T00:00:00+00:00,valid,"{""expected_uncensored"": 80.5906, ""family"": ""trending"", ""generator"": ""synthetic-1.0"", ""seed"": 42, ""shock_multiplier"": 1.0}"
e037c4d9faed37914c0a4231,sample-v1,SKU-0005,SEA,2025-05-09,69.0,True,False,2025-07-21T00:00:00+00:00,valid,"{""expected_uncensored"": 72.8091, ""family"": ""trending"", ""generator"": ""synthetic-1.0"", ""seed"": 42, ""shock_multiplier"": 1.0}"
ea3d333e5e9c87786ae769f6,sample-v1,SKU-0005,SEA,2025-05-10,81.0,True,False,2025-07-21T00:00:00+00:00,valid,"{""expected_uncensored"": 68.0041, ""family"": ""trending"", ""generator"": ""synthetic-1.0"", ""seed"": 42, ""shock_multiplier"": 1.0}"
18c4dfdc6b27d1df3e630fc8,sample-v1,SKU-0005,SEA,2025-05-11,70.0,True,False,2025-07-21T00:00:00+00:00,valid,"{""expected_uncensored"": 69.9752, ""family"": ""trending"", ""generator"": ""synthetic-1.0"", ""seed"": 42, ""shock_multiplier"": 1.0}"
92948943240a3ea589a74220,sample-v1,SKU-0005,SEA,2025-05-12,76.0,True,False,2025-07-21T00:00:00+00:00,valid,"{""expected_uncensored"": 77.4259, ""family"": ""trending"", ""generator"": ""synthetic-1.0"", ""seed"": 42, ""shock_multiplier"": 1.0}"
11503898440482d523e645f9,sample-v1,SKU-0005,SEA,2025-05-13,93.0,True,False,2025-07-21T00:00:00+00:00,valid,"{""expected_uncensored"": 84.9152, ""family"": ""trending"", ""generator"": ""synthetic-1.0"", ""seed"": 42, ""shock_multiplier"": 1.0}"
c46a3b76f3546659cd70d084,sample-v1,SKU-0005,SEA,2025-05-14,47.0,False,False,2025-07-21T00:00:00+00:00,valid,"{""expected_uncensored"": 52.6934, ""family"": ""trending"", ""generator"": ""synthetic-1.0"", ""seed"": 42, ""shock_multiplier"": 1.0}"
8e5bd3b0dce4fa6d92169b3b,sample-v1,SKU-0005,SEA,2025-05-15,49.0,False,False,2025-07-21T00:00:00+00:00,valid,"{""expected_uncensored"": 49.7619, ""family"": ""trending"", ""generator"": ""synthetic-1.0"", ""seed"": 42, ""shock_multiplier"": 1.0}"
4fecde04768d57ab4e4065b3,sample-v1,SKU-0005,SEA,2025-05-16,39.0,False,False,2025-07-21T00:00:00+00:00,valid,"{""expected_uncensored"": 44.9548, ""family"": ""trending"", ""generator"": ""synthetic-1.0"", ""seed"": 42, ""shock_multiplier"": 1.0}"
7e6b716855eb6b8118f92dc6,sample-v1,SKU-0005,SEA,2025-05-17,32.0,False,False,2025-07-21T00:00:00+00:00,valid,"{""expected_uncensored"": 41.986, ""family"": ""trending"", ""generator"": ""synthetic-1.0"", ""seed"": 42, ""shock_multiplier"": 1.0}"
ab4e3aa490e15f11ddf8419e,sample-v1,SKU-0005,SEA,2025-05-18,42.0,False,False,2025-07-21T00:00:00+00:00,valid,"{""expected_uncensored"": 43.2009, ""family"": ""trending"", ""generator"": ""synthetic-1.0"", ""seed"": 42, ""shock_multiplier"": 1.0}"
fc850699343c6fe8cc4382f6,sample-v1,SKU-0005,SEA,2025-05-19,53.0,False,False,2025-07-21T00:00:00+00:00,valid,"{""expected_uncensored"": 47.7984, ""family"": ""trending"", ""generator"": ""synthetic-1.0"", ""seed"": 42, ""shock_multiplier"": 1.0}"
22f94188c23fd66babf2dde6,sample-v1,SKU-0005,SEA,2025-05-20,51.0,False,False,2025-07-21T00:00:00+00:00,valid,"{""expected_uncensored"": 52.4193, ""family"": ""trending"", ""generator"": ""synthetic-1.0"", ""seed"": 42, ""shock_multiplier"": 1.0}"
4a7bfa413d7990a0cc9630e9,sample-v1,SKU-0005,SEA,2025-05-21,71.0,False,False,2025-07-21T00:00:00+00:00,valid,"{""expected_uncensored"": 53.6692, ""family"": ""trending"", ""generator"": ""synthetic-1.0"", ""seed"": 42, ""shock_multiplier"": 1.0}"
c0f9e86411f62d062e78bda8,sample-v1,SKU-0005,SEA,2025-05-22,47.0,False,False,2025-07-21T00:00:00+00:00,valid,"{""expected_uncensored"": 50.681, ""family"": ""trending"", ""generator"": ""synthetic-1.0"", ""seed"": 42, ""shock_multiplier"": 1.0}"
e220636e5e4c0b52f0e9e882,sample-v1,SKU-0005,SEA,2025-05-23,46.0,False,False,2025-07-21T00:00:00+00:00,valid,"{""expected_uncensored"": 45.7829, ""family"": ""trending"", ""generator"": ""synthetic-1.0"", ""seed"": 42, ""shock_multiplier"": 1.0}"
b677f0a3e4359c6d938ea50b,sample-v1,SKU-0005,SEA,2025-05-24,35.0,False,False,2025-07-21T00:00:00+00:00,valid,"{""expected_uncensored"": 42.7574, ""family"": ""trending"", ""generator"": ""synthetic-1.0"", ""seed"": 42, ""shock_multiplier"": 1.0}"
07b3ed613a333180c5247cba,sample-v1,SKU-0005,SEA,2025-05-25,55.0,False,False,2025-07-21T00:00:00+00:00,valid,"{""expected_uncensored"": 43.9925, ""family"": ""trending"", ""generator"": ""synthetic-1.0"", ""seed"": 42, ""shock_multiplier"": 1.0}"
ee84ce7326ede48aecaacaa0,sample-v1,SKU-0005,SEA,2025-05-26,65.0,False,False,2025-07-21T00:00:00+00:00,valid,"{""expected_uncensored"": 48.672, ""family"": ""trending"", ""generator"": ""synthetic-1.0"", ""seed"": 42, ""shock_multiplier"": 1.0}"
a8f0009baf69bc085eb5c132,sample-v1,SKU-0005,SEA,2025-05-27,56.0,False,False,2025-07-21T00:00:00+00:00,valid,"{""expected_uncensored"": 53.3749, ""family"": ""trending"", ""generator"": ""synthetic-1.0"", ""seed"": 42, ""shock_multiplier"": 1.0}"
da63b8a0a354622af857d61d,sample-v1,SKU-0005,SEA,2025-05-28,62.0,False,False,2025-07-21T00:00:00+00:00,valid,"{""expected_uncensored"": 54.645, ""family"": ""trending"", ""generator"": ""synthetic-1.0"", ""seed"": 42, ""shock_multiplier"": 1.0}"
c57e8e3e08a7be0801843619,sample-v1,SKU-0005,SEA,2025-05-29,41.0,False,False,2025-07-21T00:00:00+00:00,valid,"{""expected_uncensored"": 51.6001, ""family"": ""trending"", ""generator"": ""synthetic-1.0"", ""seed"": 42, ""shock_multiplier"": 1.0}"
30d2700ee571ac09b194619e,sample-v1,SKU-0005,SEA,2025-05-30,51.0,False,False,2025-07-21T00:00:00+00:00,valid,"{""expected_uncensored"": 46.611, ""family"": ""trending"", ""generator"": ""synthetic-1.0"", ""seed"": 42, ""shock_multiplier"": 1.0}"
40c0e80a9864d53c37c29605,sample-v1,SKU-0005,SEA,2025-05-31,45.0,False,False,2025-07-21T00:00:00+00:00,valid,"{""expected_uncensored"": 43.5288, ""family"": ""trending"", ""generator"": ""synthetic-1.0"", ""seed"": 42, ""shock_multiplier"": 1.0}"
784be1452cf9c9d434ec7c81,sample-v1,SKU-0005,SEA,2025-06-01,54.0,False,False,2025-07-21T00:00:00+00:00,valid,"{""expected_uncensored"": 44.7842, ""family"": ""trending"", ""generator"": ""synthetic-1.0"", ""seed"": 42, ""shock_multiplier"": 1.0}"
14c973ed60ab4dbaf010d32e,sample-v1,SKU-0005,SEA,2025-06-02,47.0,False,False,2025-07-21T00:00:00+00:00,valid,"{""expected_uncensored"": 49.5456, ""family"": ""trending"", ""generator"": ""synthetic-1.0"", ""seed"": 42, ""shock_multiplier"": 1.0}"
9451a2adb1e06bf0f6b285af,sample-v1,SKU-0005,SEA,2025-06-03,45.0,False,False,2025-07-21T00:00:00+00:00,valid,"{""expected_uncensored"": 54.3305, ""family"": ""trending"", ""generator"": ""synthetic-1.0"", ""seed"": 42, ""shock_multiplier"": 1.0}"
a271eb8f2b3827a9566b9ddd,sample-v1,SKU-0005,SEA,2025-06-04,56.0,False,False,2025-07-21T00:00:00+00:00,valid,"{""expected_uncensored"": 55.6208, ""family"": ""trending"", ""generator"": ""synthetic-1.0"", ""seed"": 42, ""shock_multiplier"": 1.0}"
15b936cd653d3ea811c1d6a6,sample-v1,SKU-0005,SEA,2025-06-05,53.0,False,False,2025-07-21T00:00:00+00:00,valid,"{""expected_uncensored"": 52.5191, ""family"": ""trending"", ""generator"": ""synthetic-1.0"", ""seed"": 42, ""shock_multiplier"": 1.0}"
369800a7e1b0de5e8bcdf4be,sample-v1,SKU-0005,SEA,2025-06-06,48.0,False,False,2025-07-21T00:00:00+00:00,valid,"{""expected_uncensored"": 47.4392, ""family"": ""trending"", ""generator"": ""synthetic-1.0"", ""seed"": 42, ""shock_multiplier"": 1.0}"
68737ce4b9e6ae0ff38c029e,sample-v1,SKU-0005,SEA,2025-06-07,46.0,False,False,2025-07-21T00:00:00+00:00,valid,"{""expected_uncensored"": 44.3002, ""family"": ""trending"", ""generator"": ""synthetic-1.0"", ""seed"": 42, ""shock_multiplier"": 1.0}"
d8647a1dff75d74978ab4033,sample-v1,SKU-0005,SEA,2025-06-08,38.0,False,False,2025-07-21T00:00:00+00:00,valid,"{""expected_uncensored"": 45.5758, ""family"": ""trending"", ""generator"": ""synthetic-1.0"", ""seed"": 42, ""shock_multiplier"": 1.0}"
6f6aa6443d808c7fcad04994,sample-v1,SKU-0005,SEA,2025-06-09,47.0,False,False,2025-07-21T00:00:00+00:00,valid,"{""expected_uncensored"": 50.4192, ""family"": ""trending"", ""generator"": ""synthetic-1.0"", ""seed"": 42, ""shock_multiplier"": 1.0}"
31866d236d826f24d667ca40,sample-v1,SKU-0005,SEA,2025-06-10,51.0,False,False,2025-07-21T00:00:00+00:00,valid,"{""expected_uncensored"": 55.286, ""family"": ""trending"", ""generator"": ""synthetic-1.0"", ""seed"": 42, ""shock_multiplier"": 1.0}"
5ead797b01df7e994787d8a6,sample-v1,SKU-0005,SEA,2025-06-11,57.0,False,False,2025-07-21T00:00:00+00:00,valid,"{""expected_uncensored"": 56.5966, ""family"": ""trending"", ""generator"": ""synthetic-1.0"", ""seed"": 42, ""shock_multiplier"": 1.0}"
22cb69fa090f0f3235432dd9,sample-v1,SKU-0005,SEA,2025-06-12,56.0,False,False,2025-07-21T00:00:00+00:00,valid,"{""expected_uncensored"": 53.4382, ""family"": ""trending"", ""generator"": ""synthetic-1.0"", ""seed"": 42, ""shock_multiplier"": 1.0}"
dc6492a8a17d5b845b34d36d,sample-v1,SKU-0005,SEA,2025-06-13,43.0,False,False,2025-07-21T00:00:00+00:00,valid,"{""expected_uncensored"": 48.2673, ""family"": ""trending"", ""generator"": ""synthetic-1.0"", ""seed"": 42, ""shock_multiplier"": 1.0}"
dd370f2a03f05f5dd17ff9fe,sample-v1,SKU-0005,SEA,2025-06-14,40.0,False,False,2025-07-21T00:00:00+00:00,valid,"{""expected_uncensored"": 45.0716, ""family"": ""trending"", ""generator"": ""synthetic-1.0"", ""seed"": 42, ""shock_multiplier"": 1.0}"
b0dcb96475daa5b250049ff7,sample-v1,SKU-0005,SEA,2025-06-15,52.0,False,False,2025-07-21T00:00:00+00:00,valid,"{""expected_uncensored"": 46.3674, ""family"": ""trending"", ""generator"": ""synthetic-1.0"", ""seed"": 42, ""shock_multiplier"": 1.0}"
7f379bdec75719b027814151,sample-v1,SKU-0005,SEA,2025-06-16,63.0,False,False,2025-07-21T00:00:00+00:00,valid,"{""expected_uncensored"": 51.2928, ""family"": ""trending"", ""generator"": ""synthetic-1.0"", ""seed"": 42, ""shock_multiplier"": 1.0}"
9c4a4a54674e7b281a83bdea,sample-v1,SKU-0005,SEA,2025-06-17,47.0,False,False,2025-07-21T00:00:00+00:00,valid,"{""expected_uncensored"": 56.2416, ""family"": ""trending"", ""generator"": ""synthetic-1.0"", ""seed"": 42, ""shock_multiplier"": 1.0}"
e895de3cf8f71b0885b53cc1,sample-v1,SKU-0005,SEA,2025-06-18,60.0,False,False,2025-07-21T00:00:00+00:00,valid,"{""expected_uncensored"": 57.5724, ""family"": ""trending"", ""generator"": ""synthetic-1.0"", ""seed"": 42, ""shock_multiplier"": 1.0}"
4358619dd39b9b06c6905921,sample-v1,SKU-0005,SEA,2025-06-19,54.0,False,False,2025-07-21T00:00:00+00:00,valid,"{""expected_uncensored"": 54.3573, ""family"": ""trending"", ""generator"": ""synthetic-1.0"", ""seed"": 42, ""shock_multiplier"": 1.0}"
2ef579e59b0382162ab97f11,sample-v1,SKU-0005,SEA,2025-06-20,44.0,False,False,2025-07-21T00:00:00+00:00,valid,"{""expected_uncensored"": 49.0954, ""family"": ""trending"", ""generator"": ""synthetic-1.0"", ""seed"": 42, ""shock_multiplier"": 1.0}"
80a6e7a90e47ca2c471905d4,sample-v1,SKU-0005,SEA,2025-06-21,52.0,False,False,2025-07-21T00:00:00+00:00,valid,"{""expected_uncensored"": 45.843, ""family"": ""trending"", ""generator"": ""synthetic-1.0"", ""seed"": 42, ""shock_multiplier"": 1.0}"
f185c3600dea9cb189ecf53c,sample-v1,SKU-0005,SEA,2025-06-22,52.0,False,False,2025-07-21T00:00:00+00:00,valid,"{""expected_uncensored"": 47.1591, ""family"": ""trending"", ""generator"": ""synthetic-1.0"", ""seed"": 42, ""shock_multiplier"": 1.0}"
361d3e96b65a0ca7c225d043,sample-v1,SKU-0005,SEA,2025-06-23,54.0,False,False,2025-07-21T00:00:00+00:00,valid,"{""expected_uncensored"": 52.1664, ""family"": ""trending"", ""generator"": ""synthetic-1.0"", ""seed"": 42, ""shock_multiplier"": 1.0}"
37198f23f6ac2cf6dc83af28,sample-v1,SKU-0005,SEA,2025-06-24,56.0,False,False,2025-07-21T00:00:00+00:00,valid,"{""expected_uncensored"": 57.1971, ""family"": ""trending"", ""generator"": ""synthetic-1.0"", ""seed"": 42, ""shock_multiplier"": 1.0}"
086b7e7f285ca9737c545028,sample-v1,SKU-0005,SEA,2025-06-25,66.0,False,False,2025-07-21T00:00:00+00:00,valid,"{""expected_uncensored"": 58.5482, ""family"": ""trending"", ""generator"": ""synthetic-1.0"", ""seed"": 42, ""shock_multiplier"": 1.0}"
e1e38ac3f113ee25727dd140,sample-v1,SKU-0005,SEA,2025-06-26,52.0,False,False,2025-07-21T00:00:00+00:00,valid,"{""expected_uncensored"": 55.2764, ""family"": ""trending"", ""generator"": ""synthetic-1.0"", ""seed"": 42, ""shock_multiplier"": 1.0}"
997bd1d2f91d97363a169cfe,sample-v1,SKU-0005,SEA,2025-06-27,40.0,False,False,2025-07-21T00:00:00+00:00,valid,"{""expected_uncensored"": 49.9235, ""family"": ""trending"", ""generator"": ""synthetic-1.0"", ""seed"": 42, ""shock_multiplier"": 1.0}"
29d314ecd91500160d76edea,sample-v1,SKU-0005,SEA,2025-06-28,55.0,False,False,2025-07-21T00:00:00+00:00,valid,"{""expected_uncensored"": 46.6144, ""family"": ""trending"", ""generator"": ""synthetic-1.0"", ""seed"": 42, ""shock_multiplier"": 1.0}"
4db7050eae80d2011ffdad3f,sample-v1,SKU-0005,SEA,2025-06-29,61.0,False,False,2025-07-21T00:00:00+00:00,valid,"{""expected_uncensored"": 47.9507, ""family"": ""trending"", ""generator"": ""synthetic-1.0"", ""seed"": 42, ""shock_multiplier"": 1.0}"
5a17bd24e662362e592a2581,sample-v1,SKU-0005,SEA,2025-06-30,64.0,False,False,2025-07-21T00:00:00+00:00,valid,"{""expected_uncensored"": 53.04, ""family"": ""trending"", ""generator"": ""synthetic-1.0"", ""seed"": 42, ""shock_multiplier"": 1.0}"
704ca027935d962a62e11ce1,sample-v1,SKU-0005,SEA,2025-07-01,60.0,False,False,2025-07-21T00:00:00+00:00,valid,"{""expected_uncensored"": 58.1527, ""family"": ""trending"", ""generator"": ""synthetic-1.0"", ""seed"": 42, ""shock_multiplier"": 1.0}"
09130b71f1cbc55e6abe77a0,sample-v1,SKU-0005,SEA,2025-07-02,58.0,False,False,2025-07-21T00:00:00+00:00,valid,"{""expected_uncensored"": 59.524, ""family"": ""trending"", ""generator"": ""synthetic-1.0"", ""seed"": 42, ""shock_multiplier"": 1.0}"
68afcf15580d419c21c6102d,sample-v1,SKU-0005,SEA,2025-07-03,51.0,False,False,2025-07-21T00:00:00+00:00,valid,"{""expected_uncensored"": 56.1955, ""family"": ""trending"", ""generator"": ""synthetic-1.0"", ""seed"": 42, ""shock_multiplier"": 1.0}"
c91168d596d7d69711246ef3,sample-v1,SKU-0005,SEA,2025-07-04,48.0,False,False,2025-07-21T00:00:00+00:00,valid,"{""expected_uncensored"": 50.7516, ""family"": ""trending"", ""generator"": ""synthetic-1.0"", ""seed"": 42, ""shock_multiplier"": 1.0}"
126eb417a2ba28297b7c73cd,sample-v1,SKU-0005,SEA,2025-07-05,50.0,False,False,2025-07-21T00:00:00+00:00,valid,"{""expected_uncensored"": 47.3858, ""family"": ""trending"", ""generator"": ""synthetic-1.0"", ""seed"": 42, ""shock_multiplier"": 1.0}"
a130bf8025699bebfcd5912b,sample-v1,SKU-0005,SEA,2025-07-06,42.0,False,False,2025-07-21T00:00:00+00:00,valid,"{""expected_uncensored"": 48.7423, ""family"": ""trending"", ""generator"": ""synthetic-1.0"", ""seed"": 42, ""shock_multiplier"": 1.0}"
af408ecb29ecbb5034666f38,sample-v1,SKU-0005,SEA,2025-07-07,56.0,False,False,2025-07-21T00:00:00+00:00,valid,"{""expected_uncensored"": 53.9136, ""family"": ""trending"", ""generator"": ""synthetic-1.0"", ""seed"": 42, ""shock_multiplier"": 1.0}"
c8635edf86d32545bc6699aa,sample-v1,SKU-0005,SEA,2025-07-08,69.0,False,False,2025-07-21T00:00:00+00:00,valid,"{""expected_uncensored"": 59.1083, ""family"": ""trending"", ""generator"": ""synthetic-1.0"", ""seed"": 42, ""shock_multiplier"": 1.0}"
fbea3f9c15ea48fe1cf2f1e9,sample-v1,SKU-0005,SEA,2025-07-09,92.0,True,False,2025-07-21T00:00:00+00:00,valid,"{""expected_uncensored"": 99.8247, ""family"": ""trending"", ""generator"": ""synthetic-1.0"", ""seed"": 42, ""shock_multiplier"": 1.0}"
bf846d7f7987b2a1085daf68,sample-v1,SKU-0005,SEA,2025-07-10,92.0,True,False,2025-07-21T00:00:00+00:00,valid,"{""expected_uncensored"": 94.239, ""family"": ""trending"", ""generator"": ""synthetic-1.0"", ""seed"": 42, ""shock_multiplier"": 1.0}"
19f8e1c7f0771c23bf3f8285,sample-v1,SKU-0005,SEA,2025-07-11,85.0,True,False,2025-07-21T00:00:00+00:00,valid,"{""expected_uncensored"": 85.1066, ""family"": ""trending"", ""generator"": ""synthetic-1.0"", ""seed"": 42, ""shock_multiplier"": 1.0}"
a700a8c8cff55f35d0de66da,sample-v1,SKU-0005,SEA,2025-07-12,69.0,True,False,2025-07-21T00:00:00+00:00,valid,"{""expected_uncensored"": 79.4593, ""family"": ""trending"", ""generator"": ""synthetic-1.0"", ""seed"": 42, ""shock_multiplier"": 1.0}"
f952e59d3d41b8b6df08c027,sample-v1,SKU-0005,SEA,2025-07-13,88.0,True,False,2025-07-21T00:00:00+00:00,valid,"{""expected_uncensored"": 81.7311, ""family"": ""trending"", ""generator"": ""synthetic-1.0"", ""seed"": 42, ""shock_multiplier"": 1.0}"
a0e3f4877d7f29ef9095d739,sample-v1,SKU-0005,SEA,2025-07-14,68.0,True,False,2025-07-21T00:00:00+00:00,valid,"{""expected_uncensored"": 90.3989, ""family"": ""trending"", ""generator"": ""synthetic-1.0"", ""seed"": 42, ""shock_multiplier"": 1.0}"
b91a582bc4bc96d9309c80ac,sample-v1,SKU-0005,SEA,2025-07-15,97.0,True,False,2025-07-21T00:00:00+00:00,valid,"{""expected_uncensored"": 99.1053, ""family"": ""trending"", ""generator"": ""synthetic-1.0"", ""seed"": 42, ""shock_multiplier"": 1.0}"
f0b446ad72eb13eb414ee948,sample-v1,SKU-0005,SEA,2025-07-16,64.0,False,False,2025-07-21T00:00:00+00:00,valid,"{""expected_uncensored"": 61.4756, ""family"": ""trending"", ""generator"": ""synthetic-1.0"", ""seed"": 42, ""shock_multiplier"": 1.0}"
ef5dc1f768f49a25b3dc181f,sample-v1,SKU-0005,SEA,2025-07-17,64.0,False,False,2025-07-21T00:00:00+00:00,valid,"{""expected_uncensored"": 58.0336, ""family"": ""trending"", ""generator"": ""synthetic-1.0"", ""seed"": 42, ""shock_multiplier"": 1.0}"
1f63eb02341e33ba6e99b41a,sample-v1,SKU-0005,SEA,2025-07-18,43.0,False,False,2025-07-21T00:00:00+00:00,valid,"{""expected_uncensored"": 52.4079, ""family"": ""trending"", ""generator"": ""synthetic-1.0"", ""seed"": 42, ""shock_multiplier"": 1.0}"
2605be60ee56c9add7458aa6,sample-v1,SKU-0005,SEA,2025-07-19,56.0,False,False,2025-07-21T00:00:00+00:00,valid,"{""expected_uncensored"": 48.9286, ""family"": ""trending"", ""generator"": ""synthetic-1.0"", ""seed"": 42, ""shock_multiplier"": 1.0}"
b63f171b61534200b6143101,sample-v1,SKU-0005,SEA,2025-07-20,54.0,False,False,2025-07-21T00:00:00+00:00,valid,"{""expected_uncensored"": 50.3256, ""family"": ""trending"", ""generator"": ""synthetic-1.0"", ""seed"": 42, ""shock_multiplier"": 1.0}"
